[0.000000] (-) TimerEvent: {}
[0.000397] (controller) JobQueued: {'identifier': 'controller', 'dependencies': OrderedDict()}
[0.000419] (custom_msgs) JobQueued: {'identifier': 'custom_msgs', 'dependencies': OrderedDict()}
[0.000433] (livox_ros_driver2) JobQueued: {'identifier': 'livox_ros_driver2', 'dependencies': OrderedDict()}
[0.000445] (algo_master) JobQueued: {'identifier': 'algo_master', 'dependencies': OrderedDict([('custom_msgs', '/home/zxcx/new_naw/install/custom_msgs')])}
[0.000462] (esdf) JobQueued: {'identifier': 'esdf', 'dependencies': OrderedDict([('custom_msgs', '/home/zxcx/new_naw/install/custom_msgs')])}
[0.000477] (planner) JobQueued: {'identifier': 'planner', 'dependencies': OrderedDict([('custom_msgs', '/home/zxcx/new_naw/install/custom_msgs')])}
[0.000492] (point_lio) JobQueued: {'identifier': 'point_lio', 'dependencies': OrderedDict([('livox_ros_driver2', '/home/zxcx/new_naw/install/livox_ros_driver2')])}
[0.000505] (relocation) JobQueued: {'identifier': 'relocation', 'dependencies': OrderedDict([('custom_msgs', '/home/zxcx/new_naw/install/custom_msgs')])}
[0.000519] (custom_msgs) JobStarted: {'identifier': 'custom_msgs'}
[0.003503] (livox_ros_driver2) JobStarted: {'identifier': 'livox_ros_driver2'}
[0.005469] (controller) JobStarted: {'identifier': 'controller'}
[0.007547] (custom_msgs) JobProgress: {'identifier': 'custom_msgs', 'progress': 'cmake'}
[0.007903] (custom_msgs) Command: {'cmd': ['/usr/bin/cmake', '/home/zxcx/new_naw/custom_msgs', '-DCMAKE_BUILD_TYPE=Release', '-DCMAKE_INSTALL_PREFIX=/home/zxcx/new_naw/install/custom_msgs'], 'cwd': '/home/zxcx/new_naw/build/custom_msgs', 'env': OrderedDict([('LESSOPEN', '| /usr/bin/lesspipe %s'), ('LANGUAGE', 'zh_CN:zh:en_US:en'), ('USER', 'zxcx'), ('LC_TIME', 'zh_CN.UTF-8'), ('XDG_SESSION_TYPE', 'x11'), ('SHLVL', '1'), ('LD_LIBRARY_PATH', '/home/zxcx/new_naw/install/livox_ros_driver2/lib:/home/zxcx/new_naw/install/custom_msgs/lib:/usr/lib/x86_64-linux-gnu/gazebo-11/plugins:/opt/ros/humble/opt/rviz_ogre_vendor/lib:/opt/ros/humble/lib/x86_64-linux-gnu:/opt/ros/humble/lib'), ('HOME', '/home/zxcx'), ('OLDPWD', '/home/zxcx'), ('DESKTOP_SESSION', 'ubuntu'), ('ROS_PYTHON_VERSION', '3'), ('GNOME_SHELL_SESSION_MODE', 'ubuntu'), ('GTK_MODULES', 'gail:atk-bridge'), ('LC_MONETARY', 'zh_CN.UTF-8'), ('SYSTEMD_EXEC_PID', '2718'), ('DBUS_SESSION_BUS_ADDRESS', 'unix:path=/run/user/1000/bus'), ('COLORTERM', 'truecolor'), ('IM_CONFIG_PHASE', '1'), ('COLCON_PREFIX_PATH', '/home/zxcx/new_naw/install'), ('ROS_DISTRO', 'humble'), ('GTK_IM_MODULE', 'fcitx'), ('LOGNAME', 'zxcx'), ('_', '/usr/bin/colcon'), ('ROS_VERSION', '2'), ('XDG_SESSION_CLASS', 'user'), ('USERNAME', 'zxcx'), ('TERM', 'xterm-256color'), ('GNOME_DESKTOP_SESSION_ID', 'this-is-deprecated'), ('ROS_LOCALHOST_ONLY', '0'), ('WINDOWPATH', '2'), ('PATH', '/opt/ros/humble/bin:/usr/local/sbin:/usr/local/bin:/usr/sbin:/usr/bin:/sbin:/bin:/usr/games:/usr/local/games:/snap/bin:/snap/bin'), ('SESSION_MANAGER', 'local/zxcx0219:@/tmp/.ICE-unix/2481,unix/zxcx0219:/tmp/.ICE-unix/2481'), ('XDG_MENU_PREFIX', 'gnome-'), ('LC_ADDRESS', 'zh_CN.UTF-8'), ('GNOME_TERMINAL_SCREEN', '/org/gnome/Terminal/screen/bf679257_c193_4163_8cbb_24a3c4f52a94'), ('XDG_RUNTIME_DIR', '/run/user/1000'), ('DISPLAY', ':1'), ('LANG', 'zh_CN.UTF-8'), ('XDG_CURRENT_DESKTOP', 'ubuntu:GNOME'), ('LC_TELEPHONE', 'zh_CN.UTF-8'), ('XMODIFIERS', '@im=fcitx'), ('XDG_SESSION_DESKTOP', 'ubuntu'), ('XAUTHORITY', '/run/user/1000/gdm/Xauthority'), ('LS_COLORS', 'rs=0:di=01;34:ln=01;36:mh=00:pi=40;33:so=01;35:do=01;35:bd=40;33;01:cd=40;33;01:or=40;31;01:mi=00:su=37;41:sg=30;43:ca=30;41:tw=30;42:ow=34;42:st=37;44:ex=01;32:*.tar=01;31:*.tgz=01;31:*.arc=01;31:*.arj=01;31:*.taz=01;31:*.lha=01;31:*.lz4=01;31:*.lzh=01;31:*.lzma=01;31:*.tlz=01;31:*.txz=01;31:*.tzo=01;31:*.t7z=01;31:*.zip=01;31:*.z=01;31:*.dz=01;31:*.gz=01;31:*.lrz=01;31:*.lz=01;31:*.lzo=01;31:*.xz=01;31:*.zst=01;31:*.tzst=01;31:*.bz2=01;31:*.bz=01;31:*.tbz=01;31:*.tbz2=01;31:*.tz=01;31:*.deb=01;31:*.rpm=01;31:*.jar=01;31:*.war=01;31:*.ear=01;31:*.sar=01;31:*.rar=01;31:*.alz=01;31:*.ace=01;31:*.zoo=01;31:*.cpio=01;31:*.7z=01;31:*.rz=01;31:*.cab=01;31:*.wim=01;31:*.swm=01;31:*.dwm=01;31:*.esd=01;31:*.jpg=01;35:*.jpeg=01;35:*.mjpg=01;35:*.mjpeg=01;35:*.gif=01;35:*.bmp=01;35:*.pbm=01;35:*.pgm=01;35:*.ppm=01;35:*.tga=01;35:*.xbm=01;35:*.xpm=01;35:*.tif=01;35:*.tiff=01;35:*.png=01;35:*.svg=01;35:*.svgz=01;35:*.mng=01;35:*.pcx=01;35:*.mov=01;35:*.mpg=01;35:*.mpeg=01;35:*.m2v=01;35:*.mkv=01;35:*.webm=01;35:*.webp=01;35:*.ogm=01;35:*.mp4=01;35:*.m4v=01;35:*.mp4v=01;35:*.vob=01;35:*.qt=01;35:*.nuv=01;35:*.wmv=01;35:*.asf=01;35:*.rm=01;35:*.rmvb=01;35:*.flc=01;35:*.avi=01;35:*.fli=01;35:*.flv=01;35:*.gl=01;35:*.dl=01;35:*.xcf=01;35:*.xwd=01;35:*.yuv=01;35:*.cgm=01;35:*.emf=01;35:*.ogv=01;35:*.ogx=01;35:*.aac=00;36:*.au=00;36:*.flac=00;36:*.m4a=00;36:*.mid=00;36:*.midi=00;36:*.mka=00;36:*.mp3=00;36:*.mpc=00;36:*.ogg=00;36:*.ra=00;36:*.wav=00;36:*.oga=00;36:*.opus=00;36:*.spx=00;36:*.xspf=00;36:'), ('GNOME_TERMINAL_SERVICE', ':1.113'), ('SSH_AGENT_LAUNCHER', 'gnome-keyring'), ('SSH_AUTH_SOCK', '/run/user/1000/keyring/ssh'), ('AMENT_PREFIX_PATH', '/home/zxcx/new_naw/install/livox_ros_driver2:/home/zxcx/new_naw/install/custom_msgs:/home/zxcx/new_naw/install/controller:/opt/ros/humble'), ('SHELL', '/bin/bash'), ('LC_NAME', 'zh_CN.UTF-8'), ('QT_ACCESSIBILITY', '1'), ('GDMSESSION', 'ubuntu'), ('LESSCLOSE', '/usr/bin/lesspipe %s %s'), ('LC_MEASUREMENT', 'zh_CN.UTF-8'), ('GPG_AGENT_INFO', '/run/user/1000/gnupg/S.gpg-agent:0:1'), ('LC_IDENTIFICATION', 'zh_CN.UTF-8'), ('QT_IM_MODULE', 'fcitx'), ('PWD', '/home/zxcx/new_naw/build/custom_msgs'), ('XDG_CONFIG_DIRS', '/etc/xdg/xdg-ubuntu:/etc/xdg'), ('CLUTTER_IM_MODULE', 'fcitx'), ('XDG_DATA_DIRS', '/usr/share/ubuntu:/usr/share/gnome:/usr/local/share/:/usr/share/:/var/lib/snapd/desktop'), ('PYTHONPATH', '/home/zxcx/new_naw/install/livox_ros_driver2/local/lib/python3.10/dist-packages:/home/zxcx/new_naw/install/custom_msgs/local/lib/python3.10/dist-packages:/opt/ros/humble/lib/python3.10/site-packages:/opt/ros/humble/local/lib/python3.10/dist-packages'), ('LC_NUMERIC', 'zh_CN.UTF-8'), ('LC_PAPER', 'zh_CN.UTF-8'), ('COLCON', '1'), ('VTE_VERSION', '6800'), ('CMAKE_PREFIX_PATH', '/home/zxcx/new_naw/install/livox_ros_driver2:/home/zxcx/new_naw/install/custom_msgs:/home/zxcx/new_naw/install/controller:/opt/ros/humble')]), 'shell': False}
[0.009403] (livox_ros_driver2) JobProgress: {'identifier': 'livox_ros_driver2', 'progress': 'cmake'}
[0.009942] (livox_ros_driver2) Command: {'cmd': ['/usr/bin/cmake', '/home/zxcx/new_naw/livox_ros_driver2', '-DCMAKE_BUILD_TYPE=Release', '-DCMAKE_INSTALL_PREFIX=/home/zxcx/new_naw/install/livox_ros_driver2'], 'cwd': '/home/zxcx/new_naw/build/livox_ros_driver2', 'env': OrderedDict([('LESSOPEN', '| /usr/bin/lesspipe %s'), ('LANGUAGE', 'zh_CN:zh:en_US:en'), ('USER', 'zxcx'), ('LC_TIME', 'zh_CN.UTF-8'), ('XDG_SESSION_TYPE', 'x11'), ('SHLVL', '1'), ('LD_LIBRARY_PATH', '/home/zxcx/new_naw/install/livox_ros_driver2/lib:/home/zxcx/new_naw/install/custom_msgs/lib:/usr/lib/x86_64-linux-gnu/gazebo-11/plugins:/opt/ros/humble/opt/rviz_ogre_vendor/lib:/opt/ros/humble/lib/x86_64-linux-gnu:/opt/ros/humble/lib'), ('HOME', '/home/zxcx'), ('OLDPWD', '/home/zxcx'), ('DESKTOP_SESSION', 'ubuntu'), ('ROS_PYTHON_VERSION', '3'), ('GNOME_SHELL_SESSION_MODE', 'ubuntu'), ('GTK_MODULES', 'gail:atk-bridge'), ('LC_MONETARY', 'zh_CN.UTF-8'), ('SYSTEMD_EXEC_PID', '2718'), ('DBUS_SESSION_BUS_ADDRESS', 'unix:path=/run/user/1000/bus'), ('COLORTERM', 'truecolor'), ('IM_CONFIG_PHASE', '1'), ('COLCON_PREFIX_PATH', '/home/zxcx/new_naw/install'), ('ROS_DISTRO', 'humble'), ('GTK_IM_MODULE', 'fcitx'), ('LOGNAME', 'zxcx'), ('_', '/usr/bin/colcon'), ('ROS_VERSION', '2'), ('XDG_SESSION_CLASS', 'user'), ('USERNAME', 'zxcx'), ('TERM', 'xterm-256color'), ('GNOME_DESKTOP_SESSION_ID', 'this-is-deprecated'), ('ROS_LOCALHOST_ONLY', '0'), ('WINDOWPATH', '2'), ('PATH', '/opt/ros/humble/bin:/usr/local/sbin:/usr/local/bin:/usr/sbin:/usr/bin:/sbin:/bin:/usr/games:/usr/local/games:/snap/bin:/snap/bin'), ('SESSION_MANAGER', 'local/zxcx0219:@/tmp/.ICE-unix/2481,unix/zxcx0219:/tmp/.ICE-unix/2481'), ('XDG_MENU_PREFIX', 'gnome-'), ('LC_ADDRESS', 'zh_CN.UTF-8'), ('GNOME_TERMINAL_SCREEN', '/org/gnome/Terminal/screen/bf679257_c193_4163_8cbb_24a3c4f52a94'), ('XDG_RUNTIME_DIR', '/run/user/1000'), ('DISPLAY', ':1'), ('LANG', 'zh_CN.UTF-8'), ('XDG_CURRENT_DESKTOP', 'ubuntu:GNOME'), ('LC_TELEPHONE', 'zh_CN.UTF-8'), ('XMODIFIERS', '@im=fcitx'), ('XDG_SESSION_DESKTOP', 'ubuntu'), ('XAUTHORITY', '/run/user/1000/gdm/Xauthority'), ('LS_COLORS', 'rs=0:di=01;34:ln=01;36:mh=00:pi=40;33:so=01;35:do=01;35:bd=40;33;01:cd=40;33;01:or=40;31;01:mi=00:su=37;41:sg=30;43:ca=30;41:tw=30;42:ow=34;42:st=37;44:ex=01;32:*.tar=01;31:*.tgz=01;31:*.arc=01;31:*.arj=01;31:*.taz=01;31:*.lha=01;31:*.lz4=01;31:*.lzh=01;31:*.lzma=01;31:*.tlz=01;31:*.txz=01;31:*.tzo=01;31:*.t7z=01;31:*.zip=01;31:*.z=01;31:*.dz=01;31:*.gz=01;31:*.lrz=01;31:*.lz=01;31:*.lzo=01;31:*.xz=01;31:*.zst=01;31:*.tzst=01;31:*.bz2=01;31:*.bz=01;31:*.tbz=01;31:*.tbz2=01;31:*.tz=01;31:*.deb=01;31:*.rpm=01;31:*.jar=01;31:*.war=01;31:*.ear=01;31:*.sar=01;31:*.rar=01;31:*.alz=01;31:*.ace=01;31:*.zoo=01;31:*.cpio=01;31:*.7z=01;31:*.rz=01;31:*.cab=01;31:*.wim=01;31:*.swm=01;31:*.dwm=01;31:*.esd=01;31:*.jpg=01;35:*.jpeg=01;35:*.mjpg=01;35:*.mjpeg=01;35:*.gif=01;35:*.bmp=01;35:*.pbm=01;35:*.pgm=01;35:*.ppm=01;35:*.tga=01;35:*.xbm=01;35:*.xpm=01;35:*.tif=01;35:*.tiff=01;35:*.png=01;35:*.svg=01;35:*.svgz=01;35:*.mng=01;35:*.pcx=01;35:*.mov=01;35:*.mpg=01;35:*.mpeg=01;35:*.m2v=01;35:*.mkv=01;35:*.webm=01;35:*.webp=01;35:*.ogm=01;35:*.mp4=01;35:*.m4v=01;35:*.mp4v=01;35:*.vob=01;35:*.qt=01;35:*.nuv=01;35:*.wmv=01;35:*.asf=01;35:*.rm=01;35:*.rmvb=01;35:*.flc=01;35:*.avi=01;35:*.fli=01;35:*.flv=01;35:*.gl=01;35:*.dl=01;35:*.xcf=01;35:*.xwd=01;35:*.yuv=01;35:*.cgm=01;35:*.emf=01;35:*.ogv=01;35:*.ogx=01;35:*.aac=00;36:*.au=00;36:*.flac=00;36:*.m4a=00;36:*.mid=00;36:*.midi=00;36:*.mka=00;36:*.mp3=00;36:*.mpc=00;36:*.ogg=00;36:*.ra=00;36:*.wav=00;36:*.oga=00;36:*.opus=00;36:*.spx=00;36:*.xspf=00;36:'), ('GNOME_TERMINAL_SERVICE', ':1.113'), ('SSH_AGENT_LAUNCHER', 'gnome-keyring'), ('SSH_AUTH_SOCK', '/run/user/1000/keyring/ssh'), ('AMENT_PREFIX_PATH', '/home/zxcx/new_naw/install/livox_ros_driver2:/home/zxcx/new_naw/install/custom_msgs:/home/zxcx/new_naw/install/controller:/opt/ros/humble'), ('SHELL', '/bin/bash'), ('LC_NAME', 'zh_CN.UTF-8'), ('QT_ACCESSIBILITY', '1'), ('GDMSESSION', 'ubuntu'), ('LESSCLOSE', '/usr/bin/lesspipe %s %s'), ('LC_MEASUREMENT', 'zh_CN.UTF-8'), ('GPG_AGENT_INFO', '/run/user/1000/gnupg/S.gpg-agent:0:1'), ('LC_IDENTIFICATION', 'zh_CN.UTF-8'), ('QT_IM_MODULE', 'fcitx'), ('PWD', '/home/zxcx/new_naw/build/livox_ros_driver2'), ('XDG_CONFIG_DIRS', '/etc/xdg/xdg-ubuntu:/etc/xdg'), ('CLUTTER_IM_MODULE', 'fcitx'), ('XDG_DATA_DIRS', '/usr/share/ubuntu:/usr/share/gnome:/usr/local/share/:/usr/share/:/var/lib/snapd/desktop'), ('PYTHONPATH', '/home/zxcx/new_naw/install/livox_ros_driver2/local/lib/python3.10/dist-packages:/home/zxcx/new_naw/install/custom_msgs/local/lib/python3.10/dist-packages:/opt/ros/humble/lib/python3.10/site-packages:/opt/ros/humble/local/lib/python3.10/dist-packages'), ('LC_NUMERIC', 'zh_CN.UTF-8'), ('LC_PAPER', 'zh_CN.UTF-8'), ('COLCON', '1'), ('VTE_VERSION', '6800'), ('CMAKE_PREFIX_PATH', '/home/zxcx/new_naw/install/livox_ros_driver2:/home/zxcx/new_naw/install/custom_msgs:/home/zxcx/new_naw/install/controller:/opt/ros/humble')]), 'shell': False}
[0.011503] (controller) JobProgress: {'identifier': 'controller', 'progress': 'cmake'}
[0.012062] (controller) Command: {'cmd': ['/usr/bin/cmake', '/home/zxcx/new_naw/controller', '-DCMAKE_BUILD_TYPE=Release', '-DCMAKE_INSTALL_PREFIX=/home/zxcx/new_naw/install/controller'], 'cwd': '/home/zxcx/new_naw/build/controller', 'env': OrderedDict([('LESSOPEN', '| /usr/bin/lesspipe %s'), ('LANGUAGE', 'zh_CN:zh:en_US:en'), ('USER', 'zxcx'), ('LC_TIME', 'zh_CN.UTF-8'), ('XDG_SESSION_TYPE', 'x11'), ('SHLVL', '1'), ('LD_LIBRARY_PATH', '/home/zxcx/new_naw/install/livox_ros_driver2/lib:/home/zxcx/new_naw/install/custom_msgs/lib:/usr/lib/x86_64-linux-gnu/gazebo-11/plugins:/opt/ros/humble/opt/rviz_ogre_vendor/lib:/opt/ros/humble/lib/x86_64-linux-gnu:/opt/ros/humble/lib'), ('HOME', '/home/zxcx'), ('OLDPWD', '/home/zxcx'), ('DESKTOP_SESSION', 'ubuntu'), ('ROS_PYTHON_VERSION', '3'), ('GNOME_SHELL_SESSION_MODE', 'ubuntu'), ('GTK_MODULES', 'gail:atk-bridge'), ('LC_MONETARY', 'zh_CN.UTF-8'), ('SYSTEMD_EXEC_PID', '2718'), ('DBUS_SESSION_BUS_ADDRESS', 'unix:path=/run/user/1000/bus'), ('COLORTERM', 'truecolor'), ('IM_CONFIG_PHASE', '1'), ('COLCON_PREFIX_PATH', '/home/zxcx/new_naw/install'), ('ROS_DISTRO', 'humble'), ('GTK_IM_MODULE', 'fcitx'), ('LOGNAME', 'zxcx'), ('_', '/usr/bin/colcon'), ('ROS_VERSION', '2'), ('XDG_SESSION_CLASS', 'user'), ('USERNAME', 'zxcx'), ('TERM', 'xterm-256color'), ('GNOME_DESKTOP_SESSION_ID', 'this-is-deprecated'), ('ROS_LOCALHOST_ONLY', '0'), ('WINDOWPATH', '2'), ('PATH', '/opt/ros/humble/bin:/usr/local/sbin:/usr/local/bin:/usr/sbin:/usr/bin:/sbin:/bin:/usr/games:/usr/local/games:/snap/bin:/snap/bin'), ('SESSION_MANAGER', 'local/zxcx0219:@/tmp/.ICE-unix/2481,unix/zxcx0219:/tmp/.ICE-unix/2481'), ('XDG_MENU_PREFIX', 'gnome-'), ('LC_ADDRESS', 'zh_CN.UTF-8'), ('GNOME_TERMINAL_SCREEN', '/org/gnome/Terminal/screen/bf679257_c193_4163_8cbb_24a3c4f52a94'), ('XDG_RUNTIME_DIR', '/run/user/1000'), ('DISPLAY', ':1'), ('LANG', 'zh_CN.UTF-8'), ('XDG_CURRENT_DESKTOP', 'ubuntu:GNOME'), ('LC_TELEPHONE', 'zh_CN.UTF-8'), ('XMODIFIERS', '@im=fcitx'), ('XDG_SESSION_DESKTOP', 'ubuntu'), ('XAUTHORITY', '/run/user/1000/gdm/Xauthority'), ('LS_COLORS', 'rs=0:di=01;34:ln=01;36:mh=00:pi=40;33:so=01;35:do=01;35:bd=40;33;01:cd=40;33;01:or=40;31;01:mi=00:su=37;41:sg=30;43:ca=30;41:tw=30;42:ow=34;42:st=37;44:ex=01;32:*.tar=01;31:*.tgz=01;31:*.arc=01;31:*.arj=01;31:*.taz=01;31:*.lha=01;31:*.lz4=01;31:*.lzh=01;31:*.lzma=01;31:*.tlz=01;31:*.txz=01;31:*.tzo=01;31:*.t7z=01;31:*.zip=01;31:*.z=01;31:*.dz=01;31:*.gz=01;31:*.lrz=01;31:*.lz=01;31:*.lzo=01;31:*.xz=01;31:*.zst=01;31:*.tzst=01;31:*.bz2=01;31:*.bz=01;31:*.tbz=01;31:*.tbz2=01;31:*.tz=01;31:*.deb=01;31:*.rpm=01;31:*.jar=01;31:*.war=01;31:*.ear=01;31:*.sar=01;31:*.rar=01;31:*.alz=01;31:*.ace=01;31:*.zoo=01;31:*.cpio=01;31:*.7z=01;31:*.rz=01;31:*.cab=01;31:*.wim=01;31:*.swm=01;31:*.dwm=01;31:*.esd=01;31:*.jpg=01;35:*.jpeg=01;35:*.mjpg=01;35:*.mjpeg=01;35:*.gif=01;35:*.bmp=01;35:*.pbm=01;35:*.pgm=01;35:*.ppm=01;35:*.tga=01;35:*.xbm=01;35:*.xpm=01;35:*.tif=01;35:*.tiff=01;35:*.png=01;35:*.svg=01;35:*.svgz=01;35:*.mng=01;35:*.pcx=01;35:*.mov=01;35:*.mpg=01;35:*.mpeg=01;35:*.m2v=01;35:*.mkv=01;35:*.webm=01;35:*.webp=01;35:*.ogm=01;35:*.mp4=01;35:*.m4v=01;35:*.mp4v=01;35:*.vob=01;35:*.qt=01;35:*.nuv=01;35:*.wmv=01;35:*.asf=01;35:*.rm=01;35:*.rmvb=01;35:*.flc=01;35:*.avi=01;35:*.fli=01;35:*.flv=01;35:*.gl=01;35:*.dl=01;35:*.xcf=01;35:*.xwd=01;35:*.yuv=01;35:*.cgm=01;35:*.emf=01;35:*.ogv=01;35:*.ogx=01;35:*.aac=00;36:*.au=00;36:*.flac=00;36:*.m4a=00;36:*.mid=00;36:*.midi=00;36:*.mka=00;36:*.mp3=00;36:*.mpc=00;36:*.ogg=00;36:*.ra=00;36:*.wav=00;36:*.oga=00;36:*.opus=00;36:*.spx=00;36:*.xspf=00;36:'), ('GNOME_TERMINAL_SERVICE', ':1.113'), ('SSH_AGENT_LAUNCHER', 'gnome-keyring'), ('SSH_AUTH_SOCK', '/run/user/1000/keyring/ssh'), ('AMENT_PREFIX_PATH', '/home/zxcx/new_naw/install/livox_ros_driver2:/home/zxcx/new_naw/install/custom_msgs:/home/zxcx/new_naw/install/controller:/opt/ros/humble'), ('SHELL', '/bin/bash'), ('LC_NAME', 'zh_CN.UTF-8'), ('QT_ACCESSIBILITY', '1'), ('GDMSESSION', 'ubuntu'), ('LESSCLOSE', '/usr/bin/lesspipe %s %s'), ('LC_MEASUREMENT', 'zh_CN.UTF-8'), ('GPG_AGENT_INFO', '/run/user/1000/gnupg/S.gpg-agent:0:1'), ('LC_IDENTIFICATION', 'zh_CN.UTF-8'), ('QT_IM_MODULE', 'fcitx'), ('PWD', '/home/zxcx/new_naw/build/controller'), ('XDG_CONFIG_DIRS', '/etc/xdg/xdg-ubuntu:/etc/xdg'), ('CLUTTER_IM_MODULE', 'fcitx'), ('XDG_DATA_DIRS', '/usr/share/ubuntu:/usr/share/gnome:/usr/local/share/:/usr/share/:/var/lib/snapd/desktop'), ('PYTHONPATH', '/home/zxcx/new_naw/install/livox_ros_driver2/local/lib/python3.10/dist-packages:/home/zxcx/new_naw/install/custom_msgs/local/lib/python3.10/dist-packages:/opt/ros/humble/lib/python3.10/site-packages:/opt/ros/humble/local/lib/python3.10/dist-packages'), ('LC_NUMERIC', 'zh_CN.UTF-8'), ('LC_PAPER', 'zh_CN.UTF-8'), ('COLCON', '1'), ('VTE_VERSION', '6800'), ('CMAKE_PREFIX_PATH', '/home/zxcx/new_naw/install/livox_ros_driver2:/home/zxcx/new_naw/install/custom_msgs:/home/zxcx/new_naw/install/controller:/opt/ros/humble')]), 'shell': False}
[0.043778] (livox_ros_driver2) StdoutLine: {'line': b'-- The C compiler identification is GNU 11.4.0\n'}
[0.043922] (custom_msgs) StdoutLine: {'line': b'-- The C compiler identification is GNU 11.4.0\n'}
[0.047084] (controller) StdoutLine: {'line': b'-- The C compiler identification is GNU 11.4.0\n'}
[0.076980] (livox_ros_driver2) StdoutLine: {'line': b'-- The CXX compiler identification is GNU 11.4.0\n'}
[0.077170] (custom_msgs) StdoutLine: {'line': b'-- The CXX compiler identification is GNU 11.4.0\n'}
[0.081552] (custom_msgs) StdoutLine: {'line': b'-- Detecting C compiler ABI info\n'}
[0.081648] (livox_ros_driver2) StdoutLine: {'line': b'-- Detecting C compiler ABI info\n'}
[0.083097] (controller) StdoutLine: {'line': b'-- The CXX compiler identification is GNU 11.4.0\n'}
[0.087901] (controller) StdoutLine: {'line': b'-- Detecting C compiler ABI info\n'}
[0.099881] (-) TimerEvent: {}
[0.127329] (livox_ros_driver2) StdoutLine: {'line': b'-- Detecting C compiler ABI info - done\n'}
[0.127839] (custom_msgs) StdoutLine: {'line': b'-- Detecting C compiler ABI info - done\n'}
[0.130623] (controller) StdoutLine: {'line': b'-- Detecting C compiler ABI info - done\n'}
[0.131195] (livox_ros_driver2) StdoutLine: {'line': b'-- Check for working C compiler: /usr/bin/cc - skipped\n'}
[0.131344] (livox_ros_driver2) StdoutLine: {'line': b'-- Detecting C compile features\n'}
[0.131546] (livox_ros_driver2) StdoutLine: {'line': b'-- Detecting C compile features - done\n'}
[0.131668] (custom_msgs) StdoutLine: {'line': b'-- Check for working C compiler: /usr/bin/cc - skipped\n'}
[0.131833] (custom_msgs) StdoutLine: {'line': b'-- Detecting C compile features\n'}
[0.132044] (custom_msgs) StdoutLine: {'line': b'-- Detecting C compile features - done\n'}
[0.133199] (livox_ros_driver2) StdoutLine: {'line': b'-- Detecting CXX compiler ABI info\n'}
[0.133698] (custom_msgs) StdoutLine: {'line': b'-- Detecting CXX compiler ABI info\n'}
[0.134502] (controller) StdoutLine: {'line': b'-- Check for working C compiler: /usr/bin/cc - skipped\n'}
[0.134659] (controller) StdoutLine: {'line': b'-- Detecting C compile features\n'}
[0.134885] (controller) StdoutLine: {'line': b'-- Detecting C compile features - done\n'}
[0.136586] (controller) StdoutLine: {'line': b'-- Detecting CXX compiler ABI info\n'}
[0.185400] (livox_ros_driver2) StdoutLine: {'line': b'-- Detecting CXX compiler ABI info - done\n'}
[0.185577] (custom_msgs) StdoutLine: {'line': b'-- Detecting CXX compiler ABI info - done\n'}
[0.186381] (controller) StdoutLine: {'line': b'-- Detecting CXX compiler ABI info - done\n'}
[0.189169] (livox_ros_driver2) StdoutLine: {'line': b'-- Check for working CXX compiler: /usr/bin/c++ - skipped\n'}
[0.189241] (custom_msgs) StdoutLine: {'line': b'-- Check for working CXX compiler: /usr/bin/c++ - skipped\n'}
[0.189340] (livox_ros_driver2) StdoutLine: {'line': b'-- Detecting CXX compile features\n'}
[0.189413] (custom_msgs) StdoutLine: {'line': b'-- Detecting CXX compile features\n'}
[0.189584] (livox_ros_driver2) StdoutLine: {'line': b'-- Detecting CXX compile features - done\n'}
[0.189666] (custom_msgs) StdoutLine: {'line': b'-- Detecting CXX compile features - done\n'}
[0.190079] (livox_ros_driver2) StdoutLine: {'line': b'-- livox_ros_driver2 version: 1.2.4\n'}
[0.190368] (controller) StdoutLine: {'line': b'-- Check for working CXX compiler: /usr/bin/c++ - skipped\n'}
[0.190538] (controller) StdoutLine: {'line': b'-- Detecting CXX compile features\n'}
[0.190814] (controller) StdoutLine: {'line': b'-- Detecting CXX compile features - done\n'}
[0.190850] (livox_ros_driver2) StdoutLine: {'line': b'-- Found ament_cmake_auto: 1.3.14 (/opt/ros/humble/share/ament_cmake_auto/cmake)\n'}
[0.191070] (custom_msgs) StdoutLine: {'line': b'-- Found ament_cmake: 1.3.14 (/opt/ros/humble/share/ament_cmake/cmake)\n'}
[0.192113] (controller) StdoutLine: {'line': b'-- Found ament_cmake: 1.3.14 (/opt/ros/humble/share/ament_cmake/cmake)\n'}
[0.199949] (-) TimerEvent: {}
[0.275369] (custom_msgs) StdoutLine: {'line': b'-- Found Python3: /usr/bin/python3 (found version "3.10.12") found components: Interpreter \n'}
[0.276369] (controller) StdoutLine: {'line': b'-- Found Python3: /usr/bin/python3 (found version "3.10.12") found components: Interpreter \n'}
[0.276834] (livox_ros_driver2) StdoutLine: {'line': b'-- Found Python3: /usr/bin/python3 (found version "3.10.12") found components: Interpreter \n'}
[0.300041] (-) TimerEvent: {}
[0.321610] (controller) StdoutLine: {'line': b'-- Found ament_lint_auto: 0.12.15 (/opt/ros/humble/share/ament_lint_auto/cmake)\n'}
[0.321778] (custom_msgs) StdoutLine: {'line': b'-- Found rosidl_default_generators: 1.2.1 (/opt/ros/humble/share/rosidl_default_generators/cmake)\n'}
[0.323495] (custom_msgs) StdoutLine: {'line': b'-- Using all available rosidl_typesupport_c: rosidl_typesupport_fastrtps_c;rosidl_typesupport_introspection_c\n'}
[0.326826] (custom_msgs) StdoutLine: {'line': b'-- Found rosidl_adapter: 3.1.8 (/opt/ros/humble/share/rosidl_adapter/cmake)\n'}
[0.348108] (custom_msgs) StdoutLine: {'line': b'-- Using all available rosidl_typesupport_cpp: rosidl_typesupport_fastrtps_cpp;rosidl_typesupport_introspection_cpp\n'}
[0.360768] (livox_ros_driver2) StdoutLine: {'line': b'-- Using all available rosidl_typesupport_c: rosidl_typesupport_fastrtps_c;rosidl_typesupport_introspection_c\n'}
[0.361446] (controller) StdoutLine: {'line': b"-- Added test 'cppcheck' to perform static code analysis on C / C++ code\n"}
[0.361517] (controller) StdoutLine: {'line': b'-- Configured cppcheck include dirs: \n'}
[0.361556] (controller) StdoutLine: {'line': b'-- Configured cppcheck exclude dirs and/or files: \n'}
[0.361931] (controller) StdoutLine: {'line': b"-- Added test 'lint_cmake' to check CMake code style\n"}
[0.362710] (controller) StdoutLine: {'line': b"-- Added test 'uncrustify' to check C / C++ code style\n"}
[0.362812] (controller) StdoutLine: {'line': b'-- Configured uncrustify additional arguments: \n'}
[0.362941] (controller) StdoutLine: {'line': b"-- Added test 'xmllint' to check XML markup files\n"}
[0.363651] (controller) StdoutLine: {'line': b'-- Configuring done\n'}
[0.364097] (livox_ros_driver2) StdoutLine: {'line': b'-- Found rosidl_adapter: 3.1.8 (/opt/ros/humble/share/rosidl_adapter/cmake)\n'}
[0.365557] (controller) StdoutLine: {'line': b'-- Generating done\n'}
[0.366577] (controller) StdoutLine: {'line': b'-- Build files have been written to: /home/zxcx/new_naw/build/controller\n'}
[0.367429] (custom_msgs) StdoutLine: {'line': b'-- Found std_msgs: 4.9.1 (/opt/ros/humble/share/std_msgs/cmake)\n'}
[0.370056] (controller) CommandEnded: {'returncode': 0}
[0.370421] (controller) JobProgress: {'identifier': 'controller', 'progress': 'build'}
[0.371273] (controller) Command: {'cmd': ['/usr/bin/cmake', '--build', '/home/zxcx/new_naw/build/controller', '--', '-j32', '-l32'], 'cwd': '/home/zxcx/new_naw/build/controller', 'env': OrderedDict([('LESSOPEN', '| /usr/bin/lesspipe %s'), ('LANGUAGE', 'zh_CN:zh:en_US:en'), ('USER', 'zxcx'), ('LC_TIME', 'zh_CN.UTF-8'), ('XDG_SESSION_TYPE', 'x11'), ('SHLVL', '1'), ('LD_LIBRARY_PATH', '/home/zxcx/new_naw/install/livox_ros_driver2/lib:/home/zxcx/new_naw/install/custom_msgs/lib:/usr/lib/x86_64-linux-gnu/gazebo-11/plugins:/opt/ros/humble/opt/rviz_ogre_vendor/lib:/opt/ros/humble/lib/x86_64-linux-gnu:/opt/ros/humble/lib'), ('HOME', '/home/zxcx'), ('OLDPWD', '/home/zxcx'), ('DESKTOP_SESSION', 'ubuntu'), ('ROS_PYTHON_VERSION', '3'), ('GNOME_SHELL_SESSION_MODE', 'ubuntu'), ('GTK_MODULES', 'gail:atk-bridge'), ('LC_MONETARY', 'zh_CN.UTF-8'), ('SYSTEMD_EXEC_PID', '2718'), ('DBUS_SESSION_BUS_ADDRESS', 'unix:path=/run/user/1000/bus'), ('COLORTERM', 'truecolor'), ('IM_CONFIG_PHASE', '1'), ('COLCON_PREFIX_PATH', '/home/zxcx/new_naw/install'), ('ROS_DISTRO', 'humble'), ('GTK_IM_MODULE', 'fcitx'), ('LOGNAME', 'zxcx'), ('_', '/usr/bin/colcon'), ('ROS_VERSION', '2'), ('XDG_SESSION_CLASS', 'user'), ('USERNAME', 'zxcx'), ('TERM', 'xterm-256color'), ('GNOME_DESKTOP_SESSION_ID', 'this-is-deprecated'), ('ROS_LOCALHOST_ONLY', '0'), ('WINDOWPATH', '2'), ('PATH', '/opt/ros/humble/bin:/usr/local/sbin:/usr/local/bin:/usr/sbin:/usr/bin:/sbin:/bin:/usr/games:/usr/local/games:/snap/bin:/snap/bin'), ('SESSION_MANAGER', 'local/zxcx0219:@/tmp/.ICE-unix/2481,unix/zxcx0219:/tmp/.ICE-unix/2481'), ('XDG_MENU_PREFIX', 'gnome-'), ('LC_ADDRESS', 'zh_CN.UTF-8'), ('GNOME_TERMINAL_SCREEN', '/org/gnome/Terminal/screen/bf679257_c193_4163_8cbb_24a3c4f52a94'), ('XDG_RUNTIME_DIR', '/run/user/1000'), ('DISPLAY', ':1'), ('LANG', 'zh_CN.UTF-8'), ('XDG_CURRENT_DESKTOP', 'ubuntu:GNOME'), ('LC_TELEPHONE', 'zh_CN.UTF-8'), ('XMODIFIERS', '@im=fcitx'), ('XDG_SESSION_DESKTOP', 'ubuntu'), ('XAUTHORITY', '/run/user/1000/gdm/Xauthority'), ('LS_COLORS', 'rs=0:di=01;34:ln=01;36:mh=00:pi=40;33:so=01;35:do=01;35:bd=40;33;01:cd=40;33;01:or=40;31;01:mi=00:su=37;41:sg=30;43:ca=30;41:tw=30;42:ow=34;42:st=37;44:ex=01;32:*.tar=01;31:*.tgz=01;31:*.arc=01;31:*.arj=01;31:*.taz=01;31:*.lha=01;31:*.lz4=01;31:*.lzh=01;31:*.lzma=01;31:*.tlz=01;31:*.txz=01;31:*.tzo=01;31:*.t7z=01;31:*.zip=01;31:*.z=01;31:*.dz=01;31:*.gz=01;31:*.lrz=01;31:*.lz=01;31:*.lzo=01;31:*.xz=01;31:*.zst=01;31:*.tzst=01;31:*.bz2=01;31:*.bz=01;31:*.tbz=01;31:*.tbz2=01;31:*.tz=01;31:*.deb=01;31:*.rpm=01;31:*.jar=01;31:*.war=01;31:*.ear=01;31:*.sar=01;31:*.rar=01;31:*.alz=01;31:*.ace=01;31:*.zoo=01;31:*.cpio=01;31:*.7z=01;31:*.rz=01;31:*.cab=01;31:*.wim=01;31:*.swm=01;31:*.dwm=01;31:*.esd=01;31:*.jpg=01;35:*.jpeg=01;35:*.mjpg=01;35:*.mjpeg=01;35:*.gif=01;35:*.bmp=01;35:*.pbm=01;35:*.pgm=01;35:*.ppm=01;35:*.tga=01;35:*.xbm=01;35:*.xpm=01;35:*.tif=01;35:*.tiff=01;35:*.png=01;35:*.svg=01;35:*.svgz=01;35:*.mng=01;35:*.pcx=01;35:*.mov=01;35:*.mpg=01;35:*.mpeg=01;35:*.m2v=01;35:*.mkv=01;35:*.webm=01;35:*.webp=01;35:*.ogm=01;35:*.mp4=01;35:*.m4v=01;35:*.mp4v=01;35:*.vob=01;35:*.qt=01;35:*.nuv=01;35:*.wmv=01;35:*.asf=01;35:*.rm=01;35:*.rmvb=01;35:*.flc=01;35:*.avi=01;35:*.fli=01;35:*.flv=01;35:*.gl=01;35:*.dl=01;35:*.xcf=01;35:*.xwd=01;35:*.yuv=01;35:*.cgm=01;35:*.emf=01;35:*.ogv=01;35:*.ogx=01;35:*.aac=00;36:*.au=00;36:*.flac=00;36:*.m4a=00;36:*.mid=00;36:*.midi=00;36:*.mka=00;36:*.mp3=00;36:*.mpc=00;36:*.ogg=00;36:*.ra=00;36:*.wav=00;36:*.oga=00;36:*.opus=00;36:*.spx=00;36:*.xspf=00;36:'), ('GNOME_TERMINAL_SERVICE', ':1.113'), ('SSH_AGENT_LAUNCHER', 'gnome-keyring'), ('SSH_AUTH_SOCK', '/run/user/1000/keyring/ssh'), ('AMENT_PREFIX_PATH', '/home/zxcx/new_naw/install/livox_ros_driver2:/home/zxcx/new_naw/install/custom_msgs:/home/zxcx/new_naw/install/controller:/opt/ros/humble'), ('SHELL', '/bin/bash'), ('LC_NAME', 'zh_CN.UTF-8'), ('QT_ACCESSIBILITY', '1'), ('GDMSESSION', 'ubuntu'), ('LESSCLOSE', '/usr/bin/lesspipe %s %s'), ('LC_MEASUREMENT', 'zh_CN.UTF-8'), ('GPG_AGENT_INFO', '/run/user/1000/gnupg/S.gpg-agent:0:1'), ('LC_IDENTIFICATION', 'zh_CN.UTF-8'), ('QT_IM_MODULE', 'fcitx'), ('PWD', '/home/zxcx/new_naw/build/controller'), ('XDG_CONFIG_DIRS', '/etc/xdg/xdg-ubuntu:/etc/xdg'), ('CLUTTER_IM_MODULE', 'fcitx'), ('XDG_DATA_DIRS', '/usr/share/ubuntu:/usr/share/gnome:/usr/local/share/:/usr/share/:/var/lib/snapd/desktop'), ('PYTHONPATH', '/home/zxcx/new_naw/install/livox_ros_driver2/local/lib/python3.10/dist-packages:/home/zxcx/new_naw/install/custom_msgs/local/lib/python3.10/dist-packages:/opt/ros/humble/lib/python3.10/site-packages:/opt/ros/humble/local/lib/python3.10/dist-packages'), ('LC_NUMERIC', 'zh_CN.UTF-8'), ('LC_PAPER', 'zh_CN.UTF-8'), ('COLCON', '1'), ('VTE_VERSION', '6800'), ('CMAKE_PREFIX_PATH', '/home/zxcx/new_naw/install/livox_ros_driver2:/home/zxcx/new_naw/install/custom_msgs:/home/zxcx/new_naw/install/controller:/opt/ros/humble')]), 'shell': False}
[0.385930] (livox_ros_driver2) StdoutLine: {'line': b'-- Using all available rosidl_typesupport_cpp: rosidl_typesupport_fastrtps_cpp;rosidl_typesupport_introspection_cpp\n'}
[0.398589] (controller) CommandEnded: {'returncode': 0}
[0.398970] (controller) JobProgress: {'identifier': 'controller', 'progress': 'install'}
[0.400117] (-) TimerEvent: {}
[0.405407] (controller) Command: {'cmd': ['/usr/bin/cmake', '--install', '/home/zxcx/new_naw/build/controller'], 'cwd': '/home/zxcx/new_naw/build/controller', 'env': OrderedDict([('LESSOPEN', '| /usr/bin/lesspipe %s'), ('LANGUAGE', 'zh_CN:zh:en_US:en'), ('USER', 'zxcx'), ('LC_TIME', 'zh_CN.UTF-8'), ('XDG_SESSION_TYPE', 'x11'), ('SHLVL', '1'), ('LD_LIBRARY_PATH', '/home/zxcx/new_naw/install/livox_ros_driver2/lib:/home/zxcx/new_naw/install/custom_msgs/lib:/usr/lib/x86_64-linux-gnu/gazebo-11/plugins:/opt/ros/humble/opt/rviz_ogre_vendor/lib:/opt/ros/humble/lib/x86_64-linux-gnu:/opt/ros/humble/lib'), ('HOME', '/home/zxcx'), ('OLDPWD', '/home/zxcx'), ('DESKTOP_SESSION', 'ubuntu'), ('ROS_PYTHON_VERSION', '3'), ('GNOME_SHELL_SESSION_MODE', 'ubuntu'), ('GTK_MODULES', 'gail:atk-bridge'), ('LC_MONETARY', 'zh_CN.UTF-8'), ('SYSTEMD_EXEC_PID', '2718'), ('DBUS_SESSION_BUS_ADDRESS', 'unix:path=/run/user/1000/bus'), ('COLORTERM', 'truecolor'), ('IM_CONFIG_PHASE', '1'), ('COLCON_PREFIX_PATH', '/home/zxcx/new_naw/install'), ('ROS_DISTRO', 'humble'), ('GTK_IM_MODULE', 'fcitx'), ('LOGNAME', 'zxcx'), ('_', '/usr/bin/colcon'), ('ROS_VERSION', '2'), ('XDG_SESSION_CLASS', 'user'), ('USERNAME', 'zxcx'), ('TERM', 'xterm-256color'), ('GNOME_DESKTOP_SESSION_ID', 'this-is-deprecated'), ('ROS_LOCALHOST_ONLY', '0'), ('WINDOWPATH', '2'), ('PATH', '/opt/ros/humble/bin:/usr/local/sbin:/usr/local/bin:/usr/sbin:/usr/bin:/sbin:/bin:/usr/games:/usr/local/games:/snap/bin:/snap/bin'), ('SESSION_MANAGER', 'local/zxcx0219:@/tmp/.ICE-unix/2481,unix/zxcx0219:/tmp/.ICE-unix/2481'), ('XDG_MENU_PREFIX', 'gnome-'), ('LC_ADDRESS', 'zh_CN.UTF-8'), ('GNOME_TERMINAL_SCREEN', '/org/gnome/Terminal/screen/bf679257_c193_4163_8cbb_24a3c4f52a94'), ('XDG_RUNTIME_DIR', '/run/user/1000'), ('DISPLAY', ':1'), ('LANG', 'zh_CN.UTF-8'), ('XDG_CURRENT_DESKTOP', 'ubuntu:GNOME'), ('LC_TELEPHONE', 'zh_CN.UTF-8'), ('XMODIFIERS', '@im=fcitx'), ('XDG_SESSION_DESKTOP', 'ubuntu'), ('XAUTHORITY', '/run/user/1000/gdm/Xauthority'), ('LS_COLORS', 'rs=0:di=01;34:ln=01;36:mh=00:pi=40;33:so=01;35:do=01;35:bd=40;33;01:cd=40;33;01:or=40;31;01:mi=00:su=37;41:sg=30;43:ca=30;41:tw=30;42:ow=34;42:st=37;44:ex=01;32:*.tar=01;31:*.tgz=01;31:*.arc=01;31:*.arj=01;31:*.taz=01;31:*.lha=01;31:*.lz4=01;31:*.lzh=01;31:*.lzma=01;31:*.tlz=01;31:*.txz=01;31:*.tzo=01;31:*.t7z=01;31:*.zip=01;31:*.z=01;31:*.dz=01;31:*.gz=01;31:*.lrz=01;31:*.lz=01;31:*.lzo=01;31:*.xz=01;31:*.zst=01;31:*.tzst=01;31:*.bz2=01;31:*.bz=01;31:*.tbz=01;31:*.tbz2=01;31:*.tz=01;31:*.deb=01;31:*.rpm=01;31:*.jar=01;31:*.war=01;31:*.ear=01;31:*.sar=01;31:*.rar=01;31:*.alz=01;31:*.ace=01;31:*.zoo=01;31:*.cpio=01;31:*.7z=01;31:*.rz=01;31:*.cab=01;31:*.wim=01;31:*.swm=01;31:*.dwm=01;31:*.esd=01;31:*.jpg=01;35:*.jpeg=01;35:*.mjpg=01;35:*.mjpeg=01;35:*.gif=01;35:*.bmp=01;35:*.pbm=01;35:*.pgm=01;35:*.ppm=01;35:*.tga=01;35:*.xbm=01;35:*.xpm=01;35:*.tif=01;35:*.tiff=01;35:*.png=01;35:*.svg=01;35:*.svgz=01;35:*.mng=01;35:*.pcx=01;35:*.mov=01;35:*.mpg=01;35:*.mpeg=01;35:*.m2v=01;35:*.mkv=01;35:*.webm=01;35:*.webp=01;35:*.ogm=01;35:*.mp4=01;35:*.m4v=01;35:*.mp4v=01;35:*.vob=01;35:*.qt=01;35:*.nuv=01;35:*.wmv=01;35:*.asf=01;35:*.rm=01;35:*.rmvb=01;35:*.flc=01;35:*.avi=01;35:*.fli=01;35:*.flv=01;35:*.gl=01;35:*.dl=01;35:*.xcf=01;35:*.xwd=01;35:*.yuv=01;35:*.cgm=01;35:*.emf=01;35:*.ogv=01;35:*.ogx=01;35:*.aac=00;36:*.au=00;36:*.flac=00;36:*.m4a=00;36:*.mid=00;36:*.midi=00;36:*.mka=00;36:*.mp3=00;36:*.mpc=00;36:*.ogg=00;36:*.ra=00;36:*.wav=00;36:*.oga=00;36:*.opus=00;36:*.spx=00;36:*.xspf=00;36:'), ('GNOME_TERMINAL_SERVICE', ':1.113'), ('SSH_AGENT_LAUNCHER', 'gnome-keyring'), ('SSH_AUTH_SOCK', '/run/user/1000/keyring/ssh'), ('AMENT_PREFIX_PATH', '/home/zxcx/new_naw/install/livox_ros_driver2:/home/zxcx/new_naw/install/custom_msgs:/home/zxcx/new_naw/install/controller:/opt/ros/humble'), ('SHELL', '/bin/bash'), ('LC_NAME', 'zh_CN.UTF-8'), ('QT_ACCESSIBILITY', '1'), ('GDMSESSION', 'ubuntu'), ('LESSCLOSE', '/usr/bin/lesspipe %s %s'), ('LC_MEASUREMENT', 'zh_CN.UTF-8'), ('GPG_AGENT_INFO', '/run/user/1000/gnupg/S.gpg-agent:0:1'), ('LC_IDENTIFICATION', 'zh_CN.UTF-8'), ('QT_IM_MODULE', 'fcitx'), ('PWD', '/home/zxcx/new_naw/build/controller'), ('XDG_CONFIG_DIRS', '/etc/xdg/xdg-ubuntu:/etc/xdg'), ('CLUTTER_IM_MODULE', 'fcitx'), ('XDG_DATA_DIRS', '/usr/share/ubuntu:/usr/share/gnome:/usr/local/share/:/usr/share/:/var/lib/snapd/desktop'), ('PYTHONPATH', '/home/zxcx/new_naw/install/livox_ros_driver2/local/lib/python3.10/dist-packages:/home/zxcx/new_naw/install/custom_msgs/local/lib/python3.10/dist-packages:/opt/ros/humble/lib/python3.10/site-packages:/opt/ros/humble/local/lib/python3.10/dist-packages'), ('LC_NUMERIC', 'zh_CN.UTF-8'), ('LC_PAPER', 'zh_CN.UTF-8'), ('COLCON', '1'), ('VTE_VERSION', '6800'), ('CMAKE_PREFIX_PATH', '/home/zxcx/new_naw/install/livox_ros_driver2:/home/zxcx/new_naw/install/custom_msgs:/home/zxcx/new_naw/install/controller:/opt/ros/humble')]), 'shell': False}
[0.410082] (controller) StdoutLine: {'line': b'-- Install configuration: "Release"\n'}
[0.410313] (controller) StdoutLine: {'line': b'-- Installing: /home/zxcx/new_naw/install/controller/share/ament_index/resource_index/package_run_dependencies/controller\n'}
[0.410471] (controller) StdoutLine: {'line': b'-- Installing: /home/zxcx/new_naw/install/controller/share/ament_index/resource_index/parent_prefix_path/controller\n'}
[0.410604] (controller) StdoutLine: {'line': b'-- Installing: /home/zxcx/new_naw/install/controller/share/controller/environment/ament_prefix_path.sh\n'}
[0.410703] (controller) StdoutLine: {'line': b'-- Installing: /home/zxcx/new_naw/install/controller/share/controller/environment/ament_prefix_path.dsv\n'}
[0.410796] (controller) StdoutLine: {'line': b'-- Installing: /home/zxcx/new_naw/install/controller/share/controller/environment/path.sh\n'}
[0.410882] (controller) StdoutLine: {'line': b'-- Installing: /home/zxcx/new_naw/install/controller/share/controller/environment/path.dsv\n'}
[0.410965] (controller) StdoutLine: {'line': b'-- Installing: /home/zxcx/new_naw/install/controller/share/controller/local_setup.bash\n'}
[0.411048] (controller) StdoutLine: {'line': b'-- Installing: /home/zxcx/new_naw/install/controller/share/controller/local_setup.sh\n'}
[0.411143] (controller) StdoutLine: {'line': b'-- Installing: /home/zxcx/new_naw/install/controller/share/controller/local_setup.zsh\n'}
[0.411227] (controller) StdoutLine: {'line': b'-- Installing: /home/zxcx/new_naw/install/controller/share/controller/local_setup.dsv\n'}
[0.411323] (controller) StdoutLine: {'line': b'-- Installing: /home/zxcx/new_naw/install/controller/share/controller/package.dsv\n'}
[0.411446] (controller) StdoutLine: {'line': b'-- Installing: /home/zxcx/new_naw/install/controller/share/ament_index/resource_index/packages/controller\n'}
[0.411551] (controller) StdoutLine: {'line': b'-- Installing: /home/zxcx/new_naw/install/controller/share/controller/cmake/controllerConfig.cmake\n'}
[0.411628] (controller) StdoutLine: {'line': b'-- Installing: /home/zxcx/new_naw/install/controller/share/controller/cmake/controllerConfig-version.cmake\n'}
[0.411752] (controller) StdoutLine: {'line': b'-- Installing: /home/zxcx/new_naw/install/controller/share/controller/package.xml\n'}
[0.413563] (controller) CommandEnded: {'returncode': 0}
[0.421782] (controller) JobEnded: {'identifier': 'controller', 'rc': 0}
[0.433502] (livox_ros_driver2) StdoutLine: {'line': b'-- Found rmw_implementation_cmake: 6.1.2 (/opt/ros/humble/share/rmw_implementation_cmake/cmake)\n'}
[0.434886] (livox_ros_driver2) StdoutLine: {'line': b'-- Found rmw_fastrtps_cpp: 6.2.10 (/opt/ros/humble/share/rmw_fastrtps_cpp/cmake)\n'}
[0.495467] (livox_ros_driver2) StdoutLine: {'line': b'-- Found OpenSSL: /usr/lib/x86_64-linux-gnu/libcrypto.so (found version "3.0.2")  \n'}
[0.500197] (-) TimerEvent: {}
[0.514960] (livox_ros_driver2) StdoutLine: {'line': b'-- Found FastRTPS: /opt/ros/humble/include  \n'}
[0.538638] (custom_msgs) StdoutLine: {'line': b'-- Found ament_cmake_ros: 0.10.0 (/opt/ros/humble/share/ament_cmake_ros/cmake)\n'}
[0.542481] (livox_ros_driver2) StdoutLine: {'line': b"-- Using RMW implementation 'rmw_fastrtps_cpp' as default\n"}
[0.546988] (livox_ros_driver2) StdoutLine: {'line': b'-- Looking for pthread.h\n'}
[0.597076] (livox_ros_driver2) StdoutLine: {'line': b'-- Looking for pthread.h - found\n'}
[0.597218] (livox_ros_driver2) StdoutLine: {'line': b'-- Performing Test CMAKE_HAVE_LIBC_PTHREAD\n'}
[0.600263] (-) TimerEvent: {}
[0.645202] (livox_ros_driver2) StdoutLine: {'line': b'-- Performing Test CMAKE_HAVE_LIBC_PTHREAD - Success\n'}
[0.645946] (livox_ros_driver2) StdoutLine: {'line': b'-- Found Threads: TRUE  \n'}
[0.657730] (custom_msgs) StdoutLine: {'line': b'-- Using all available rosidl_typesupport_c: rosidl_typesupport_fastrtps_c;rosidl_typesupport_introspection_c\n'}
[0.700354] (-) TimerEvent: {}
[0.729052] (livox_ros_driver2) StdoutLine: {'line': b"-- Checking for module 'eigen3'\n"}
[0.738823] (livox_ros_driver2) StdoutLine: {'line': b'--   Found eigen3, version 3.4.0\n'}
[0.764571] (livox_ros_driver2) StdoutLine: {'line': b'-- Found Eigen: /usr/include/eigen3 (Required is at least version "3.1") \n'}
[0.764635] (livox_ros_driver2) StdoutLine: {'line': b'-- Eigen found (include: /usr/include/eigen3, version: 3.4.0)\n'}
[0.786846] (livox_ros_driver2) StdoutLine: {'line': b"-- Checking for module 'flann'\n"}
[0.796382] (livox_ros_driver2) StdoutLine: {'line': b'--   Found flann, version 1.9.1\n'}
[0.800431] (-) TimerEvent: {}
[0.818425] (custom_msgs) StdoutLine: {'line': b'-- Using all available rosidl_typesupport_cpp: rosidl_typesupport_fastrtps_cpp;rosidl_typesupport_introspection_cpp\n'}
[0.828504] (livox_ros_driver2) StdoutLine: {'line': b'-- Found FLANN: /usr/lib/x86_64-linux-gnu/libflann_cpp.so  \n'}
[0.828641] (livox_ros_driver2) StdoutLine: {'line': b'-- FLANN found (include: /usr/include, lib: /usr/lib/x86_64-linux-gnu/libflann_cpp.so)\n'}
[0.830305] (custom_msgs) StdoutLine: {'line': b'-- Found PythonInterp: /usr/bin/python3 (found suitable version "3.10.12", minimum required is "3.6") \n'}
[0.831172] (custom_msgs) StdoutLine: {'line': b'-- Found python_cmake_module: 0.10.0 (/opt/ros/humble/share/python_cmake_module/cmake)\n'}
[0.845867] (custom_msgs) StdoutLine: {'line': b'-- Found PythonLibs: /usr/lib/x86_64-linux-gnu/libpython3.10.so (found suitable version "3.10.12", minimum required is "3.5") \n'}
[0.845938] (custom_msgs) StdoutLine: {'line': b'-- Using PYTHON_EXECUTABLE: /usr/bin/python3\n'}
[0.845970] (custom_msgs) StdoutLine: {'line': b'-- Using PYTHON_INCLUDE_DIRS: /usr/include/python3.10\n'}
[0.845998] (custom_msgs) StdoutLine: {'line': b'-- Using PYTHON_LIBRARIES: /usr/lib/x86_64-linux-gnu/libpython3.10.so\n'}
[0.859511] (custom_msgs) StdoutLine: {'line': b'-- Found PythonExtra: .so  \n'}
[0.900545] (-) TimerEvent: {}
[0.929553] (custom_msgs) StdoutLine: {'line': b'-- Configuring done\n'}
[0.952994] (custom_msgs) StdoutLine: {'line': b'-- Generating done\n'}
[0.959592] (custom_msgs) StdoutLine: {'line': b'-- Build files have been written to: /home/zxcx/new_naw/build/custom_msgs\n'}
[0.965566] (custom_msgs) CommandEnded: {'returncode': 0}
[0.965990] (custom_msgs) JobProgress: {'identifier': 'custom_msgs', 'progress': 'build'}
[0.966010] (custom_msgs) Command: {'cmd': ['/usr/bin/cmake', '--build', '/home/zxcx/new_naw/build/custom_msgs', '--', '-j32', '-l32'], 'cwd': '/home/zxcx/new_naw/build/custom_msgs', 'env': OrderedDict([('LESSOPEN', '| /usr/bin/lesspipe %s'), ('LANGUAGE', 'zh_CN:zh:en_US:en'), ('USER', 'zxcx'), ('LC_TIME', 'zh_CN.UTF-8'), ('XDG_SESSION_TYPE', 'x11'), ('SHLVL', '1'), ('LD_LIBRARY_PATH', '/home/zxcx/new_naw/install/livox_ros_driver2/lib:/home/zxcx/new_naw/install/custom_msgs/lib:/usr/lib/x86_64-linux-gnu/gazebo-11/plugins:/opt/ros/humble/opt/rviz_ogre_vendor/lib:/opt/ros/humble/lib/x86_64-linux-gnu:/opt/ros/humble/lib'), ('HOME', '/home/zxcx'), ('OLDPWD', '/home/zxcx'), ('DESKTOP_SESSION', 'ubuntu'), ('ROS_PYTHON_VERSION', '3'), ('GNOME_SHELL_SESSION_MODE', 'ubuntu'), ('GTK_MODULES', 'gail:atk-bridge'), ('LC_MONETARY', 'zh_CN.UTF-8'), ('SYSTEMD_EXEC_PID', '2718'), ('DBUS_SESSION_BUS_ADDRESS', 'unix:path=/run/user/1000/bus'), ('COLORTERM', 'truecolor'), ('IM_CONFIG_PHASE', '1'), ('COLCON_PREFIX_PATH', '/home/zxcx/new_naw/install'), ('ROS_DISTRO', 'humble'), ('GTK_IM_MODULE', 'fcitx'), ('LOGNAME', 'zxcx'), ('_', '/usr/bin/colcon'), ('ROS_VERSION', '2'), ('XDG_SESSION_CLASS', 'user'), ('USERNAME', 'zxcx'), ('TERM', 'xterm-256color'), ('GNOME_DESKTOP_SESSION_ID', 'this-is-deprecated'), ('ROS_LOCALHOST_ONLY', '0'), ('WINDOWPATH', '2'), ('PATH', '/opt/ros/humble/bin:/usr/local/sbin:/usr/local/bin:/usr/sbin:/usr/bin:/sbin:/bin:/usr/games:/usr/local/games:/snap/bin:/snap/bin'), ('SESSION_MANAGER', 'local/zxcx0219:@/tmp/.ICE-unix/2481,unix/zxcx0219:/tmp/.ICE-unix/2481'), ('XDG_MENU_PREFIX', 'gnome-'), ('LC_ADDRESS', 'zh_CN.UTF-8'), ('GNOME_TERMINAL_SCREEN', '/org/gnome/Terminal/screen/bf679257_c193_4163_8cbb_24a3c4f52a94'), ('XDG_RUNTIME_DIR', '/run/user/1000'), ('DISPLAY', ':1'), ('LANG', 'zh_CN.UTF-8'), ('XDG_CURRENT_DESKTOP', 'ubuntu:GNOME'), ('LC_TELEPHONE', 'zh_CN.UTF-8'), ('XMODIFIERS', '@im=fcitx'), ('XDG_SESSION_DESKTOP', 'ubuntu'), ('XAUTHORITY', '/run/user/1000/gdm/Xauthority'), ('LS_COLORS', 'rs=0:di=01;34:ln=01;36:mh=00:pi=40;33:so=01;35:do=01;35:bd=40;33;01:cd=40;33;01:or=40;31;01:mi=00:su=37;41:sg=30;43:ca=30;41:tw=30;42:ow=34;42:st=37;44:ex=01;32:*.tar=01;31:*.tgz=01;31:*.arc=01;31:*.arj=01;31:*.taz=01;31:*.lha=01;31:*.lz4=01;31:*.lzh=01;31:*.lzma=01;31:*.tlz=01;31:*.txz=01;31:*.tzo=01;31:*.t7z=01;31:*.zip=01;31:*.z=01;31:*.dz=01;31:*.gz=01;31:*.lrz=01;31:*.lz=01;31:*.lzo=01;31:*.xz=01;31:*.zst=01;31:*.tzst=01;31:*.bz2=01;31:*.bz=01;31:*.tbz=01;31:*.tbz2=01;31:*.tz=01;31:*.deb=01;31:*.rpm=01;31:*.jar=01;31:*.war=01;31:*.ear=01;31:*.sar=01;31:*.rar=01;31:*.alz=01;31:*.ace=01;31:*.zoo=01;31:*.cpio=01;31:*.7z=01;31:*.rz=01;31:*.cab=01;31:*.wim=01;31:*.swm=01;31:*.dwm=01;31:*.esd=01;31:*.jpg=01;35:*.jpeg=01;35:*.mjpg=01;35:*.mjpeg=01;35:*.gif=01;35:*.bmp=01;35:*.pbm=01;35:*.pgm=01;35:*.ppm=01;35:*.tga=01;35:*.xbm=01;35:*.xpm=01;35:*.tif=01;35:*.tiff=01;35:*.png=01;35:*.svg=01;35:*.svgz=01;35:*.mng=01;35:*.pcx=01;35:*.mov=01;35:*.mpg=01;35:*.mpeg=01;35:*.m2v=01;35:*.mkv=01;35:*.webm=01;35:*.webp=01;35:*.ogm=01;35:*.mp4=01;35:*.m4v=01;35:*.mp4v=01;35:*.vob=01;35:*.qt=01;35:*.nuv=01;35:*.wmv=01;35:*.asf=01;35:*.rm=01;35:*.rmvb=01;35:*.flc=01;35:*.avi=01;35:*.fli=01;35:*.flv=01;35:*.gl=01;35:*.dl=01;35:*.xcf=01;35:*.xwd=01;35:*.yuv=01;35:*.cgm=01;35:*.emf=01;35:*.ogv=01;35:*.ogx=01;35:*.aac=00;36:*.au=00;36:*.flac=00;36:*.m4a=00;36:*.mid=00;36:*.midi=00;36:*.mka=00;36:*.mp3=00;36:*.mpc=00;36:*.ogg=00;36:*.ra=00;36:*.wav=00;36:*.oga=00;36:*.opus=00;36:*.spx=00;36:*.xspf=00;36:'), ('GNOME_TERMINAL_SERVICE', ':1.113'), ('SSH_AGENT_LAUNCHER', 'gnome-keyring'), ('SSH_AUTH_SOCK', '/run/user/1000/keyring/ssh'), ('AMENT_PREFIX_PATH', '/home/zxcx/new_naw/install/livox_ros_driver2:/home/zxcx/new_naw/install/custom_msgs:/home/zxcx/new_naw/install/controller:/opt/ros/humble'), ('SHELL', '/bin/bash'), ('LC_NAME', 'zh_CN.UTF-8'), ('QT_ACCESSIBILITY', '1'), ('GDMSESSION', 'ubuntu'), ('LESSCLOSE', '/usr/bin/lesspipe %s %s'), ('LC_MEASUREMENT', 'zh_CN.UTF-8'), ('GPG_AGENT_INFO', '/run/user/1000/gnupg/S.gpg-agent:0:1'), ('LC_IDENTIFICATION', 'zh_CN.UTF-8'), ('QT_IM_MODULE', 'fcitx'), ('PWD', '/home/zxcx/new_naw/build/custom_msgs'), ('XDG_CONFIG_DIRS', '/etc/xdg/xdg-ubuntu:/etc/xdg'), ('CLUTTER_IM_MODULE', 'fcitx'), ('XDG_DATA_DIRS', '/usr/share/ubuntu:/usr/share/gnome:/usr/local/share/:/usr/share/:/var/lib/snapd/desktop'), ('PYTHONPATH', '/home/zxcx/new_naw/install/livox_ros_driver2/local/lib/python3.10/dist-packages:/home/zxcx/new_naw/install/custom_msgs/local/lib/python3.10/dist-packages:/opt/ros/humble/lib/python3.10/site-packages:/opt/ros/humble/local/lib/python3.10/dist-packages'), ('LC_NUMERIC', 'zh_CN.UTF-8'), ('LC_PAPER', 'zh_CN.UTF-8'), ('COLCON', '1'), ('VTE_VERSION', '6800'), ('CMAKE_PREFIX_PATH', '/home/zxcx/new_naw/install/livox_ros_driver2:/home/zxcx/new_naw/install/custom_msgs:/home/zxcx/new_naw/install/controller:/opt/ros/humble')]), 'shell': False}
[0.992657] (custom_msgs) StdoutLine: {'line': b'[  1%] \x1b[34m\x1b[1mGenerating C code for ROS interfaces\x1b[0m\n'}
[0.999455] (custom_msgs) StdoutLine: {'line': b'[  3%] \x1b[34m\x1b[1mGenerating C++ code for ROS interfaces\x1b[0m\n'}
[1.000616] (-) TimerEvent: {}
[1.000729] (custom_msgs) StdoutLine: {'line': b'[  4%] \x1b[34m\x1b[1mGenerating Rust code for ROS interfaces\x1b[0m\n'}
[1.004308] (custom_msgs) StdoutLine: {'line': b'[  4%] Built target ament_cmake_python_copy_custom_msgs\n'}
[1.100725] (-) TimerEvent: {}
[1.121917] (custom_msgs) StdoutLine: {'line': b'running egg_info\n'}
[1.122148] (custom_msgs) StdoutLine: {'line': b'creating custom_msgs.egg-info\n'}
[1.122226] (custom_msgs) StdoutLine: {'line': b'writing custom_msgs.egg-info/PKG-INFO\n'}
[1.122311] (custom_msgs) StdoutLine: {'line': b'writing dependency_links to custom_msgs.egg-info/dependency_links.txt\n'}
[1.122385] (custom_msgs) StdoutLine: {'line': b'writing top-level names to custom_msgs.egg-info/top_level.txt\n'}
[1.122475] (custom_msgs) StdoutLine: {'line': b"writing manifest file 'custom_msgs.egg-info/SOURCES.txt'\n"}
[1.123330] (custom_msgs) StdoutLine: {'line': b"reading manifest file 'custom_msgs.egg-info/SOURCES.txt'\n"}
[1.123577] (custom_msgs) StdoutLine: {'line': b"writing manifest file 'custom_msgs.egg-info/SOURCES.txt'\n"}
[1.140180] (custom_msgs) StdoutLine: {'line': b'[  4%] Built target ament_cmake_python_build_custom_msgs_egg\n'}
[1.197070] (custom_msgs) StdoutLine: {'line': b'[  4%] Built target custom_msgs__rs\n'}
[1.200792] (-) TimerEvent: {}
[1.263476] (custom_msgs) StdoutLine: {'line': b'[  6%] \x1b[32mBuilding C object CMakeFiles/custom_msgs__rosidl_generator_c.dir/rosidl_generator_c/custom_msgs/msg/detail/map_data__functions.c.o\x1b[0m\n'}
[1.263656] (custom_msgs) StdoutLine: {'line': b'[  7%] \x1b[32mBuilding C object CMakeFiles/custom_msgs__rosidl_generator_c.dir/rosidl_generator_c/custom_msgs/msg/detail/vehicle_state__functions.c.o\x1b[0m\n'}
[1.263740] (custom_msgs) StdoutLine: {'line': b'[  9%] \x1b[32mBuilding C object CMakeFiles/custom_msgs__rosidl_generator_c.dir/rosidl_generator_c/custom_msgs/msg/detail/result__functions.c.o\x1b[0m\n'}
[1.263841] (custom_msgs) StdoutLine: {'line': b'[ 10%] \x1b[32mBuilding C object CMakeFiles/custom_msgs__rosidl_generator_c.dir/rosidl_generator_c/custom_msgs/msg/detail/goal__functions.c.o\x1b[0m\n'}
[1.264018] (custom_msgs) StdoutLine: {'line': b'[ 12%] \x1b[32mBuilding C object CMakeFiles/custom_msgs__rosidl_generator_c.dir/rosidl_generator_c/custom_msgs/msg/detail/chassis_info__functions.c.o\x1b[0m\n'}
[1.269065] (custom_msgs) StdoutLine: {'line': b'[ 12%] Built target custom_msgs__cpp\n'}
[1.276400] (custom_msgs) StdoutLine: {'line': b'[ 14%] \x1b[34m\x1b[1mGenerating C++ introspection for ROS interfaces\x1b[0m\n'}
[1.276519] (custom_msgs) StdoutLine: {'line': b'[ 15%] \x1b[34m\x1b[1mGenerating C++ type support dispatch for ROS interfaces\x1b[0m\n'}
[1.276716] (custom_msgs) StdoutLine: {'line': b'[ 17%] \x1b[34m\x1b[1mGenerating C++ type support for eProsima Fast-RTPS\x1b[0m\n'}
[1.300886] (-) TimerEvent: {}
[1.318238] (custom_msgs) StdoutLine: {'line': b'[ 18%] \x1b[32m\x1b[1mLinking C shared library libcustom_msgs__rosidl_generator_c.so\x1b[0m\n'}
[1.348783] (custom_msgs) StdoutLine: {'line': b'[ 18%] Built target custom_msgs__rosidl_generator_c\n'}
[1.357007] (custom_msgs) StdoutLine: {'line': b'[ 21%] \x1b[34m\x1b[1mGenerating C introspection for ROS interfaces\x1b[0m\n'}
[1.357137] (custom_msgs) StdoutLine: {'line': b'[ 21%] \x1b[34m\x1b[1mGenerating C type support dispatch for ROS interfaces\x1b[0m\n'}
[1.357213] (custom_msgs) StdoutLine: {'line': b'[ 23%] \x1b[34m\x1b[1mGenerating C type support for eProsima Fast-RTPS\x1b[0m\n'}
[1.400992] (-) TimerEvent: {}
[1.465844] (livox_ros_driver2) StdoutLine: {'line': b"-- Checking for module 'libusb-1.0'\n"}
[1.476837] (livox_ros_driver2) StdoutLine: {'line': b'--   Found libusb-1.0, version 1.0.25\n'}
[1.493401] (custom_msgs) StdoutLine: {'line': b'[ 26%] \x1b[32mBuilding CXX object CMakeFiles/custom_msgs__rosidl_typesupport_cpp.dir/rosidl_typesupport_cpp/custom_msgs/msg/map_data__type_support.cpp.o\x1b[0m\n'}
[1.493528] (custom_msgs) StdoutLine: {'line': b'[ 26%] \x1b[32mBuilding CXX object CMakeFiles/custom_msgs__rosidl_typesupport_cpp.dir/rosidl_typesupport_cpp/custom_msgs/msg/vehicle_state__type_support.cpp.o\x1b[0m\n'}
[1.493582] (custom_msgs) StdoutLine: {'line': b'[ 28%] \x1b[32mBuilding CXX object CMakeFiles/custom_msgs__rosidl_typesupport_cpp.dir/rosidl_typesupport_cpp/custom_msgs/msg/goal__type_support.cpp.o\x1b[0m\n'}
[1.494147] (custom_msgs) StdoutLine: {'line': b'[ 29%] \x1b[32mBuilding CXX object CMakeFiles/custom_msgs__rosidl_typesupport_cpp.dir/rosidl_typesupport_cpp/custom_msgs/msg/chassis_info__type_support.cpp.o\x1b[0m\n'}
[1.494257] (custom_msgs) StdoutLine: {'line': b'[ 31%] \x1b[32mBuilding CXX object CMakeFiles/custom_msgs__rosidl_typesupport_cpp.dir/rosidl_typesupport_cpp/custom_msgs/msg/result__type_support.cpp.o\x1b[0m\n'}
[1.501093] (-) TimerEvent: {}
[1.508441] (livox_ros_driver2) StdoutLine: {'line': b'-- Found libusb: /usr/lib/x86_64-linux-gnu/libusb-1.0.so  \n'}
[1.509068] (livox_ros_driver2) StdoutLine: {'line': b'-- OpenNI found (version: 1.5.4.0, include: /usr/include/ni, lib: /usr/lib/libOpenNI.so;libusb::libusb)\n'}
[1.515296] (custom_msgs) StdoutLine: {'line': b'[ 34%] \x1b[32mBuilding CXX object CMakeFiles/custom_msgs__rosidl_typesupport_introspection_cpp.dir/rosidl_typesupport_introspection_cpp/custom_msgs/msg/detail/vehicle_state__type_support.cpp.o\x1b[0m\n'}
[1.515452] (custom_msgs) StdoutLine: {'line': b'[ 34%] \x1b[32mBuilding CXX object CMakeFiles/custom_msgs__rosidl_typesupport_introspection_cpp.dir/rosidl_typesupport_introspection_cpp/custom_msgs/msg/detail/map_data__type_support.cpp.o\x1b[0m\n'}
[1.515526] (custom_msgs) StdoutLine: {'line': b'[ 35%] \x1b[32mBuilding CXX object CMakeFiles/custom_msgs__rosidl_typesupport_introspection_cpp.dir/rosidl_typesupport_introspection_cpp/custom_msgs/msg/detail/goal__type_support.cpp.o\x1b[0m\n'}
[1.516495] (custom_msgs) StdoutLine: {'line': b'[ 39%] \x1b[32mBuilding CXX object CMakeFiles/custom_msgs__rosidl_typesupport_introspection_cpp.dir/rosidl_typesupport_introspection_cpp/custom_msgs/msg/detail/result__type_support.cpp.o\x1b[0m\n'}
[1.516552] (custom_msgs) StdoutLine: {'line': b'[ 39%] \x1b[32mBuilding CXX object CMakeFiles/custom_msgs__rosidl_typesupport_introspection_cpp.dir/rosidl_typesupport_introspection_cpp/custom_msgs/msg/detail/chassis_info__type_support.cpp.o\x1b[0m\n'}
[1.539128] (custom_msgs) StdoutLine: {'line': b'[ 40%] \x1b[32mBuilding CXX object CMakeFiles/custom_msgs__rosidl_typesupport_fastrtps_cpp.dir/rosidl_typesupport_fastrtps_cpp/custom_msgs/msg/detail/dds_fastrtps/map_data__type_support.cpp.o\x1b[0m\n'}
[1.540050] (custom_msgs) StdoutLine: {'line': b'[ 45%] \x1b[32mBuilding CXX object CMakeFiles/custom_msgs__rosidl_typesupport_fastrtps_cpp.dir/rosidl_typesupport_fastrtps_cpp/custom_msgs/msg/detail/dds_fastrtps/vehicle_state__type_support.cpp.o\x1b[0m\n'}
[1.540158] (custom_msgs) StdoutLine: {'line': b'[ 45%] \x1b[32mBuilding CXX object CMakeFiles/custom_msgs__rosidl_typesupport_fastrtps_cpp.dir/rosidl_typesupport_fastrtps_cpp/custom_msgs/msg/detail/dds_fastrtps/chassis_info__type_support.cpp.o\x1b[0m\n'}
[1.540214] (custom_msgs) StdoutLine: {'line': b'[ 45%] \x1b[32mBuilding CXX object CMakeFiles/custom_msgs__rosidl_typesupport_fastrtps_cpp.dir/rosidl_typesupport_fastrtps_cpp/custom_msgs/msg/detail/dds_fastrtps/goal__type_support.cpp.o\x1b[0m\n'}
[1.541888] (custom_msgs) StdoutLine: {'line': b'[ 46%] \x1b[32mBuilding CXX object CMakeFiles/custom_msgs__rosidl_typesupport_fastrtps_cpp.dir/rosidl_typesupport_fastrtps_cpp/custom_msgs/msg/detail/dds_fastrtps/result__type_support.cpp.o\x1b[0m\n'}
[1.570200] (livox_ros_driver2) StdoutLine: {'line': b'-- OpenNI2 found (version: 2.2.0.33, include: /usr/include/openni2, lib: /usr/lib/x86_64-linux-gnu/libOpenNI2.so;libusb::libusb)\n'}
[1.573378] (custom_msgs) StdoutLine: {'line': b'[ 48%] \x1b[32mBuilding CXX object CMakeFiles/custom_msgs__rosidl_typesupport_c.dir/rosidl_typesupport_c/custom_msgs/msg/chassis_info__type_support.cpp.o\x1b[0m\n'}
[1.574346] (custom_msgs) StdoutLine: {'line': b'[ 50%] \x1b[32mBuilding CXX object CMakeFiles/custom_msgs__rosidl_typesupport_c.dir/rosidl_typesupport_c/custom_msgs/msg/goal__type_support.cpp.o\x1b[0m\n'}
[1.574835] (custom_msgs) StdoutLine: {'line': b'[ 53%] \x1b[32mBuilding CXX object CMakeFiles/custom_msgs__rosidl_typesupport_c.dir/rosidl_typesupport_c/custom_msgs/msg/map_data__type_support.cpp.o\x1b[0m\n'}
[1.574957] (custom_msgs) StdoutLine: {'line': b'[ 53%] \x1b[32mBuilding CXX object CMakeFiles/custom_msgs__rosidl_typesupport_c.dir/rosidl_typesupport_c/custom_msgs/msg/vehicle_state__type_support.cpp.o\x1b[0m\n'}
[1.575271] (custom_msgs) StdoutLine: {'line': b'[ 54%] \x1b[32mBuilding CXX object CMakeFiles/custom_msgs__rosidl_typesupport_c.dir/rosidl_typesupport_c/custom_msgs/msg/result__type_support.cpp.o\x1b[0m\n'}
[1.601263] (-) TimerEvent: {}
[1.607264] (custom_msgs) StdoutLine: {'line': b'[ 56%] \x1b[32m\x1b[1mLinking CXX shared library libcustom_msgs__rosidl_typesupport_c.so\x1b[0m\n'}
[1.624336] (custom_msgs) StdoutLine: {'line': b'[ 57%] \x1b[32mBuilding C object CMakeFiles/custom_msgs__rosidl_typesupport_introspection_c.dir/rosidl_typesupport_introspection_c/custom_msgs/msg/detail/goal__type_support.c.o\x1b[0m\n'}
[1.625756] (custom_msgs) StdoutLine: {'line': b'[ 59%] \x1b[32mBuilding C object CMakeFiles/custom_msgs__rosidl_typesupport_introspection_c.dir/rosidl_typesupport_introspection_c/custom_msgs/msg/detail/map_data__type_support.c.o\x1b[0m\n'}
[1.625921] (custom_msgs) StdoutLine: {'line': b'[ 60%] \x1b[32mBuilding C object CMakeFiles/custom_msgs__rosidl_typesupport_introspection_c.dir/rosidl_typesupport_introspection_c/custom_msgs/msg/detail/vehicle_state__type_support.c.o\x1b[0m\n'}
[1.626004] (custom_msgs) StdoutLine: {'line': b'[ 62%] \x1b[32mBuilding C object CMakeFiles/custom_msgs__rosidl_typesupport_introspection_c.dir/rosidl_typesupport_introspection_c/custom_msgs/msg/detail/chassis_info__type_support.c.o\x1b[0m\n'}
[1.626099] (custom_msgs) StdoutLine: {'line': b'[ 64%] \x1b[32mBuilding C object CMakeFiles/custom_msgs__rosidl_typesupport_introspection_c.dir/rosidl_typesupport_introspection_c/custom_msgs/msg/detail/result__type_support.c.o\x1b[0m\n'}
[1.641718] (custom_msgs) StdoutLine: {'line': b'[ 65%] \x1b[32mBuilding CXX object CMakeFiles/custom_msgs__rosidl_typesupport_fastrtps_c.dir/rosidl_typesupport_fastrtps_c/custom_msgs/msg/detail/map_data__type_support_c.cpp.o\x1b[0m\n'}
[1.642038] (custom_msgs) StdoutLine: {'line': b'[ 70%] \x1b[32mBuilding CXX object CMakeFiles/custom_msgs__rosidl_typesupport_fastrtps_c.dir/rosidl_typesupport_fastrtps_c/custom_msgs/msg/detail/vehicle_state__type_support_c.cpp.o\x1b[0m\n'}
[1.642148] (custom_msgs) StdoutLine: {'line': b'[ 70%] \x1b[32mBuilding CXX object CMakeFiles/custom_msgs__rosidl_typesupport_fastrtps_c.dir/rosidl_typesupport_fastrtps_c/custom_msgs/msg/detail/chassis_info__type_support_c.cpp.o\x1b[0m\n'}
[1.642212] (custom_msgs) StdoutLine: {'line': b'[ 70%] \x1b[32mBuilding CXX object CMakeFiles/custom_msgs__rosidl_typesupport_fastrtps_c.dir/rosidl_typesupport_fastrtps_c/custom_msgs/msg/detail/goal__type_support_c.cpp.o\x1b[0m\n'}
[1.644339] (custom_msgs) StdoutLine: {'line': b'[ 71%] \x1b[32mBuilding CXX object CMakeFiles/custom_msgs__rosidl_typesupport_fastrtps_c.dir/rosidl_typesupport_fastrtps_c/custom_msgs/msg/detail/result__type_support_c.cpp.o\x1b[0m\n'}
[1.654799] (custom_msgs) StdoutLine: {'line': b'[ 71%] Built target custom_msgs__rosidl_typesupport_c\n'}
[1.675794] (custom_msgs) StdoutLine: {'line': b'[ 73%] \x1b[32m\x1b[1mLinking C shared library libcustom_msgs__rosidl_typesupport_introspection_c.so\x1b[0m\n'}
[1.701390] (-) TimerEvent: {}
[1.703513] (custom_msgs) StdoutLine: {'line': b'[ 73%] Built target custom_msgs__rosidl_typesupport_introspection_c\n'}
[1.705860] (livox_ros_driver2) StdoutLine: {'line': b'-- Eigen found (include: /usr/include/eigen3, version: 3.4.0)\n'}
[1.710676] (livox_ros_driver2) StdoutLine: {'line': b'-- OpenNI found (version: 1.5.4.0, include: /usr/include/ni, lib: /usr/lib/libOpenNI.so;libusb::libusb)\n'}
[1.718309] (livox_ros_driver2) StdoutLine: {'line': b'-- OpenNI2 found (version: 2.2.0.33, include: /usr/include/openni2, lib: /usr/lib/x86_64-linux-gnu/libOpenNI2.so;libusb::libusb)\n'}
[1.734456] (custom_msgs) StdoutLine: {'line': b'[ 75%] \x1b[32m\x1b[1mLinking CXX shared library libcustom_msgs__rosidl_typesupport_cpp.so\x1b[0m\n'}
[1.771420] (custom_msgs) StdoutLine: {'line': b'[ 75%] Built target custom_msgs__rosidl_typesupport_cpp\n'}
[1.801505] (-) TimerEvent: {}
[1.827944] (custom_msgs) StdoutLine: {'line': b'[ 76%] \x1b[32m\x1b[1mLinking CXX shared library libcustom_msgs__rosidl_typesupport_introspection_cpp.so\x1b[0m\n'}
[1.833734] (livox_ros_driver2) StdoutLine: {'line': b'-- Found Qhull version 8.0.2\n'}
[1.850599] (custom_msgs) StdoutLine: {'line': b'[ 78%] \x1b[32m\x1b[1mLinking CXX shared library libcustom_msgs__rosidl_typesupport_fastrtps_cpp.so\x1b[0m\n'}
[1.878680] (custom_msgs) StdoutLine: {'line': b'[ 79%] \x1b[32m\x1b[1mLinking CXX shared library libcustom_msgs__rosidl_typesupport_fastrtps_c.so\x1b[0m\n'}
[1.880741] (custom_msgs) StdoutLine: {'line': b'[ 79%] Built target custom_msgs__rosidl_typesupport_introspection_cpp\n'}
[1.897715] (custom_msgs) StdoutLine: {'line': b'[ 79%] Built target custom_msgs__rosidl_typesupport_fastrtps_cpp\n'}
[1.901574] (-) TimerEvent: {}
[1.924696] (livox_ros_driver2) StdoutLine: {'line': b'-- OpenNI found (version: 1.5.4.0, include: /usr/include/ni, lib: /usr/lib/libOpenNI.so;libusb::libusb)\n'}
[1.928555] (custom_msgs) StdoutLine: {'line': b'[ 79%] Built target custom_msgs__rosidl_typesupport_fastrtps_c\n'}
[1.941396] (custom_msgs) StdoutLine: {'line': b'[ 79%] Built target custom_msgs\n'}
[1.955315] (custom_msgs) StdoutLine: {'line': b'[ 81%] \x1b[34m\x1b[1mGenerating Python code for ROS interfaces\x1b[0m\n'}
[2.001678] (-) TimerEvent: {}
[2.010455] (livox_ros_driver2) StdoutLine: {'line': b'-- Found PCL_COMMON: /usr/lib/x86_64-linux-gnu/libpcl_common.so  \n'}
[2.010935] (livox_ros_driver2) StdoutLine: {'line': b'-- Found PCL_KDTREE: /usr/lib/x86_64-linux-gnu/libpcl_kdtree.so  \n'}
[2.011365] (livox_ros_driver2) StdoutLine: {'line': b'-- Found PCL_OCTREE: /usr/lib/x86_64-linux-gnu/libpcl_octree.so  \n'}
[2.011832] (livox_ros_driver2) StdoutLine: {'line': b'-- Found PCL_SEARCH: /usr/lib/x86_64-linux-gnu/libpcl_search.so  \n'}
[2.012403] (livox_ros_driver2) StdoutLine: {'line': b'-- Found PCL_SAMPLE_CONSENSUS: /usr/lib/x86_64-linux-gnu/libpcl_sample_consensus.so  \n'}
[2.012872] (livox_ros_driver2) StdoutLine: {'line': b'-- Found PCL_FILTERS: /usr/lib/x86_64-linux-gnu/libpcl_filters.so  \n'}
[2.013067] (livox_ros_driver2) StdoutLine: {'line': b'-- Found PCL_2D: /usr/include/pcl-1.12  \n'}
[2.013220] (livox_ros_driver2) StdoutLine: {'line': b'-- Found PCL_GEOMETRY: /usr/include/pcl-1.12  \n'}
[2.013637] (livox_ros_driver2) StdoutLine: {'line': b'-- Found PCL_IO: /usr/lib/x86_64-linux-gnu/libpcl_io.so  \n'}
[2.014129] (livox_ros_driver2) StdoutLine: {'line': b'-- Found PCL_FEATURES: /usr/lib/x86_64-linux-gnu/libpcl_features.so  \n'}
[2.014602] (livox_ros_driver2) StdoutLine: {'line': b'-- Found PCL_ML: /usr/lib/x86_64-linux-gnu/libpcl_ml.so  \n'}
[2.015013] (livox_ros_driver2) StdoutLine: {'line': b'-- Found PCL_SEGMENTATION: /usr/lib/x86_64-linux-gnu/libpcl_segmentation.so  \n'}
[2.015489] (livox_ros_driver2) StdoutLine: {'line': b'-- Found PCL_VISUALIZATION: /usr/lib/x86_64-linux-gnu/libpcl_visualization.so  \n'}
[2.015972] (livox_ros_driver2) StdoutLine: {'line': b'-- Found PCL_SURFACE: /usr/lib/x86_64-linux-gnu/libpcl_surface.so  \n'}
[2.016414] (livox_ros_driver2) StdoutLine: {'line': b'-- Found PCL_REGISTRATION: /usr/lib/x86_64-linux-gnu/libpcl_registration.so  \n'}
[2.016887] (livox_ros_driver2) StdoutLine: {'line': b'-- Found PCL_KEYPOINTS: /usr/lib/x86_64-linux-gnu/libpcl_keypoints.so  \n'}
[2.017343] (livox_ros_driver2) StdoutLine: {'line': b'-- Found PCL_TRACKING: /usr/lib/x86_64-linux-gnu/libpcl_tracking.so  \n'}
[2.017793] (livox_ros_driver2) StdoutLine: {'line': b'-- Found PCL_RECOGNITION: /usr/lib/x86_64-linux-gnu/libpcl_recognition.so  \n'}
[2.018305] (livox_ros_driver2) StdoutLine: {'line': b'-- Found PCL_STEREO: /usr/lib/x86_64-linux-gnu/libpcl_stereo.so  \n'}
[2.018729] (livox_ros_driver2) StdoutLine: {'line': b'-- Found PCL_APPS: /usr/lib/x86_64-linux-gnu/libpcl_apps.so  \n'}
[2.019145] (livox_ros_driver2) StdoutLine: {'line': b'-- Found PCL_IN_HAND_SCANNER: /usr/include/pcl-1.12  \n'}
[2.019293] (livox_ros_driver2) StdoutLine: {'line': b'-- Found PCL_MODELER: /usr/include/pcl-1.12  \n'}
[2.019460] (livox_ros_driver2) StdoutLine: {'line': b'-- Found PCL_POINT_CLOUD_EDITOR: /usr/include/pcl-1.12  \n'}
[2.019883] (livox_ros_driver2) StdoutLine: {'line': b'-- Found PCL_OUTOFCORE: /usr/lib/x86_64-linux-gnu/libpcl_outofcore.so  \n'}
[2.020347] (livox_ros_driver2) StdoutLine: {'line': b'-- Found PCL_PEOPLE: /usr/lib/x86_64-linux-gnu/libpcl_people.so  \n'}
[2.051382] (livox_ros_driver2) StdoutLine: {'line': b'-- Found PkgConfig: /usr/bin/pkg-config (found version "0.29.2") \n'}
[2.101757] (-) TimerEvent: {}
[2.176140] (livox_ros_driver2) StdoutLine: {'line': b'-- Found ament_cmake_ros: 0.10.0 (/opt/ros/humble/share/ament_cmake_ros/cmake)\n'}
[2.201852] (-) TimerEvent: {}
[2.302035] (-) TimerEvent: {}
[2.306599] (livox_ros_driver2) StdoutLine: {'line': b'-- Using all available rosidl_typesupport_c: rosidl_typesupport_fastrtps_c;rosidl_typesupport_introspection_c\n'}
[2.356354] (custom_msgs) StdoutLine: {'line': b'[ 81%] Built target custom_msgs__py\n'}
[2.370699] (custom_msgs) StdoutLine: {'line': b'[ 82%] \x1b[32mBuilding C object CMakeFiles/custom_msgs__rosidl_generator_py.dir/rosidl_generator_py/custom_msgs/msg/_vehicle_state_s.c.o\x1b[0m\n'}
[2.371099] (custom_msgs) StdoutLine: {'line': b'[ 85%] \x1b[32mBuilding C object CMakeFiles/custom_msgs__rosidl_generator_py.dir/rosidl_generator_py/custom_msgs/msg/_goal_s.c.o\x1b[0m\n'}
[2.371151] (custom_msgs) StdoutLine: {'line': b'[ 85%] \x1b[32mBuilding C object CMakeFiles/custom_msgs__rosidl_generator_py.dir/rosidl_generator_py/custom_msgs/msg/_map_data_s.c.o\x1b[0m\n'}
[2.371442] (custom_msgs) StdoutLine: {'line': b'[ 87%] \x1b[32mBuilding C object CMakeFiles/custom_msgs__rosidl_generator_py.dir/rosidl_generator_py/custom_msgs/msg/_result_s.c.o\x1b[0m\n'}
[2.371846] (custom_msgs) StdoutLine: {'line': b'[ 89%] \x1b[32mBuilding C object CMakeFiles/custom_msgs__rosidl_generator_py.dir/rosidl_generator_py/custom_msgs/msg/_chassis_info_s.c.o\x1b[0m\n'}
[2.402142] (-) TimerEvent: {}
[2.474134] (custom_msgs) StdoutLine: {'line': b'[ 90%] \x1b[32m\x1b[1mLinking C shared library rosidl_generator_py/custom_msgs/libcustom_msgs__rosidl_generator_py.so\x1b[0m\n'}
[2.483699] (livox_ros_driver2) StdoutLine: {'line': b'-- Using all available rosidl_typesupport_cpp: rosidl_typesupport_fastrtps_cpp;rosidl_typesupport_introspection_cpp\n'}
[2.496074] (livox_ros_driver2) StdoutLine: {'line': b'-- Found PythonInterp: /usr/bin/python3 (found suitable version "3.10.12", minimum required is "3.6") \n'}
[2.496969] (livox_ros_driver2) StdoutLine: {'line': b'-- Found python_cmake_module: 0.10.0 (/opt/ros/humble/share/python_cmake_module/cmake)\n'}
[2.501866] (custom_msgs) StdoutLine: {'line': b'[ 90%] Built target custom_msgs__rosidl_generator_py\n'}
[2.502202] (-) TimerEvent: {}
[2.511867] (livox_ros_driver2) StdoutLine: {'line': b'-- Found PythonLibs: /usr/lib/x86_64-linux-gnu/libpython3.10.so (found suitable version "3.10.12", minimum required is "3.5") \n'}
[2.511988] (livox_ros_driver2) StdoutLine: {'line': b'-- Using PYTHON_EXECUTABLE: /usr/bin/python3\n'}
[2.512044] (livox_ros_driver2) StdoutLine: {'line': b'-- Using PYTHON_INCLUDE_DIRS: /usr/include/python3.10\n'}
[2.512090] (livox_ros_driver2) StdoutLine: {'line': b'-- Using PYTHON_LIBRARIES: /usr/lib/x86_64-linux-gnu/libpython3.10.so\n'}
[2.515999] (custom_msgs) StdoutLine: {'line': b'[ 93%] \x1b[32mBuilding C object CMakeFiles/custom_msgs__rosidl_typesupport_fastrtps_c__pyext.dir/rosidl_generator_py/custom_msgs/_custom_msgs_s.ep.rosidl_typesupport_fastrtps_c.c.o\x1b[0m\n'}
[2.516098] (custom_msgs) StdoutLine: {'line': b'[ 93%] \x1b[32mBuilding C object CMakeFiles/custom_msgs__rosidl_typesupport_introspection_c__pyext.dir/rosidl_generator_py/custom_msgs/_custom_msgs_s.ep.rosidl_typesupport_introspection_c.c.o\x1b[0m\n'}
[2.517815] (custom_msgs) StdoutLine: {'line': b'[ 95%] \x1b[32mBuilding C object CMakeFiles/custom_msgs__rosidl_typesupport_c__pyext.dir/rosidl_generator_py/custom_msgs/_custom_msgs_s.ep.rosidl_typesupport_c.c.o\x1b[0m\n'}
[2.523813] (livox_ros_driver2) StdoutLine: {'line': b'-- Found PythonExtra: .so  \n'}
[2.602318] (-) TimerEvent: {}
[2.606497] (livox_ros_driver2) StdoutLine: {'line': b'-- Found ament_lint_auto: 0.12.15 (/opt/ros/humble/share/ament_lint_auto/cmake)\n'}
[2.607268] (custom_msgs) StdoutLine: {'line': b'[ 96%] \x1b[32m\x1b[1mLinking C shared library rosidl_generator_py/custom_msgs/custom_msgs_s__rosidl_typesupport_c.cpython-310-x86_64-linux-gnu.so\x1b[0m\n'}
[2.609578] (custom_msgs) StdoutLine: {'line': b'[ 98%] \x1b[32m\x1b[1mLinking C shared library rosidl_generator_py/custom_msgs/custom_msgs_s__rosidl_typesupport_fastrtps_c.cpython-310-x86_64-linux-gnu.so\x1b[0m\n'}
[2.612652] (custom_msgs) StdoutLine: {'line': b'[100%] \x1b[32m\x1b[1mLinking C shared library rosidl_generator_py/custom_msgs/custom_msgs_s__rosidl_typesupport_introspection_c.cpython-310-x86_64-linux-gnu.so\x1b[0m\n'}
[2.619700] (livox_ros_driver2) StdoutLine: {'line': b"-- Added test 'copyright' to check source files copyright and LICENSE\n"}
[2.623469] (livox_ros_driver2) StdoutLine: {'line': b"-- Added test 'cppcheck' to perform static code analysis on C / C++ code\n"}
[2.623895] (livox_ros_driver2) StdoutLine: {'line': b'-- Configured cppcheck include dirs: /home/zxcx/new_naw/livox_ros_driver2/Livox-SDK2/include;/home/zxcx/new_naw/livox_ros_driver2/3rdparty;/home/zxcx/new_naw/livox_ros_driver2/src\n'}
[2.623935] (livox_ros_driver2) StdoutLine: {'line': b'-- Configured cppcheck exclude dirs and/or files: \n'}
[2.627513] (livox_ros_driver2) StdoutLine: {'line': b"-- Added test 'cpplint' to check C / C++ code against the Google style\n"}
[2.627565] (livox_ros_driver2) StdoutLine: {'line': b'-- Configured cpplint exclude dirs and/or files: \n'}
[2.628209] (livox_ros_driver2) StdoutLine: {'line': b"-- Added test 'flake8' to check Python code syntax and style conventions\n"}
[2.629268] (livox_ros_driver2) StdoutLine: {'line': b"-- Added test 'lint_cmake' to check CMake code style\n"}
[2.629924] (livox_ros_driver2) StdoutLine: {'line': b"-- Added test 'pep257' to check Python code against some of the docstring style conventions in PEP 257\n"}
[2.633521] (livox_ros_driver2) StdoutLine: {'line': b"-- Added test 'uncrustify' to check C / C++ code style\n"}
[2.633558] (livox_ros_driver2) StdoutLine: {'line': b'-- Configured uncrustify additional arguments: \n'}
[2.634230] (livox_ros_driver2) StdoutLine: {'line': b"-- Added test 'xmllint' to check XML markup files\n"}
[2.634616] (custom_msgs) StdoutLine: {'line': b'[100%] Built target custom_msgs__rosidl_typesupport_c__pyext\n'}
[2.635653] (custom_msgs) StdoutLine: {'line': b'[100%] Built target custom_msgs__rosidl_typesupport_fastrtps_c__pyext\n'}
[2.635823] (livox_ros_driver2) StdoutLine: {'line': b'-- Configuring done\n'}
[2.639186] (custom_msgs) StdoutLine: {'line': b'[100%] Built target custom_msgs__rosidl_typesupport_introspection_c__pyext\n'}
[2.648111] (custom_msgs) CommandEnded: {'returncode': 0}
[2.648557] (custom_msgs) JobProgress: {'identifier': 'custom_msgs', 'progress': 'install'}
[2.649123] (custom_msgs) Command: {'cmd': ['/usr/bin/cmake', '--install', '/home/zxcx/new_naw/build/custom_msgs'], 'cwd': '/home/zxcx/new_naw/build/custom_msgs', 'env': OrderedDict([('LESSOPEN', '| /usr/bin/lesspipe %s'), ('LANGUAGE', 'zh_CN:zh:en_US:en'), ('USER', 'zxcx'), ('LC_TIME', 'zh_CN.UTF-8'), ('XDG_SESSION_TYPE', 'x11'), ('SHLVL', '1'), ('LD_LIBRARY_PATH', '/home/zxcx/new_naw/install/livox_ros_driver2/lib:/home/zxcx/new_naw/install/custom_msgs/lib:/usr/lib/x86_64-linux-gnu/gazebo-11/plugins:/opt/ros/humble/opt/rviz_ogre_vendor/lib:/opt/ros/humble/lib/x86_64-linux-gnu:/opt/ros/humble/lib'), ('HOME', '/home/zxcx'), ('OLDPWD', '/home/zxcx'), ('DESKTOP_SESSION', 'ubuntu'), ('ROS_PYTHON_VERSION', '3'), ('GNOME_SHELL_SESSION_MODE', 'ubuntu'), ('GTK_MODULES', 'gail:atk-bridge'), ('LC_MONETARY', 'zh_CN.UTF-8'), ('SYSTEMD_EXEC_PID', '2718'), ('DBUS_SESSION_BUS_ADDRESS', 'unix:path=/run/user/1000/bus'), ('COLORTERM', 'truecolor'), ('IM_CONFIG_PHASE', '1'), ('COLCON_PREFIX_PATH', '/home/zxcx/new_naw/install'), ('ROS_DISTRO', 'humble'), ('GTK_IM_MODULE', 'fcitx'), ('LOGNAME', 'zxcx'), ('_', '/usr/bin/colcon'), ('ROS_VERSION', '2'), ('XDG_SESSION_CLASS', 'user'), ('USERNAME', 'zxcx'), ('TERM', 'xterm-256color'), ('GNOME_DESKTOP_SESSION_ID', 'this-is-deprecated'), ('ROS_LOCALHOST_ONLY', '0'), ('WINDOWPATH', '2'), ('PATH', '/opt/ros/humble/bin:/usr/local/sbin:/usr/local/bin:/usr/sbin:/usr/bin:/sbin:/bin:/usr/games:/usr/local/games:/snap/bin:/snap/bin'), ('SESSION_MANAGER', 'local/zxcx0219:@/tmp/.ICE-unix/2481,unix/zxcx0219:/tmp/.ICE-unix/2481'), ('XDG_MENU_PREFIX', 'gnome-'), ('LC_ADDRESS', 'zh_CN.UTF-8'), ('GNOME_TERMINAL_SCREEN', '/org/gnome/Terminal/screen/bf679257_c193_4163_8cbb_24a3c4f52a94'), ('XDG_RUNTIME_DIR', '/run/user/1000'), ('DISPLAY', ':1'), ('LANG', 'zh_CN.UTF-8'), ('XDG_CURRENT_DESKTOP', 'ubuntu:GNOME'), ('LC_TELEPHONE', 'zh_CN.UTF-8'), ('XMODIFIERS', '@im=fcitx'), ('XDG_SESSION_DESKTOP', 'ubuntu'), ('XAUTHORITY', '/run/user/1000/gdm/Xauthority'), ('LS_COLORS', 'rs=0:di=01;34:ln=01;36:mh=00:pi=40;33:so=01;35:do=01;35:bd=40;33;01:cd=40;33;01:or=40;31;01:mi=00:su=37;41:sg=30;43:ca=30;41:tw=30;42:ow=34;42:st=37;44:ex=01;32:*.tar=01;31:*.tgz=01;31:*.arc=01;31:*.arj=01;31:*.taz=01;31:*.lha=01;31:*.lz4=01;31:*.lzh=01;31:*.lzma=01;31:*.tlz=01;31:*.txz=01;31:*.tzo=01;31:*.t7z=01;31:*.zip=01;31:*.z=01;31:*.dz=01;31:*.gz=01;31:*.lrz=01;31:*.lz=01;31:*.lzo=01;31:*.xz=01;31:*.zst=01;31:*.tzst=01;31:*.bz2=01;31:*.bz=01;31:*.tbz=01;31:*.tbz2=01;31:*.tz=01;31:*.deb=01;31:*.rpm=01;31:*.jar=01;31:*.war=01;31:*.ear=01;31:*.sar=01;31:*.rar=01;31:*.alz=01;31:*.ace=01;31:*.zoo=01;31:*.cpio=01;31:*.7z=01;31:*.rz=01;31:*.cab=01;31:*.wim=01;31:*.swm=01;31:*.dwm=01;31:*.esd=01;31:*.jpg=01;35:*.jpeg=01;35:*.mjpg=01;35:*.mjpeg=01;35:*.gif=01;35:*.bmp=01;35:*.pbm=01;35:*.pgm=01;35:*.ppm=01;35:*.tga=01;35:*.xbm=01;35:*.xpm=01;35:*.tif=01;35:*.tiff=01;35:*.png=01;35:*.svg=01;35:*.svgz=01;35:*.mng=01;35:*.pcx=01;35:*.mov=01;35:*.mpg=01;35:*.mpeg=01;35:*.m2v=01;35:*.mkv=01;35:*.webm=01;35:*.webp=01;35:*.ogm=01;35:*.mp4=01;35:*.m4v=01;35:*.mp4v=01;35:*.vob=01;35:*.qt=01;35:*.nuv=01;35:*.wmv=01;35:*.asf=01;35:*.rm=01;35:*.rmvb=01;35:*.flc=01;35:*.avi=01;35:*.fli=01;35:*.flv=01;35:*.gl=01;35:*.dl=01;35:*.xcf=01;35:*.xwd=01;35:*.yuv=01;35:*.cgm=01;35:*.emf=01;35:*.ogv=01;35:*.ogx=01;35:*.aac=00;36:*.au=00;36:*.flac=00;36:*.m4a=00;36:*.mid=00;36:*.midi=00;36:*.mka=00;36:*.mp3=00;36:*.mpc=00;36:*.ogg=00;36:*.ra=00;36:*.wav=00;36:*.oga=00;36:*.opus=00;36:*.spx=00;36:*.xspf=00;36:'), ('GNOME_TERMINAL_SERVICE', ':1.113'), ('SSH_AGENT_LAUNCHER', 'gnome-keyring'), ('SSH_AUTH_SOCK', '/run/user/1000/keyring/ssh'), ('AMENT_PREFIX_PATH', '/home/zxcx/new_naw/install/livox_ros_driver2:/home/zxcx/new_naw/install/custom_msgs:/home/zxcx/new_naw/install/controller:/opt/ros/humble'), ('SHELL', '/bin/bash'), ('LC_NAME', 'zh_CN.UTF-8'), ('QT_ACCESSIBILITY', '1'), ('GDMSESSION', 'ubuntu'), ('LESSCLOSE', '/usr/bin/lesspipe %s %s'), ('LC_MEASUREMENT', 'zh_CN.UTF-8'), ('GPG_AGENT_INFO', '/run/user/1000/gnupg/S.gpg-agent:0:1'), ('LC_IDENTIFICATION', 'zh_CN.UTF-8'), ('QT_IM_MODULE', 'fcitx'), ('PWD', '/home/zxcx/new_naw/build/custom_msgs'), ('XDG_CONFIG_DIRS', '/etc/xdg/xdg-ubuntu:/etc/xdg'), ('CLUTTER_IM_MODULE', 'fcitx'), ('XDG_DATA_DIRS', '/usr/share/ubuntu:/usr/share/gnome:/usr/local/share/:/usr/share/:/var/lib/snapd/desktop'), ('PYTHONPATH', '/home/zxcx/new_naw/install/livox_ros_driver2/local/lib/python3.10/dist-packages:/home/zxcx/new_naw/install/custom_msgs/local/lib/python3.10/dist-packages:/opt/ros/humble/lib/python3.10/site-packages:/opt/ros/humble/local/lib/python3.10/dist-packages'), ('LC_NUMERIC', 'zh_CN.UTF-8'), ('LC_PAPER', 'zh_CN.UTF-8'), ('COLCON', '1'), ('VTE_VERSION', '6800'), ('CMAKE_PREFIX_PATH', '/home/zxcx/new_naw/install/livox_ros_driver2:/home/zxcx/new_naw/install/custom_msgs:/home/zxcx/new_naw/install/controller:/opt/ros/humble')]), 'shell': False}
[2.654210] (custom_msgs) StdoutLine: {'line': b'-- Install configuration: "Release"\n'}
[2.654833] (custom_msgs) StdoutLine: {'line': b'-- Installing: /home/zxcx/new_naw/install/custom_msgs/share/ament_index/resource_index/rosidl_interfaces/custom_msgs\n'}
[2.654966] (custom_msgs) StdoutLine: {'line': b'-- Installing: /home/zxcx/new_naw/install/custom_msgs/include/custom_msgs/custom_msgs\n'}
[2.655067] (custom_msgs) StdoutLine: {'line': b'-- Installing: /home/zxcx/new_naw/install/custom_msgs/include/custom_msgs/custom_msgs/msg\n'}
[2.655124] (custom_msgs) StdoutLine: {'line': b'-- Installing: /home/zxcx/new_naw/install/custom_msgs/include/custom_msgs/custom_msgs/msg/vehicle_state.h\n'}
[2.655227] (custom_msgs) StdoutLine: {'line': b'-- Installing: /home/zxcx/new_naw/install/custom_msgs/include/custom_msgs/custom_msgs/msg/map_data.h\n'}
[2.655323] (custom_msgs) StdoutLine: {'line': b'-- Installing: /home/zxcx/new_naw/install/custom_msgs/include/custom_msgs/custom_msgs/msg/result.h\n'}
[2.655420] (custom_msgs) StdoutLine: {'line': b'-- Installing: /home/zxcx/new_naw/install/custom_msgs/include/custom_msgs/custom_msgs/msg/goal.h\n'}
[2.655515] (custom_msgs) StdoutLine: {'line': b'-- Installing: /home/zxcx/new_naw/install/custom_msgs/include/custom_msgs/custom_msgs/msg/chassis_info.h\n'}
[2.655621] (custom_msgs) StdoutLine: {'line': b'-- Installing: /home/zxcx/new_naw/install/custom_msgs/include/custom_msgs/custom_msgs/msg/rosidl_generator_c__visibility_control.h\n'}
[2.655719] (custom_msgs) StdoutLine: {'line': b'-- Installing: /home/zxcx/new_naw/install/custom_msgs/include/custom_msgs/custom_msgs/msg/detail\n'}
[2.655788] (custom_msgs) StdoutLine: {'line': b'-- Installing: /home/zxcx/new_naw/install/custom_msgs/include/custom_msgs/custom_msgs/msg/detail/chassis_info__functions.c\n'}
[2.655893] (custom_msgs) StdoutLine: {'line': b'-- Installing: /home/zxcx/new_naw/install/custom_msgs/include/custom_msgs/custom_msgs/msg/detail/vehicle_state__type_support.h\n'}
[2.655979] (custom_msgs) StdoutLine: {'line': b'-- Installing: /home/zxcx/new_naw/install/custom_msgs/include/custom_msgs/custom_msgs/msg/detail/result__functions.c\n'}
[2.656071] (custom_msgs) StdoutLine: {'line': b'-- Installing: /home/zxcx/new_naw/install/custom_msgs/include/custom_msgs/custom_msgs/msg/detail/map_data__functions.c\n'}
[2.656174] (custom_msgs) StdoutLine: {'line': b'-- Installing: /home/zxcx/new_naw/install/custom_msgs/include/custom_msgs/custom_msgs/msg/detail/vehicle_state__functions.h\n'}
[2.656267] (custom_msgs) StdoutLine: {'line': b'-- Installing: /home/zxcx/new_naw/install/custom_msgs/include/custom_msgs/custom_msgs/msg/detail/goal__type_support.h\n'}
[2.656360] (custom_msgs) StdoutLine: {'line': b'-- Installing: /home/zxcx/new_naw/install/custom_msgs/include/custom_msgs/custom_msgs/msg/detail/goal__functions.h\n'}
[2.656464] (custom_msgs) StdoutLine: {'line': b'-- Installing: /home/zxcx/new_naw/install/custom_msgs/include/custom_msgs/custom_msgs/msg/detail/result__type_support.h\n'}
[2.656562] (custom_msgs) StdoutLine: {'line': b'-- Installing: /home/zxcx/new_naw/install/custom_msgs/include/custom_msgs/custom_msgs/msg/detail/map_data__functions.h\n'}
[2.656657] (custom_msgs) StdoutLine: {'line': b'-- Installing: /home/zxcx/new_naw/install/custom_msgs/include/custom_msgs/custom_msgs/msg/detail/result__functions.h\n'}
[2.656777] (custom_msgs) StdoutLine: {'line': b'-- Installing: /home/zxcx/new_naw/install/custom_msgs/include/custom_msgs/custom_msgs/msg/detail/map_data__type_support.h\n'}
[2.656866] (custom_msgs) StdoutLine: {'line': b'-- Installing: /home/zxcx/new_naw/install/custom_msgs/include/custom_msgs/custom_msgs/msg/detail/result__struct.h\n'}
[2.656961] (custom_msgs) StdoutLine: {'line': b'-- Installing: /home/zxcx/new_naw/install/custom_msgs/include/custom_msgs/custom_msgs/msg/detail/vehicle_state__functions.c\n'}
[2.657085] (custom_msgs) StdoutLine: {'line': b'-- Installing: /home/zxcx/new_naw/install/custom_msgs/include/custom_msgs/custom_msgs/msg/detail/chassis_info__functions.h\n'}
[2.657179] (custom_msgs) StdoutLine: {'line': b'-- Installing: /home/zxcx/new_naw/install/custom_msgs/include/custom_msgs/custom_msgs/msg/detail/chassis_info__type_support.h\n'}
[2.657269] (custom_msgs) StdoutLine: {'line': b'-- Installing: /home/zxcx/new_naw/install/custom_msgs/include/custom_msgs/custom_msgs/msg/detail/vehicle_state__struct.h\n'}
[2.657359] (custom_msgs) StdoutLine: {'line': b'-- Installing: /home/zxcx/new_naw/install/custom_msgs/include/custom_msgs/custom_msgs/msg/detail/chassis_info__struct.h\n'}
[2.657451] (custom_msgs) StdoutLine: {'line': b'-- Installing: /home/zxcx/new_naw/install/custom_msgs/include/custom_msgs/custom_msgs/msg/detail/map_data__struct.h\n'}
[2.657540] (custom_msgs) StdoutLine: {'line': b'-- Installing: /home/zxcx/new_naw/install/custom_msgs/include/custom_msgs/custom_msgs/msg/detail/goal__functions.c\n'}
[2.657636] (custom_msgs) StdoutLine: {'line': b'-- Installing: /home/zxcx/new_naw/install/custom_msgs/include/custom_msgs/custom_msgs/msg/detail/goal__struct.h\n'}
[2.657902] (custom_msgs) StdoutLine: {'line': b'-- Installing: /home/zxcx/new_naw/install/custom_msgs/share/custom_msgs/environment/library_path.sh\n'}
[2.658074] (custom_msgs) StdoutLine: {'line': b'-- Installing: /home/zxcx/new_naw/install/custom_msgs/share/custom_msgs/environment/library_path.dsv\n'}
[2.658203] (custom_msgs) StdoutLine: {'line': b'-- Installing: /home/zxcx/new_naw/install/custom_msgs/lib/libcustom_msgs__rosidl_generator_c.so\n'}
[2.658527] (custom_msgs) StdoutLine: {'line': b'-- Set runtime path of "/home/zxcx/new_naw/install/custom_msgs/lib/libcustom_msgs__rosidl_generator_c.so" to ""\n'}
[2.658576] (custom_msgs) StdoutLine: {'line': b'-- Up-to-date: /home/zxcx/new_naw/install/custom_msgs/include/custom_msgs/custom_msgs\n'}
[2.658627] (custom_msgs) StdoutLine: {'line': b'-- Up-to-date: /home/zxcx/new_naw/install/custom_msgs/include/custom_msgs/custom_msgs/msg\n'}
[2.658655] (custom_msgs) StdoutLine: {'line': b'-- Installing: /home/zxcx/new_naw/install/custom_msgs/include/custom_msgs/custom_msgs/msg/rosidl_typesupport_fastrtps_c__visibility_control.h\n'}
[2.658732] (custom_msgs) StdoutLine: {'line': b'-- Up-to-date: /home/zxcx/new_naw/install/custom_msgs/include/custom_msgs/custom_msgs/msg/detail\n'}
[2.658795] (custom_msgs) StdoutLine: {'line': b'-- Installing: /home/zxcx/new_naw/install/custom_msgs/include/custom_msgs/custom_msgs/msg/detail/vehicle_state__rosidl_typesupport_fastrtps_c.h\n'}
[2.658840] (custom_msgs) StdoutLine: {'line': b'-- Installing: /home/zxcx/new_naw/install/custom_msgs/include/custom_msgs/custom_msgs/msg/detail/chassis_info__rosidl_typesupport_fastrtps_c.h\n'}
[2.658927] (custom_msgs) StdoutLine: {'line': b'-- Installing: /home/zxcx/new_naw/install/custom_msgs/include/custom_msgs/custom_msgs/msg/detail/map_data__rosidl_typesupport_fastrtps_c.h\n'}
[2.659009] (custom_msgs) StdoutLine: {'line': b'-- Installing: /home/zxcx/new_naw/install/custom_msgs/include/custom_msgs/custom_msgs/msg/detail/goal__rosidl_typesupport_fastrtps_c.h\n'}
[2.659096] (custom_msgs) StdoutLine: {'line': b'-- Installing: /home/zxcx/new_naw/install/custom_msgs/include/custom_msgs/custom_msgs/msg/detail/result__rosidl_typesupport_fastrtps_c.h\n'}
[2.659207] (custom_msgs) StdoutLine: {'line': b'-- Installing: /home/zxcx/new_naw/install/custom_msgs/lib/libcustom_msgs__rosidl_typesupport_fastrtps_c.so\n'}
[2.659537] (custom_msgs) StdoutLine: {'line': b'-- Set runtime path of "/home/zxcx/new_naw/install/custom_msgs/lib/libcustom_msgs__rosidl_typesupport_fastrtps_c.so" to ""\n'}
[2.659588] (custom_msgs) StdoutLine: {'line': b'-- Up-to-date: /home/zxcx/new_naw/install/custom_msgs/include/custom_msgs/custom_msgs\n'}
[2.659618] (custom_msgs) StdoutLine: {'line': b'-- Up-to-date: /home/zxcx/new_naw/install/custom_msgs/include/custom_msgs/custom_msgs/msg\n'}
[2.659670] (custom_msgs) StdoutLine: {'line': b'-- Installing: /home/zxcx/new_naw/install/custom_msgs/include/custom_msgs/custom_msgs/msg/rosidl_typesupport_introspection_c__visibility_control.h\n'}
[2.659727] (custom_msgs) StdoutLine: {'line': b'-- Up-to-date: /home/zxcx/new_naw/install/custom_msgs/include/custom_msgs/custom_msgs/msg/detail\n'}
[2.659776] (custom_msgs) StdoutLine: {'line': b'-- Installing: /home/zxcx/new_naw/install/custom_msgs/include/custom_msgs/custom_msgs/msg/detail/goal__type_support.c\n'}
[2.659851] (custom_msgs) StdoutLine: {'line': b'-- Installing: /home/zxcx/new_naw/install/custom_msgs/include/custom_msgs/custom_msgs/msg/detail/goal__rosidl_typesupport_introspection_c.h\n'}
[2.659934] (custom_msgs) StdoutLine: {'line': b'-- Installing: /home/zxcx/new_naw/install/custom_msgs/include/custom_msgs/custom_msgs/msg/detail/result__type_support.c\n'}
[2.660035] (custom_msgs) StdoutLine: {'line': b'-- Installing: /home/zxcx/new_naw/install/custom_msgs/include/custom_msgs/custom_msgs/msg/detail/map_data__type_support.c\n'}
[2.660142] (custom_msgs) StdoutLine: {'line': b'-- Installing: /home/zxcx/new_naw/install/custom_msgs/include/custom_msgs/custom_msgs/msg/detail/chassis_info__rosidl_typesupport_introspection_c.h\n'}
[2.660220] (custom_msgs) StdoutLine: {'line': b'-- Installing: /home/zxcx/new_naw/install/custom_msgs/include/custom_msgs/custom_msgs/msg/detail/vehicle_state__rosidl_typesupport_introspection_c.h\n'}
[2.660298] (custom_msgs) StdoutLine: {'line': b'-- Installing: /home/zxcx/new_naw/install/custom_msgs/include/custom_msgs/custom_msgs/msg/detail/result__rosidl_typesupport_introspection_c.h\n'}
[2.660386] (custom_msgs) StdoutLine: {'line': b'-- Installing: /home/zxcx/new_naw/install/custom_msgs/include/custom_msgs/custom_msgs/msg/detail/vehicle_state__type_support.c\n'}
[2.660479] (custom_msgs) StdoutLine: {'line': b'-- Installing: /home/zxcx/new_naw/install/custom_msgs/include/custom_msgs/custom_msgs/msg/detail/map_data__rosidl_typesupport_introspection_c.h\n'}
[2.660562] (custom_msgs) StdoutLine: {'line': b'-- Installing: /home/zxcx/new_naw/install/custom_msgs/include/custom_msgs/custom_msgs/msg/detail/chassis_info__type_support.c\n'}
[2.660696] (custom_msgs) StdoutLine: {'line': b'-- Installing: /home/zxcx/new_naw/install/custom_msgs/lib/libcustom_msgs__rosidl_typesupport_introspection_c.so\n'}
[2.661010] (custom_msgs) StdoutLine: {'line': b'-- Set runtime path of "/home/zxcx/new_naw/install/custom_msgs/lib/libcustom_msgs__rosidl_typesupport_introspection_c.so" to ""\n'}
[2.661055] (custom_msgs) StdoutLine: {'line': b'-- Installing: /home/zxcx/new_naw/install/custom_msgs/lib/libcustom_msgs__rosidl_typesupport_c.so\n'}
[2.661322] (custom_msgs) StdoutLine: {'line': b'-- Set runtime path of "/home/zxcx/new_naw/install/custom_msgs/lib/libcustom_msgs__rosidl_typesupport_c.so" to ""\n'}
[2.661375] (custom_msgs) StdoutLine: {'line': b'-- Up-to-date: /home/zxcx/new_naw/install/custom_msgs/include/custom_msgs/custom_msgs\n'}
[2.661403] (custom_msgs) StdoutLine: {'line': b'-- Up-to-date: /home/zxcx/new_naw/install/custom_msgs/include/custom_msgs/custom_msgs/msg\n'}
[2.661439] (custom_msgs) StdoutLine: {'line': b'-- Installing: /home/zxcx/new_naw/install/custom_msgs/include/custom_msgs/custom_msgs/msg/goal.hpp\n'}
[2.661519] (custom_msgs) StdoutLine: {'line': b'-- Installing: /home/zxcx/new_naw/install/custom_msgs/include/custom_msgs/custom_msgs/msg/rosidl_generator_cpp__visibility_control.hpp\n'}
[2.661608] (custom_msgs) StdoutLine: {'line': b'-- Installing: /home/zxcx/new_naw/install/custom_msgs/include/custom_msgs/custom_msgs/msg/vehicle_state.hpp\n'}
[2.661711] (custom_msgs) StdoutLine: {'line': b'-- Installing: /home/zxcx/new_naw/install/custom_msgs/include/custom_msgs/custom_msgs/msg/result.hpp\n'}
[2.661806] (custom_msgs) StdoutLine: {'line': b'-- Installing: /home/zxcx/new_naw/install/custom_msgs/include/custom_msgs/custom_msgs/msg/chassis_info.hpp\n'}
[2.661893] (custom_msgs) StdoutLine: {'line': b'-- Up-to-date: /home/zxcx/new_naw/install/custom_msgs/include/custom_msgs/custom_msgs/msg/detail\n'}
[2.661935] (custom_msgs) StdoutLine: {'line': b'-- Installing: /home/zxcx/new_naw/install/custom_msgs/include/custom_msgs/custom_msgs/msg/detail/goal__type_support.hpp\n'}
[2.662030] (custom_msgs) StdoutLine: {'line': b'-- Installing: /home/zxcx/new_naw/install/custom_msgs/include/custom_msgs/custom_msgs/msg/detail/result__builder.hpp\n'}
[2.662126] (custom_msgs) StdoutLine: {'line': b'-- Installing: /home/zxcx/new_naw/install/custom_msgs/include/custom_msgs/custom_msgs/msg/detail/vehicle_state__builder.hpp\n'}
[2.662221] (custom_msgs) StdoutLine: {'line': b'-- Installing: /home/zxcx/new_naw/install/custom_msgs/include/custom_msgs/custom_msgs/msg/detail/map_data__builder.hpp\n'}
[2.662323] (custom_msgs) StdoutLine: {'line': b'-- Installing: /home/zxcx/new_naw/install/custom_msgs/include/custom_msgs/custom_msgs/msg/detail/goal__builder.hpp\n'}
[2.662418] (custom_msgs) StdoutLine: {'line': b'-- Installing: /home/zxcx/new_naw/install/custom_msgs/include/custom_msgs/custom_msgs/msg/detail/chassis_info__traits.hpp\n'}
[2.662521] (custom_msgs) StdoutLine: {'line': b'-- Installing: /home/zxcx/new_naw/install/custom_msgs/include/custom_msgs/custom_msgs/msg/detail/goal__struct.hpp\n'}
[2.662610] (custom_msgs) StdoutLine: {'line': b'-- Installing: /home/zxcx/new_naw/install/custom_msgs/include/custom_msgs/custom_msgs/msg/detail/result__type_support.hpp\n'}
[2.662719] (custom_msgs) StdoutLine: {'line': b'-- Installing: /home/zxcx/new_naw/install/custom_msgs/include/custom_msgs/custom_msgs/msg/detail/vehicle_state__struct.hpp\n'}
[2.662817] (custom_msgs) StdoutLine: {'line': b'-- Installing: /home/zxcx/new_naw/install/custom_msgs/include/custom_msgs/custom_msgs/msg/detail/map_data__struct.hpp\n'}
[2.662913] (custom_msgs) StdoutLine: {'line': b'-- Installing: /home/zxcx/new_naw/install/custom_msgs/include/custom_msgs/custom_msgs/msg/detail/vehicle_state__type_support.hpp\n'}
[2.663015] (custom_msgs) StdoutLine: {'line': b'-- Installing: /home/zxcx/new_naw/install/custom_msgs/include/custom_msgs/custom_msgs/msg/detail/chassis_info__type_support.hpp\n'}
[2.663108] (custom_msgs) StdoutLine: {'line': b'-- Installing: /home/zxcx/new_naw/install/custom_msgs/include/custom_msgs/custom_msgs/msg/detail/result__traits.hpp\n'}
[2.663213] (custom_msgs) StdoutLine: {'line': b'-- Installing: /home/zxcx/new_naw/install/custom_msgs/include/custom_msgs/custom_msgs/msg/detail/map_data__type_support.hpp\n'}
[2.663316] (custom_msgs) StdoutLine: {'line': b'-- Installing: /home/zxcx/new_naw/install/custom_msgs/include/custom_msgs/custom_msgs/msg/detail/result__struct.hpp\n'}
[2.663413] (custom_msgs) StdoutLine: {'line': b'-- Installing: /home/zxcx/new_naw/install/custom_msgs/include/custom_msgs/custom_msgs/msg/detail/vehicle_state__traits.hpp\n'}
[2.663511] (custom_msgs) StdoutLine: {'line': b'-- Installing: /home/zxcx/new_naw/install/custom_msgs/include/custom_msgs/custom_msgs/msg/detail/chassis_info__builder.hpp\n'}
[2.663612] (custom_msgs) StdoutLine: {'line': b'-- Installing: /home/zxcx/new_naw/install/custom_msgs/include/custom_msgs/custom_msgs/msg/detail/goal__traits.hpp\n'}
[2.663717] (custom_msgs) StdoutLine: {'line': b'-- Installing: /home/zxcx/new_naw/install/custom_msgs/include/custom_msgs/custom_msgs/msg/detail/chassis_info__struct.hpp\n'}
[2.663821] (custom_msgs) StdoutLine: {'line': b'-- Installing: /home/zxcx/new_naw/install/custom_msgs/include/custom_msgs/custom_msgs/msg/detail/map_data__traits.hpp\n'}
[2.663921] (custom_msgs) StdoutLine: {'line': b'-- Installing: /home/zxcx/new_naw/install/custom_msgs/include/custom_msgs/custom_msgs/msg/map_data.hpp\n'}
[2.664029] (custom_msgs) StdoutLine: {'line': b'-- Up-to-date: /home/zxcx/new_naw/install/custom_msgs/include/custom_msgs/custom_msgs\n'}
[2.664065] (custom_msgs) StdoutLine: {'line': b'-- Up-to-date: /home/zxcx/new_naw/install/custom_msgs/include/custom_msgs/custom_msgs/msg\n'}
[2.664121] (custom_msgs) StdoutLine: {'line': b'-- Installing: /home/zxcx/new_naw/install/custom_msgs/include/custom_msgs/custom_msgs/msg/rosidl_typesupport_fastrtps_cpp__visibility_control.h\n'}
[2.664183] (custom_msgs) StdoutLine: {'line': b'-- Up-to-date: /home/zxcx/new_naw/install/custom_msgs/include/custom_msgs/custom_msgs/msg/detail\n'}
[2.664225] (custom_msgs) StdoutLine: {'line': b'-- Installing: /home/zxcx/new_naw/install/custom_msgs/include/custom_msgs/custom_msgs/msg/detail/vehicle_state__rosidl_typesupport_fastrtps_cpp.hpp\n'}
[2.664320] (custom_msgs) StdoutLine: {'line': b'-- Installing: /home/zxcx/new_naw/install/custom_msgs/include/custom_msgs/custom_msgs/msg/detail/chassis_info__rosidl_typesupport_fastrtps_cpp.hpp\n'}
[2.664414] (custom_msgs) StdoutLine: {'line': b'-- Installing: /home/zxcx/new_naw/install/custom_msgs/include/custom_msgs/custom_msgs/msg/detail/result__rosidl_typesupport_fastrtps_cpp.hpp\n'}
[2.664516] (custom_msgs) StdoutLine: {'line': b'-- Installing: /home/zxcx/new_naw/install/custom_msgs/include/custom_msgs/custom_msgs/msg/detail/goal__rosidl_typesupport_fastrtps_cpp.hpp\n'}
[2.664613] (custom_msgs) StdoutLine: {'line': b'-- Installing: /home/zxcx/new_naw/install/custom_msgs/include/custom_msgs/custom_msgs/msg/detail/dds_fastrtps\n'}
[2.664709] (custom_msgs) StdoutLine: {'line': b'-- Installing: /home/zxcx/new_naw/install/custom_msgs/include/custom_msgs/custom_msgs/msg/detail/map_data__rosidl_typesupport_fastrtps_cpp.hpp\n'}
[2.664857] (custom_msgs) StdoutLine: {'line': b'-- Installing: /home/zxcx/new_naw/install/custom_msgs/lib/libcustom_msgs__rosidl_typesupport_fastrtps_cpp.so\n'}
[2.665173] (custom_msgs) StdoutLine: {'line': b'-- Set runtime path of "/home/zxcx/new_naw/install/custom_msgs/lib/libcustom_msgs__rosidl_typesupport_fastrtps_cpp.so" to ""\n'}
[2.665216] (custom_msgs) StdoutLine: {'line': b'-- Up-to-date: /home/zxcx/new_naw/install/custom_msgs/include/custom_msgs/custom_msgs\n'}
[2.665272] (custom_msgs) StdoutLine: {'line': b'-- Up-to-date: /home/zxcx/new_naw/install/custom_msgs/include/custom_msgs/custom_msgs/msg\n'}
[2.665304] (custom_msgs) StdoutLine: {'line': b'-- Up-to-date: /home/zxcx/new_naw/install/custom_msgs/include/custom_msgs/custom_msgs/msg/detail\n'}
[2.665370] (custom_msgs) StdoutLine: {'line': b'-- Installing: /home/zxcx/new_naw/install/custom_msgs/include/custom_msgs/custom_msgs/msg/detail/vehicle_state__rosidl_typesupport_introspection_cpp.hpp\n'}
[2.665416] (custom_msgs) StdoutLine: {'line': b'-- Installing: /home/zxcx/new_naw/install/custom_msgs/include/custom_msgs/custom_msgs/msg/detail/chassis_info__rosidl_typesupport_introspection_cpp.hpp\n'}
[2.665471] (custom_msgs) StdoutLine: {'line': b'-- Installing: /home/zxcx/new_naw/install/custom_msgs/include/custom_msgs/custom_msgs/msg/detail/chassis_info__type_support.cpp\n'}
[2.665566] (custom_msgs) StdoutLine: {'line': b'-- Installing: /home/zxcx/new_naw/install/custom_msgs/include/custom_msgs/custom_msgs/msg/detail/goal__type_support.cpp\n'}
[2.665668] (custom_msgs) StdoutLine: {'line': b'-- Installing: /home/zxcx/new_naw/install/custom_msgs/include/custom_msgs/custom_msgs/msg/detail/goal__rosidl_typesupport_introspection_cpp.hpp\n'}
[2.665790] (custom_msgs) StdoutLine: {'line': b'-- Installing: /home/zxcx/new_naw/install/custom_msgs/include/custom_msgs/custom_msgs/msg/detail/map_data__type_support.cpp\n'}
[2.665875] (custom_msgs) StdoutLine: {'line': b'-- Installing: /home/zxcx/new_naw/install/custom_msgs/include/custom_msgs/custom_msgs/msg/detail/map_data__rosidl_typesupport_introspection_cpp.hpp\n'}
[2.665950] (custom_msgs) StdoutLine: {'line': b'-- Installing: /home/zxcx/new_naw/install/custom_msgs/include/custom_msgs/custom_msgs/msg/detail/result__rosidl_typesupport_introspection_cpp.hpp\n'}
[2.666032] (custom_msgs) StdoutLine: {'line': b'-- Installing: /home/zxcx/new_naw/install/custom_msgs/include/custom_msgs/custom_msgs/msg/detail/result__type_support.cpp\n'}
[2.666128] (custom_msgs) StdoutLine: {'line': b'-- Installing: /home/zxcx/new_naw/install/custom_msgs/include/custom_msgs/custom_msgs/msg/detail/vehicle_state__type_support.cpp\n'}
[2.666265] (custom_msgs) StdoutLine: {'line': b'-- Installing: /home/zxcx/new_naw/install/custom_msgs/lib/libcustom_msgs__rosidl_typesupport_introspection_cpp.so\n'}
[2.666559] (custom_msgs) StdoutLine: {'line': b'-- Set runtime path of "/home/zxcx/new_naw/install/custom_msgs/lib/libcustom_msgs__rosidl_typesupport_introspection_cpp.so" to ""\n'}
[2.666608] (custom_msgs) StdoutLine: {'line': b'-- Installing: /home/zxcx/new_naw/install/custom_msgs/lib/libcustom_msgs__rosidl_typesupport_cpp.so\n'}
[2.666872] (custom_msgs) StdoutLine: {'line': b'-- Set runtime path of "/home/zxcx/new_naw/install/custom_msgs/lib/libcustom_msgs__rosidl_typesupport_cpp.so" to ""\n'}
[2.666923] (custom_msgs) StdoutLine: {'line': b'-- Installing: /home/zxcx/new_naw/install/custom_msgs/share/custom_msgs/environment/pythonpath.sh\n'}
[2.666995] (custom_msgs) StdoutLine: {'line': b'-- Installing: /home/zxcx/new_naw/install/custom_msgs/share/custom_msgs/environment/pythonpath.dsv\n'}
[2.667077] (custom_msgs) StdoutLine: {'line': b'-- Installing: /home/zxcx/new_naw/install/custom_msgs/local/lib/python3.10/dist-packages/custom_msgs-0.0.0-py3.10.egg-info\n'}
[2.667191] (custom_msgs) StdoutLine: {'line': b'-- Installing: /home/zxcx/new_naw/install/custom_msgs/local/lib/python3.10/dist-packages/custom_msgs-0.0.0-py3.10.egg-info/SOURCES.txt\n'}
[2.667290] (custom_msgs) StdoutLine: {'line': b'-- Installing: /home/zxcx/new_naw/install/custom_msgs/local/lib/python3.10/dist-packages/custom_msgs-0.0.0-py3.10.egg-info/dependency_links.txt\n'}
[2.667361] (custom_msgs) StdoutLine: {'line': b'-- Installing: /home/zxcx/new_naw/install/custom_msgs/local/lib/python3.10/dist-packages/custom_msgs-0.0.0-py3.10.egg-info/top_level.txt\n'}
[2.667438] (custom_msgs) StdoutLine: {'line': b'-- Installing: /home/zxcx/new_naw/install/custom_msgs/local/lib/python3.10/dist-packages/custom_msgs-0.0.0-py3.10.egg-info/PKG-INFO\n'}
[2.667537] (custom_msgs) StdoutLine: {'line': b'-- Installing: /home/zxcx/new_naw/install/custom_msgs/local/lib/python3.10/dist-packages/custom_msgs\n'}
[2.667596] (custom_msgs) StdoutLine: {'line': b'-- Installing: /home/zxcx/new_naw/install/custom_msgs/local/lib/python3.10/dist-packages/custom_msgs/__init__.py\n'}
[2.667681] (custom_msgs) StdoutLine: {'line': b'-- Installing: /home/zxcx/new_naw/install/custom_msgs/local/lib/python3.10/dist-packages/custom_msgs/custom_msgs_s__rosidl_typesupport_c.cpython-310-x86_64-linux-gnu.so\n'}
[2.667788] (custom_msgs) StdoutLine: {'line': b'-- Installing: /home/zxcx/new_naw/install/custom_msgs/local/lib/python3.10/dist-packages/custom_msgs/_custom_msgs_s.ep.rosidl_typesupport_c.c\n'}
[2.667893] (custom_msgs) StdoutLine: {'line': b'-- Installing: /home/zxcx/new_naw/install/custom_msgs/local/lib/python3.10/dist-packages/custom_msgs/custom_msgs_s__rosidl_typesupport_fastrtps_c.cpython-310-x86_64-linux-gnu.so\n'}
[2.668003] (custom_msgs) StdoutLine: {'line': b'-- Installing: /home/zxcx/new_naw/install/custom_msgs/local/lib/python3.10/dist-packages/custom_msgs/libcustom_msgs__rosidl_generator_py.so\n'}
[2.668120] (custom_msgs) StdoutLine: {'line': b'-- Installing: /home/zxcx/new_naw/install/custom_msgs/local/lib/python3.10/dist-packages/custom_msgs/_custom_msgs_s.ep.rosidl_typesupport_introspection_c.c\n'}
[2.668217] (custom_msgs) StdoutLine: {'line': b'-- Installing: /home/zxcx/new_naw/install/custom_msgs/local/lib/python3.10/dist-packages/custom_msgs/msg\n'}
[2.668282] (custom_msgs) StdoutLine: {'line': b'-- Installing: /home/zxcx/new_naw/install/custom_msgs/local/lib/python3.10/dist-packages/custom_msgs/msg/_vehicle_state_s.c\n'}
[2.668374] (custom_msgs) StdoutLine: {'line': b'-- Installing: /home/zxcx/new_naw/install/custom_msgs/local/lib/python3.10/dist-packages/custom_msgs/msg/_result_s.c\n'}
[2.668456] (custom_msgs) StdoutLine: {'line': b'-- Installing: /home/zxcx/new_naw/install/custom_msgs/local/lib/python3.10/dist-packages/custom_msgs/msg/__init__.py\n'}
[2.668542] (custom_msgs) StdoutLine: {'line': b'-- Installing: /home/zxcx/new_naw/install/custom_msgs/local/lib/python3.10/dist-packages/custom_msgs/msg/_map_data.py\n'}
[2.668635] (custom_msgs) StdoutLine: {'line': b'-- Installing: /home/zxcx/new_naw/install/custom_msgs/local/lib/python3.10/dist-packages/custom_msgs/msg/_map_data_s.c\n'}
[2.668742] (custom_msgs) StdoutLine: {'line': b'-- Installing: /home/zxcx/new_naw/install/custom_msgs/local/lib/python3.10/dist-packages/custom_msgs/msg/_goal_s.c\n'}
[2.668821] (custom_msgs) StdoutLine: {'line': b'-- Installing: /home/zxcx/new_naw/install/custom_msgs/local/lib/python3.10/dist-packages/custom_msgs/msg/_vehicle_state.py\n'}
[2.668919] (custom_msgs) StdoutLine: {'line': b'-- Installing: /home/zxcx/new_naw/install/custom_msgs/local/lib/python3.10/dist-packages/custom_msgs/msg/_chassis_info_s.c\n'}
[2.669009] (custom_msgs) StdoutLine: {'line': b'-- Installing: /home/zxcx/new_naw/install/custom_msgs/local/lib/python3.10/dist-packages/custom_msgs/msg/_goal.py\n'}
[2.669098] (custom_msgs) StdoutLine: {'line': b'-- Installing: /home/zxcx/new_naw/install/custom_msgs/local/lib/python3.10/dist-packages/custom_msgs/msg/_chassis_info.py\n'}
[2.669192] (custom_msgs) StdoutLine: {'line': b'-- Installing: /home/zxcx/new_naw/install/custom_msgs/local/lib/python3.10/dist-packages/custom_msgs/msg/_result.py\n'}
[2.669284] (custom_msgs) StdoutLine: {'line': b'-- Installing: /home/zxcx/new_naw/install/custom_msgs/local/lib/python3.10/dist-packages/custom_msgs/custom_msgs_s__rosidl_typesupport_introspection_c.cpython-310-x86_64-linux-gnu.so\n'}
[2.669390] (custom_msgs) StdoutLine: {'line': b'-- Installing: /home/zxcx/new_naw/install/custom_msgs/local/lib/python3.10/dist-packages/custom_msgs/_custom_msgs_s.ep.rosidl_typesupport_fastrtps_c.c\n'}
[2.684897] (livox_ros_driver2) StdoutLine: {'line': b'-- Generating done\n'}
[2.691989] (custom_msgs) StdoutLine: {'line': b"Listing '/home/zxcx/new_naw/install/custom_msgs/local/lib/python3.10/dist-packages/custom_msgs'...\n"}
[2.692047] (custom_msgs) StdoutLine: {'line': b"Compiling '/home/zxcx/new_naw/install/custom_msgs/local/lib/python3.10/dist-packages/custom_msgs/__init__.py'...\n"}
[2.692101] (custom_msgs) StdoutLine: {'line': b"Listing '/home/zxcx/new_naw/install/custom_msgs/local/lib/python3.10/dist-packages/custom_msgs/msg'...\n"}
[2.692142] (custom_msgs) StdoutLine: {'line': b"Compiling '/home/zxcx/new_naw/install/custom_msgs/local/lib/python3.10/dist-packages/custom_msgs/msg/__init__.py'...\n"}
[2.692184] (custom_msgs) StdoutLine: {'line': b"Compiling '/home/zxcx/new_naw/install/custom_msgs/local/lib/python3.10/dist-packages/custom_msgs/msg/_chassis_info.py'...\n"}
[2.692225] (custom_msgs) StdoutLine: {'line': b"Compiling '/home/zxcx/new_naw/install/custom_msgs/local/lib/python3.10/dist-packages/custom_msgs/msg/_goal.py'...\n"}
[2.692265] (custom_msgs) StdoutLine: {'line': b"Compiling '/home/zxcx/new_naw/install/custom_msgs/local/lib/python3.10/dist-packages/custom_msgs/msg/_map_data.py'...\n"}
[2.692305] (custom_msgs) StdoutLine: {'line': b"Compiling '/home/zxcx/new_naw/install/custom_msgs/local/lib/python3.10/dist-packages/custom_msgs/msg/_result.py'...\n"}
[2.692344] (custom_msgs) StdoutLine: {'line': b"Compiling '/home/zxcx/new_naw/install/custom_msgs/local/lib/python3.10/dist-packages/custom_msgs/msg/_vehicle_state.py'...\n"}
[2.695123] (custom_msgs) StdoutLine: {'line': b'-- Installing: /home/zxcx/new_naw/install/custom_msgs/local/lib/python3.10/dist-packages/custom_msgs/custom_msgs_s__rosidl_typesupport_fastrtps_c.cpython-310-x86_64-linux-gnu.so\n'}
[2.695417] (custom_msgs) StdoutLine: {'line': b'-- Set runtime path of "/home/zxcx/new_naw/install/custom_msgs/local/lib/python3.10/dist-packages/custom_msgs/custom_msgs_s__rosidl_typesupport_fastrtps_c.cpython-310-x86_64-linux-gnu.so" to ""\n'}
[2.695562] (custom_msgs) StdoutLine: {'line': b'-- Installing: /home/zxcx/new_naw/install/custom_msgs/local/lib/python3.10/dist-packages/custom_msgs/custom_msgs_s__rosidl_typesupport_introspection_c.cpython-310-x86_64-linux-gnu.so\n'}
[2.695859] (custom_msgs) StdoutLine: {'line': b'-- Set runtime path of "/home/zxcx/new_naw/install/custom_msgs/local/lib/python3.10/dist-packages/custom_msgs/custom_msgs_s__rosidl_typesupport_introspection_c.cpython-310-x86_64-linux-gnu.so" to ""\n'}
[2.695997] (custom_msgs) StdoutLine: {'line': b'-- Installing: /home/zxcx/new_naw/install/custom_msgs/local/lib/python3.10/dist-packages/custom_msgs/custom_msgs_s__rosidl_typesupport_c.cpython-310-x86_64-linux-gnu.so\n'}
[2.696272] (custom_msgs) StdoutLine: {'line': b'-- Set runtime path of "/home/zxcx/new_naw/install/custom_msgs/local/lib/python3.10/dist-packages/custom_msgs/custom_msgs_s__rosidl_typesupport_c.cpython-310-x86_64-linux-gnu.so" to ""\n'}
[2.696311] (custom_msgs) StdoutLine: {'line': b'-- Installing: /home/zxcx/new_naw/install/custom_msgs/lib/libcustom_msgs__rosidl_generator_py.so\n'}
[2.696597] (custom_msgs) StdoutLine: {'line': b'-- Set runtime path of "/home/zxcx/new_naw/install/custom_msgs/lib/libcustom_msgs__rosidl_generator_py.so" to ""\n'}
[2.696671] (custom_msgs) StdoutLine: {'line': b'-- Installing: /home/zxcx/new_naw/install/custom_msgs/share/ament_index/resource_index/rust_packages/custom_msgs\n'}
[2.696768] (custom_msgs) StdoutLine: {'line': b'-- Installing: /home/zxcx/new_naw/install/custom_msgs/share/custom_msgs/rust\n'}
[2.696821] (custom_msgs) StdoutLine: {'line': b'-- Installing: /home/zxcx/new_naw/install/custom_msgs/share/custom_msgs/rust/src\n'}
[2.696872] (custom_msgs) StdoutLine: {'line': b'-- Installing: /home/zxcx/new_naw/install/custom_msgs/share/custom_msgs/rust/src/lib.rs\n'}
[2.696954] (custom_msgs) StdoutLine: {'line': b'-- Installing: /home/zxcx/new_naw/install/custom_msgs/share/custom_msgs/rust/src/msg\n'}
[2.697006] (custom_msgs) StdoutLine: {'line': b'-- Installing: /home/zxcx/new_naw/install/custom_msgs/share/custom_msgs/rust/src/msg/rmw.rs\n'}
[2.697116] (custom_msgs) StdoutLine: {'line': b'-- Installing: /home/zxcx/new_naw/install/custom_msgs/share/custom_msgs/rust/src/msg.rs\n'}
[2.697211] (custom_msgs) StdoutLine: {'line': b'-- Installing: /home/zxcx/new_naw/install/custom_msgs/share/custom_msgs/rust/build.rs\n'}
[2.697293] (custom_msgs) StdoutLine: {'line': b'-- Installing: /home/zxcx/new_naw/install/custom_msgs/share/custom_msgs/rust/Cargo.toml\n'}
[2.697418] (custom_msgs) StdoutLine: {'line': b'-- Installing: /home/zxcx/new_naw/install/custom_msgs/share/custom_msgs/msg/MapData.idl\n'}
[2.697520] (custom_msgs) StdoutLine: {'line': b'-- Installing: /home/zxcx/new_naw/install/custom_msgs/share/custom_msgs/msg/VehicleState.idl\n'}
[2.697613] (custom_msgs) StdoutLine: {'line': b'-- Installing: /home/zxcx/new_naw/install/custom_msgs/share/custom_msgs/msg/Goal.idl\n'}
[2.697716] (custom_msgs) StdoutLine: {'line': b'-- Installing: /home/zxcx/new_naw/install/custom_msgs/share/custom_msgs/msg/Result.idl\n'}
[2.697814] (custom_msgs) StdoutLine: {'line': b'-- Installing: /home/zxcx/new_naw/install/custom_msgs/share/custom_msgs/msg/ChassisInfo.idl\n'}
[2.697906] (custom_msgs) StdoutLine: {'line': b'-- Installing: /home/zxcx/new_naw/install/custom_msgs/share/custom_msgs/msg/MapData.msg\n'}
[2.698036] (custom_msgs) StdoutLine: {'line': b'-- Installing: /home/zxcx/new_naw/install/custom_msgs/share/custom_msgs/msg/VehicleState.msg\n'}
[2.698063] (livox_ros_driver2) StdoutLine: {'line': b'-- Build files have been written to: /home/zxcx/new_naw/build/livox_ros_driver2\n'}
[2.698127] (custom_msgs) StdoutLine: {'line': b'-- Installing: /home/zxcx/new_naw/install/custom_msgs/share/custom_msgs/msg/Goal.msg\n'}
[2.698188] (custom_msgs) StdoutLine: {'line': b'-- Installing: /home/zxcx/new_naw/install/custom_msgs/share/custom_msgs/msg/Result.msg\n'}
[2.698277] (custom_msgs) StdoutLine: {'line': b'-- Installing: /home/zxcx/new_naw/install/custom_msgs/share/custom_msgs/msg/ChassisInfo.msg\n'}
[2.698406] (custom_msgs) StdoutLine: {'line': b'-- Installing: /home/zxcx/new_naw/install/custom_msgs/share/ament_index/resource_index/package_run_dependencies/custom_msgs\n'}
[2.698532] (custom_msgs) StdoutLine: {'line': b'-- Installing: /home/zxcx/new_naw/install/custom_msgs/share/ament_index/resource_index/parent_prefix_path/custom_msgs\n'}
[2.698631] (custom_msgs) StdoutLine: {'line': b'-- Installing: /home/zxcx/new_naw/install/custom_msgs/share/custom_msgs/environment/ament_prefix_path.sh\n'}
[2.698725] (custom_msgs) StdoutLine: {'line': b'-- Installing: /home/zxcx/new_naw/install/custom_msgs/share/custom_msgs/environment/ament_prefix_path.dsv\n'}
[2.698811] (custom_msgs) StdoutLine: {'line': b'-- Installing: /home/zxcx/new_naw/install/custom_msgs/share/custom_msgs/environment/path.sh\n'}
[2.698901] (custom_msgs) StdoutLine: {'line': b'-- Installing: /home/zxcx/new_naw/install/custom_msgs/share/custom_msgs/environment/path.dsv\n'}
[2.698978] (custom_msgs) StdoutLine: {'line': b'-- Installing: /home/zxcx/new_naw/install/custom_msgs/share/custom_msgs/local_setup.bash\n'}
[2.699069] (custom_msgs) StdoutLine: {'line': b'-- Installing: /home/zxcx/new_naw/install/custom_msgs/share/custom_msgs/local_setup.sh\n'}
[2.699170] (custom_msgs) StdoutLine: {'line': b'-- Installing: /home/zxcx/new_naw/install/custom_msgs/share/custom_msgs/local_setup.zsh\n'}
[2.699264] (custom_msgs) StdoutLine: {'line': b'-- Installing: /home/zxcx/new_naw/install/custom_msgs/share/custom_msgs/local_setup.dsv\n'}
[2.699363] (custom_msgs) StdoutLine: {'line': b'-- Installing: /home/zxcx/new_naw/install/custom_msgs/share/custom_msgs/package.dsv\n'}
[2.699484] (custom_msgs) StdoutLine: {'line': b'-- Installing: /home/zxcx/new_naw/install/custom_msgs/share/ament_index/resource_index/packages/custom_msgs\n'}
[2.699613] (custom_msgs) StdoutLine: {'line': b'-- Installing: /home/zxcx/new_naw/install/custom_msgs/share/custom_msgs/cmake/export_custom_msgs__rosidl_generator_cExport.cmake\n'}
[2.699726] (custom_msgs) StdoutLine: {'line': b'-- Installing: /home/zxcx/new_naw/install/custom_msgs/share/custom_msgs/cmake/export_custom_msgs__rosidl_generator_cExport-release.cmake\n'}
[2.699834] (custom_msgs) StdoutLine: {'line': b'-- Installing: /home/zxcx/new_naw/install/custom_msgs/share/custom_msgs/cmake/export_custom_msgs__rosidl_typesupport_fastrtps_cExport.cmake\n'}
[2.699937] (custom_msgs) StdoutLine: {'line': b'-- Installing: /home/zxcx/new_naw/install/custom_msgs/share/custom_msgs/cmake/export_custom_msgs__rosidl_typesupport_fastrtps_cExport-release.cmake\n'}
[2.700041] (custom_msgs) StdoutLine: {'line': b'-- Installing: /home/zxcx/new_naw/install/custom_msgs/share/custom_msgs/cmake/custom_msgs__rosidl_typesupport_introspection_cExport.cmake\n'}
[2.700143] (custom_msgs) StdoutLine: {'line': b'-- Installing: /home/zxcx/new_naw/install/custom_msgs/share/custom_msgs/cmake/custom_msgs__rosidl_typesupport_introspection_cExport-release.cmake\n'}
[2.700247] (custom_msgs) StdoutLine: {'line': b'-- Installing: /home/zxcx/new_naw/install/custom_msgs/share/custom_msgs/cmake/custom_msgs__rosidl_typesupport_cExport.cmake\n'}
[2.700347] (custom_msgs) StdoutLine: {'line': b'-- Installing: /home/zxcx/new_naw/install/custom_msgs/share/custom_msgs/cmake/custom_msgs__rosidl_typesupport_cExport-release.cmake\n'}
[2.700452] (custom_msgs) StdoutLine: {'line': b'-- Installing: /home/zxcx/new_naw/install/custom_msgs/share/custom_msgs/cmake/export_custom_msgs__rosidl_generator_cppExport.cmake\n'}
[2.700558] (custom_msgs) StdoutLine: {'line': b'-- Installing: /home/zxcx/new_naw/install/custom_msgs/share/custom_msgs/cmake/export_custom_msgs__rosidl_typesupport_fastrtps_cppExport.cmake\n'}
[2.700727] (custom_msgs) StdoutLine: {'line': b'-- Installing: /home/zxcx/new_naw/install/custom_msgs/share/custom_msgs/cmake/export_custom_msgs__rosidl_typesupport_fastrtps_cppExport-release.cmake\n'}
[2.700773] (custom_msgs) StdoutLine: {'line': b'-- Installing: /home/zxcx/new_naw/install/custom_msgs/share/custom_msgs/cmake/custom_msgs__rosidl_typesupport_introspection_cppExport.cmake\n'}
[2.700881] (custom_msgs) StdoutLine: {'line': b'-- Installing: /home/zxcx/new_naw/install/custom_msgs/share/custom_msgs/cmake/custom_msgs__rosidl_typesupport_introspection_cppExport-release.cmake\n'}
[2.700987] (custom_msgs) StdoutLine: {'line': b'-- Installing: /home/zxcx/new_naw/install/custom_msgs/share/custom_msgs/cmake/custom_msgs__rosidl_typesupport_cppExport.cmake\n'}
[2.701090] (custom_msgs) StdoutLine: {'line': b'-- Installing: /home/zxcx/new_naw/install/custom_msgs/share/custom_msgs/cmake/custom_msgs__rosidl_typesupport_cppExport-release.cmake\n'}
[2.701194] (custom_msgs) StdoutLine: {'line': b'-- Installing: /home/zxcx/new_naw/install/custom_msgs/share/custom_msgs/cmake/export_custom_msgs__rosidl_generator_pyExport.cmake\n'}
[2.701298] (custom_msgs) StdoutLine: {'line': b'-- Installing: /home/zxcx/new_naw/install/custom_msgs/share/custom_msgs/cmake/export_custom_msgs__rosidl_generator_pyExport-release.cmake\n'}
[2.701394] (custom_msgs) StdoutLine: {'line': b'-- Installing: /home/zxcx/new_naw/install/custom_msgs/share/custom_msgs/cmake/rosidl_cmake-extras.cmake\n'}
[2.701490] (custom_msgs) StdoutLine: {'line': b'-- Installing: /home/zxcx/new_naw/install/custom_msgs/share/custom_msgs/cmake/ament_cmake_export_dependencies-extras.cmake\n'}
[2.701591] (custom_msgs) StdoutLine: {'line': b'-- Installing: /home/zxcx/new_naw/install/custom_msgs/share/custom_msgs/cmake/ament_cmake_export_include_directories-extras.cmake\n'}
[2.701692] (custom_msgs) StdoutLine: {'line': b'-- Installing: /home/zxcx/new_naw/install/custom_msgs/share/custom_msgs/cmake/ament_cmake_export_libraries-extras.cmake\n'}
[2.701794] (custom_msgs) StdoutLine: {'line': b'-- Installing: /home/zxcx/new_naw/install/custom_msgs/share/custom_msgs/cmake/ament_cmake_export_targets-extras.cmake\n'}
[2.701894] (custom_msgs) StdoutLine: {'line': b'-- Installing: /home/zxcx/new_naw/install/custom_msgs/share/custom_msgs/cmake/rosidl_cmake_export_typesupport_targets-extras.cmake\n'}
[2.701993] (custom_msgs) StdoutLine: {'line': b'-- Installing: /home/zxcx/new_naw/install/custom_msgs/share/custom_msgs/cmake/rosidl_cmake_export_typesupport_libraries-extras.cmake\n'}
[2.702085] (custom_msgs) StdoutLine: {'line': b'-- Installing: /home/zxcx/new_naw/install/custom_msgs/share/custom_msgs/cmake/custom_msgsConfig.cmake\n'}
[2.702168] (custom_msgs) StdoutLine: {'line': b'-- Installing: /home/zxcx/new_naw/install/custom_msgs/share/custom_msgs/cmake/custom_msgsConfig-version.cmake\n'}
[2.702254] (custom_msgs) StdoutLine: {'line': b'-- Installing: /home/zxcx/new_naw/install/custom_msgs/share/custom_msgs/package.xml\n'}
[2.702373] (-) TimerEvent: {}
[2.704286] (custom_msgs) CommandEnded: {'returncode': 0}
[2.712288] (custom_msgs) JobEnded: {'identifier': 'custom_msgs', 'rc': 0}
[2.712646] (algo_master) JobStarted: {'identifier': 'algo_master'}
[2.714601] (esdf) JobStarted: {'identifier': 'esdf'}
[2.716475] (planner) JobStarted: {'identifier': 'planner'}
[2.718433] (relocation) JobStarted: {'identifier': 'relocation'}
[2.721036] (livox_ros_driver2) CommandEnded: {'returncode': 0}
[2.721405] (livox_ros_driver2) JobProgress: {'identifier': 'livox_ros_driver2', 'progress': 'build'}
[2.721893] (livox_ros_driver2) Command: {'cmd': ['/usr/bin/cmake', '--build', '/home/zxcx/new_naw/build/livox_ros_driver2', '--', '-j32', '-l32'], 'cwd': '/home/zxcx/new_naw/build/livox_ros_driver2', 'env': OrderedDict([('LESSOPEN', '| /usr/bin/lesspipe %s'), ('LANGUAGE', 'zh_CN:zh:en_US:en'), ('USER', 'zxcx'), ('LC_TIME', 'zh_CN.UTF-8'), ('XDG_SESSION_TYPE', 'x11'), ('SHLVL', '1'), ('LD_LIBRARY_PATH', '/home/zxcx/new_naw/install/livox_ros_driver2/lib:/home/zxcx/new_naw/install/custom_msgs/lib:/usr/lib/x86_64-linux-gnu/gazebo-11/plugins:/opt/ros/humble/opt/rviz_ogre_vendor/lib:/opt/ros/humble/lib/x86_64-linux-gnu:/opt/ros/humble/lib'), ('HOME', '/home/zxcx'), ('OLDPWD', '/home/zxcx'), ('DESKTOP_SESSION', 'ubuntu'), ('ROS_PYTHON_VERSION', '3'), ('GNOME_SHELL_SESSION_MODE', 'ubuntu'), ('GTK_MODULES', 'gail:atk-bridge'), ('LC_MONETARY', 'zh_CN.UTF-8'), ('SYSTEMD_EXEC_PID', '2718'), ('DBUS_SESSION_BUS_ADDRESS', 'unix:path=/run/user/1000/bus'), ('COLORTERM', 'truecolor'), ('IM_CONFIG_PHASE', '1'), ('COLCON_PREFIX_PATH', '/home/zxcx/new_naw/install'), ('ROS_DISTRO', 'humble'), ('GTK_IM_MODULE', 'fcitx'), ('LOGNAME', 'zxcx'), ('_', '/usr/bin/colcon'), ('ROS_VERSION', '2'), ('XDG_SESSION_CLASS', 'user'), ('USERNAME', 'zxcx'), ('TERM', 'xterm-256color'), ('GNOME_DESKTOP_SESSION_ID', 'this-is-deprecated'), ('ROS_LOCALHOST_ONLY', '0'), ('WINDOWPATH', '2'), ('PATH', '/opt/ros/humble/bin:/usr/local/sbin:/usr/local/bin:/usr/sbin:/usr/bin:/sbin:/bin:/usr/games:/usr/local/games:/snap/bin:/snap/bin'), ('SESSION_MANAGER', 'local/zxcx0219:@/tmp/.ICE-unix/2481,unix/zxcx0219:/tmp/.ICE-unix/2481'), ('XDG_MENU_PREFIX', 'gnome-'), ('LC_ADDRESS', 'zh_CN.UTF-8'), ('GNOME_TERMINAL_SCREEN', '/org/gnome/Terminal/screen/bf679257_c193_4163_8cbb_24a3c4f52a94'), ('XDG_RUNTIME_DIR', '/run/user/1000'), ('DISPLAY', ':1'), ('LANG', 'zh_CN.UTF-8'), ('XDG_CURRENT_DESKTOP', 'ubuntu:GNOME'), ('LC_TELEPHONE', 'zh_CN.UTF-8'), ('XMODIFIERS', '@im=fcitx'), ('XDG_SESSION_DESKTOP', 'ubuntu'), ('XAUTHORITY', '/run/user/1000/gdm/Xauthority'), ('LS_COLORS', 'rs=0:di=01;34:ln=01;36:mh=00:pi=40;33:so=01;35:do=01;35:bd=40;33;01:cd=40;33;01:or=40;31;01:mi=00:su=37;41:sg=30;43:ca=30;41:tw=30;42:ow=34;42:st=37;44:ex=01;32:*.tar=01;31:*.tgz=01;31:*.arc=01;31:*.arj=01;31:*.taz=01;31:*.lha=01;31:*.lz4=01;31:*.lzh=01;31:*.lzma=01;31:*.tlz=01;31:*.txz=01;31:*.tzo=01;31:*.t7z=01;31:*.zip=01;31:*.z=01;31:*.dz=01;31:*.gz=01;31:*.lrz=01;31:*.lz=01;31:*.lzo=01;31:*.xz=01;31:*.zst=01;31:*.tzst=01;31:*.bz2=01;31:*.bz=01;31:*.tbz=01;31:*.tbz2=01;31:*.tz=01;31:*.deb=01;31:*.rpm=01;31:*.jar=01;31:*.war=01;31:*.ear=01;31:*.sar=01;31:*.rar=01;31:*.alz=01;31:*.ace=01;31:*.zoo=01;31:*.cpio=01;31:*.7z=01;31:*.rz=01;31:*.cab=01;31:*.wim=01;31:*.swm=01;31:*.dwm=01;31:*.esd=01;31:*.jpg=01;35:*.jpeg=01;35:*.mjpg=01;35:*.mjpeg=01;35:*.gif=01;35:*.bmp=01;35:*.pbm=01;35:*.pgm=01;35:*.ppm=01;35:*.tga=01;35:*.xbm=01;35:*.xpm=01;35:*.tif=01;35:*.tiff=01;35:*.png=01;35:*.svg=01;35:*.svgz=01;35:*.mng=01;35:*.pcx=01;35:*.mov=01;35:*.mpg=01;35:*.mpeg=01;35:*.m2v=01;35:*.mkv=01;35:*.webm=01;35:*.webp=01;35:*.ogm=01;35:*.mp4=01;35:*.m4v=01;35:*.mp4v=01;35:*.vob=01;35:*.qt=01;35:*.nuv=01;35:*.wmv=01;35:*.asf=01;35:*.rm=01;35:*.rmvb=01;35:*.flc=01;35:*.avi=01;35:*.fli=01;35:*.flv=01;35:*.gl=01;35:*.dl=01;35:*.xcf=01;35:*.xwd=01;35:*.yuv=01;35:*.cgm=01;35:*.emf=01;35:*.ogv=01;35:*.ogx=01;35:*.aac=00;36:*.au=00;36:*.flac=00;36:*.m4a=00;36:*.mid=00;36:*.midi=00;36:*.mka=00;36:*.mp3=00;36:*.mpc=00;36:*.ogg=00;36:*.ra=00;36:*.wav=00;36:*.oga=00;36:*.opus=00;36:*.spx=00;36:*.xspf=00;36:'), ('GNOME_TERMINAL_SERVICE', ':1.113'), ('SSH_AGENT_LAUNCHER', 'gnome-keyring'), ('SSH_AUTH_SOCK', '/run/user/1000/keyring/ssh'), ('AMENT_PREFIX_PATH', '/home/zxcx/new_naw/install/livox_ros_driver2:/home/zxcx/new_naw/install/custom_msgs:/home/zxcx/new_naw/install/controller:/opt/ros/humble'), ('SHELL', '/bin/bash'), ('LC_NAME', 'zh_CN.UTF-8'), ('QT_ACCESSIBILITY', '1'), ('GDMSESSION', 'ubuntu'), ('LESSCLOSE', '/usr/bin/lesspipe %s %s'), ('LC_MEASUREMENT', 'zh_CN.UTF-8'), ('GPG_AGENT_INFO', '/run/user/1000/gnupg/S.gpg-agent:0:1'), ('LC_IDENTIFICATION', 'zh_CN.UTF-8'), ('QT_IM_MODULE', 'fcitx'), ('PWD', '/home/zxcx/new_naw/build/livox_ros_driver2'), ('XDG_CONFIG_DIRS', '/etc/xdg/xdg-ubuntu:/etc/xdg'), ('CLUTTER_IM_MODULE', 'fcitx'), ('XDG_DATA_DIRS', '/usr/share/ubuntu:/usr/share/gnome:/usr/local/share/:/usr/share/:/var/lib/snapd/desktop'), ('PYTHONPATH', '/home/zxcx/new_naw/install/livox_ros_driver2/local/lib/python3.10/dist-packages:/home/zxcx/new_naw/install/custom_msgs/local/lib/python3.10/dist-packages:/opt/ros/humble/lib/python3.10/site-packages:/opt/ros/humble/local/lib/python3.10/dist-packages'), ('LC_NUMERIC', 'zh_CN.UTF-8'), ('LC_PAPER', 'zh_CN.UTF-8'), ('COLCON', '1'), ('VTE_VERSION', '6800'), ('CMAKE_PREFIX_PATH', '/home/zxcx/new_naw/install/livox_ros_driver2:/home/zxcx/new_naw/install/custom_msgs:/home/zxcx/new_naw/install/controller:/opt/ros/humble')]), 'shell': False}
[2.722311] (algo_master) JobProgress: {'identifier': 'algo_master', 'progress': 'cmake'}
[2.722908] (algo_master) Command: {'cmd': ['/usr/bin/cmake', '/home/zxcx/new_naw/algo_master', '-DCMAKE_BUILD_TYPE=Release', '-DCMAKE_INSTALL_PREFIX=/home/zxcx/new_naw/install/algo_master'], 'cwd': '/home/zxcx/new_naw/build/algo_master', 'env': OrderedDict([('LESSOPEN', '| /usr/bin/lesspipe %s'), ('LANGUAGE', 'zh_CN:zh:en_US:en'), ('USER', 'zxcx'), ('LC_TIME', 'zh_CN.UTF-8'), ('XDG_SESSION_TYPE', 'x11'), ('SHLVL', '1'), ('LD_LIBRARY_PATH', '/home/zxcx/new_naw/install/custom_msgs/lib:/home/zxcx/new_naw/install/livox_ros_driver2/lib:/usr/lib/x86_64-linux-gnu/gazebo-11/plugins:/opt/ros/humble/opt/rviz_ogre_vendor/lib:/opt/ros/humble/lib/x86_64-linux-gnu:/opt/ros/humble/lib'), ('HOME', '/home/zxcx'), ('OLDPWD', '/home/zxcx'), ('DESKTOP_SESSION', 'ubuntu'), ('ROS_PYTHON_VERSION', '3'), ('GNOME_SHELL_SESSION_MODE', 'ubuntu'), ('GTK_MODULES', 'gail:atk-bridge'), ('LC_MONETARY', 'zh_CN.UTF-8'), ('SYSTEMD_EXEC_PID', '2718'), ('DBUS_SESSION_BUS_ADDRESS', 'unix:path=/run/user/1000/bus'), ('COLORTERM', 'truecolor'), ('IM_CONFIG_PHASE', '1'), ('COLCON_PREFIX_PATH', '/home/zxcx/new_naw/install'), ('ROS_DISTRO', 'humble'), ('GTK_IM_MODULE', 'fcitx'), ('LOGNAME', 'zxcx'), ('_', '/usr/bin/colcon'), ('ROS_VERSION', '2'), ('XDG_SESSION_CLASS', 'user'), ('USERNAME', 'zxcx'), ('TERM', 'xterm-256color'), ('GNOME_DESKTOP_SESSION_ID', 'this-is-deprecated'), ('ROS_LOCALHOST_ONLY', '0'), ('WINDOWPATH', '2'), ('PATH', '/opt/ros/humble/bin:/usr/local/sbin:/usr/local/bin:/usr/sbin:/usr/bin:/sbin:/bin:/usr/games:/usr/local/games:/snap/bin:/snap/bin'), ('SESSION_MANAGER', 'local/zxcx0219:@/tmp/.ICE-unix/2481,unix/zxcx0219:/tmp/.ICE-unix/2481'), ('XDG_MENU_PREFIX', 'gnome-'), ('LC_ADDRESS', 'zh_CN.UTF-8'), ('GNOME_TERMINAL_SCREEN', '/org/gnome/Terminal/screen/bf679257_c193_4163_8cbb_24a3c4f52a94'), ('XDG_RUNTIME_DIR', '/run/user/1000'), ('DISPLAY', ':1'), ('LANG', 'zh_CN.UTF-8'), ('XDG_CURRENT_DESKTOP', 'ubuntu:GNOME'), ('LC_TELEPHONE', 'zh_CN.UTF-8'), ('XMODIFIERS', '@im=fcitx'), ('XDG_SESSION_DESKTOP', 'ubuntu'), ('XAUTHORITY', '/run/user/1000/gdm/Xauthority'), ('LS_COLORS', 'rs=0:di=01;34:ln=01;36:mh=00:pi=40;33:so=01;35:do=01;35:bd=40;33;01:cd=40;33;01:or=40;31;01:mi=00:su=37;41:sg=30;43:ca=30;41:tw=30;42:ow=34;42:st=37;44:ex=01;32:*.tar=01;31:*.tgz=01;31:*.arc=01;31:*.arj=01;31:*.taz=01;31:*.lha=01;31:*.lz4=01;31:*.lzh=01;31:*.lzma=01;31:*.tlz=01;31:*.txz=01;31:*.tzo=01;31:*.t7z=01;31:*.zip=01;31:*.z=01;31:*.dz=01;31:*.gz=01;31:*.lrz=01;31:*.lz=01;31:*.lzo=01;31:*.xz=01;31:*.zst=01;31:*.tzst=01;31:*.bz2=01;31:*.bz=01;31:*.tbz=01;31:*.tbz2=01;31:*.tz=01;31:*.deb=01;31:*.rpm=01;31:*.jar=01;31:*.war=01;31:*.ear=01;31:*.sar=01;31:*.rar=01;31:*.alz=01;31:*.ace=01;31:*.zoo=01;31:*.cpio=01;31:*.7z=01;31:*.rz=01;31:*.cab=01;31:*.wim=01;31:*.swm=01;31:*.dwm=01;31:*.esd=01;31:*.jpg=01;35:*.jpeg=01;35:*.mjpg=01;35:*.mjpeg=01;35:*.gif=01;35:*.bmp=01;35:*.pbm=01;35:*.pgm=01;35:*.ppm=01;35:*.tga=01;35:*.xbm=01;35:*.xpm=01;35:*.tif=01;35:*.tiff=01;35:*.png=01;35:*.svg=01;35:*.svgz=01;35:*.mng=01;35:*.pcx=01;35:*.mov=01;35:*.mpg=01;35:*.mpeg=01;35:*.m2v=01;35:*.mkv=01;35:*.webm=01;35:*.webp=01;35:*.ogm=01;35:*.mp4=01;35:*.m4v=01;35:*.mp4v=01;35:*.vob=01;35:*.qt=01;35:*.nuv=01;35:*.wmv=01;35:*.asf=01;35:*.rm=01;35:*.rmvb=01;35:*.flc=01;35:*.avi=01;35:*.fli=01;35:*.flv=01;35:*.gl=01;35:*.dl=01;35:*.xcf=01;35:*.xwd=01;35:*.yuv=01;35:*.cgm=01;35:*.emf=01;35:*.ogv=01;35:*.ogx=01;35:*.aac=00;36:*.au=00;36:*.flac=00;36:*.m4a=00;36:*.mid=00;36:*.midi=00;36:*.mka=00;36:*.mp3=00;36:*.mpc=00;36:*.ogg=00;36:*.ra=00;36:*.wav=00;36:*.oga=00;36:*.opus=00;36:*.spx=00;36:*.xspf=00;36:'), ('GNOME_TERMINAL_SERVICE', ':1.113'), ('SSH_AGENT_LAUNCHER', 'gnome-keyring'), ('SSH_AUTH_SOCK', '/run/user/1000/keyring/ssh'), ('AMENT_PREFIX_PATH', '/home/zxcx/new_naw/install/livox_ros_driver2:/home/zxcx/new_naw/install/custom_msgs:/home/zxcx/new_naw/install/controller:/opt/ros/humble'), ('SHELL', '/bin/bash'), ('LC_NAME', 'zh_CN.UTF-8'), ('QT_ACCESSIBILITY', '1'), ('GDMSESSION', 'ubuntu'), ('LESSCLOSE', '/usr/bin/lesspipe %s %s'), ('LC_MEASUREMENT', 'zh_CN.UTF-8'), ('GPG_AGENT_INFO', '/run/user/1000/gnupg/S.gpg-agent:0:1'), ('LC_IDENTIFICATION', 'zh_CN.UTF-8'), ('QT_IM_MODULE', 'fcitx'), ('PWD', '/home/zxcx/new_naw/build/algo_master'), ('XDG_CONFIG_DIRS', '/etc/xdg/xdg-ubuntu:/etc/xdg'), ('CLUTTER_IM_MODULE', 'fcitx'), ('XDG_DATA_DIRS', '/usr/share/ubuntu:/usr/share/gnome:/usr/local/share/:/usr/share/:/var/lib/snapd/desktop'), ('PYTHONPATH', '/home/zxcx/new_naw/install/livox_ros_driver2/local/lib/python3.10/dist-packages:/home/zxcx/new_naw/install/custom_msgs/local/lib/python3.10/dist-packages:/opt/ros/humble/lib/python3.10/site-packages:/opt/ros/humble/local/lib/python3.10/dist-packages'), ('LC_NUMERIC', 'zh_CN.UTF-8'), ('LC_PAPER', 'zh_CN.UTF-8'), ('COLCON', '1'), ('VTE_VERSION', '6800'), ('CMAKE_PREFIX_PATH', '/home/zxcx/new_naw/install/custom_msgs:/home/zxcx/new_naw/install/livox_ros_driver2:/home/zxcx/new_naw/install/controller:/opt/ros/humble')]), 'shell': False}
[2.723463] (esdf) JobProgress: {'identifier': 'esdf', 'progress': 'cmake'}
[2.723933] (esdf) Command: {'cmd': ['/usr/bin/cmake', '/home/zxcx/new_naw/esdf', '-DCMAKE_BUILD_TYPE=Release', '-DCMAKE_INSTALL_PREFIX=/home/zxcx/new_naw/install/esdf'], 'cwd': '/home/zxcx/new_naw/build/esdf', 'env': OrderedDict([('LESSOPEN', '| /usr/bin/lesspipe %s'), ('LANGUAGE', 'zh_CN:zh:en_US:en'), ('USER', 'zxcx'), ('LC_TIME', 'zh_CN.UTF-8'), ('XDG_SESSION_TYPE', 'x11'), ('SHLVL', '1'), ('LD_LIBRARY_PATH', '/home/zxcx/new_naw/install/custom_msgs/lib:/home/zxcx/new_naw/install/livox_ros_driver2/lib:/usr/lib/x86_64-linux-gnu/gazebo-11/plugins:/opt/ros/humble/opt/rviz_ogre_vendor/lib:/opt/ros/humble/lib/x86_64-linux-gnu:/opt/ros/humble/lib'), ('HOME', '/home/zxcx'), ('OLDPWD', '/home/zxcx'), ('DESKTOP_SESSION', 'ubuntu'), ('ROS_PYTHON_VERSION', '3'), ('GNOME_SHELL_SESSION_MODE', 'ubuntu'), ('GTK_MODULES', 'gail:atk-bridge'), ('LC_MONETARY', 'zh_CN.UTF-8'), ('SYSTEMD_EXEC_PID', '2718'), ('DBUS_SESSION_BUS_ADDRESS', 'unix:path=/run/user/1000/bus'), ('COLORTERM', 'truecolor'), ('IM_CONFIG_PHASE', '1'), ('COLCON_PREFIX_PATH', '/home/zxcx/new_naw/install'), ('ROS_DISTRO', 'humble'), ('GTK_IM_MODULE', 'fcitx'), ('LOGNAME', 'zxcx'), ('_', '/usr/bin/colcon'), ('ROS_VERSION', '2'), ('XDG_SESSION_CLASS', 'user'), ('USERNAME', 'zxcx'), ('TERM', 'xterm-256color'), ('GNOME_DESKTOP_SESSION_ID', 'this-is-deprecated'), ('ROS_LOCALHOST_ONLY', '0'), ('WINDOWPATH', '2'), ('PATH', '/opt/ros/humble/bin:/usr/local/sbin:/usr/local/bin:/usr/sbin:/usr/bin:/sbin:/bin:/usr/games:/usr/local/games:/snap/bin:/snap/bin'), ('SESSION_MANAGER', 'local/zxcx0219:@/tmp/.ICE-unix/2481,unix/zxcx0219:/tmp/.ICE-unix/2481'), ('XDG_MENU_PREFIX', 'gnome-'), ('LC_ADDRESS', 'zh_CN.UTF-8'), ('GNOME_TERMINAL_SCREEN', '/org/gnome/Terminal/screen/bf679257_c193_4163_8cbb_24a3c4f52a94'), ('XDG_RUNTIME_DIR', '/run/user/1000'), ('DISPLAY', ':1'), ('LANG', 'zh_CN.UTF-8'), ('XDG_CURRENT_DESKTOP', 'ubuntu:GNOME'), ('LC_TELEPHONE', 'zh_CN.UTF-8'), ('XMODIFIERS', '@im=fcitx'), ('XDG_SESSION_DESKTOP', 'ubuntu'), ('XAUTHORITY', '/run/user/1000/gdm/Xauthority'), ('LS_COLORS', 'rs=0:di=01;34:ln=01;36:mh=00:pi=40;33:so=01;35:do=01;35:bd=40;33;01:cd=40;33;01:or=40;31;01:mi=00:su=37;41:sg=30;43:ca=30;41:tw=30;42:ow=34;42:st=37;44:ex=01;32:*.tar=01;31:*.tgz=01;31:*.arc=01;31:*.arj=01;31:*.taz=01;31:*.lha=01;31:*.lz4=01;31:*.lzh=01;31:*.lzma=01;31:*.tlz=01;31:*.txz=01;31:*.tzo=01;31:*.t7z=01;31:*.zip=01;31:*.z=01;31:*.dz=01;31:*.gz=01;31:*.lrz=01;31:*.lz=01;31:*.lzo=01;31:*.xz=01;31:*.zst=01;31:*.tzst=01;31:*.bz2=01;31:*.bz=01;31:*.tbz=01;31:*.tbz2=01;31:*.tz=01;31:*.deb=01;31:*.rpm=01;31:*.jar=01;31:*.war=01;31:*.ear=01;31:*.sar=01;31:*.rar=01;31:*.alz=01;31:*.ace=01;31:*.zoo=01;31:*.cpio=01;31:*.7z=01;31:*.rz=01;31:*.cab=01;31:*.wim=01;31:*.swm=01;31:*.dwm=01;31:*.esd=01;31:*.jpg=01;35:*.jpeg=01;35:*.mjpg=01;35:*.mjpeg=01;35:*.gif=01;35:*.bmp=01;35:*.pbm=01;35:*.pgm=01;35:*.ppm=01;35:*.tga=01;35:*.xbm=01;35:*.xpm=01;35:*.tif=01;35:*.tiff=01;35:*.png=01;35:*.svg=01;35:*.svgz=01;35:*.mng=01;35:*.pcx=01;35:*.mov=01;35:*.mpg=01;35:*.mpeg=01;35:*.m2v=01;35:*.mkv=01;35:*.webm=01;35:*.webp=01;35:*.ogm=01;35:*.mp4=01;35:*.m4v=01;35:*.mp4v=01;35:*.vob=01;35:*.qt=01;35:*.nuv=01;35:*.wmv=01;35:*.asf=01;35:*.rm=01;35:*.rmvb=01;35:*.flc=01;35:*.avi=01;35:*.fli=01;35:*.flv=01;35:*.gl=01;35:*.dl=01;35:*.xcf=01;35:*.xwd=01;35:*.yuv=01;35:*.cgm=01;35:*.emf=01;35:*.ogv=01;35:*.ogx=01;35:*.aac=00;36:*.au=00;36:*.flac=00;36:*.m4a=00;36:*.mid=00;36:*.midi=00;36:*.mka=00;36:*.mp3=00;36:*.mpc=00;36:*.ogg=00;36:*.ra=00;36:*.wav=00;36:*.oga=00;36:*.opus=00;36:*.spx=00;36:*.xspf=00;36:'), ('GNOME_TERMINAL_SERVICE', ':1.113'), ('SSH_AGENT_LAUNCHER', 'gnome-keyring'), ('SSH_AUTH_SOCK', '/run/user/1000/keyring/ssh'), ('AMENT_PREFIX_PATH', '/home/zxcx/new_naw/install/livox_ros_driver2:/home/zxcx/new_naw/install/custom_msgs:/home/zxcx/new_naw/install/controller:/opt/ros/humble'), ('SHELL', '/bin/bash'), ('LC_NAME', 'zh_CN.UTF-8'), ('QT_ACCESSIBILITY', '1'), ('GDMSESSION', 'ubuntu'), ('LESSCLOSE', '/usr/bin/lesspipe %s %s'), ('LC_MEASUREMENT', 'zh_CN.UTF-8'), ('GPG_AGENT_INFO', '/run/user/1000/gnupg/S.gpg-agent:0:1'), ('LC_IDENTIFICATION', 'zh_CN.UTF-8'), ('QT_IM_MODULE', 'fcitx'), ('PWD', '/home/zxcx/new_naw/build/esdf'), ('XDG_CONFIG_DIRS', '/etc/xdg/xdg-ubuntu:/etc/xdg'), ('CLUTTER_IM_MODULE', 'fcitx'), ('XDG_DATA_DIRS', '/usr/share/ubuntu:/usr/share/gnome:/usr/local/share/:/usr/share/:/var/lib/snapd/desktop'), ('PYTHONPATH', '/home/zxcx/new_naw/install/livox_ros_driver2/local/lib/python3.10/dist-packages:/home/zxcx/new_naw/install/custom_msgs/local/lib/python3.10/dist-packages:/opt/ros/humble/lib/python3.10/site-packages:/opt/ros/humble/local/lib/python3.10/dist-packages'), ('LC_NUMERIC', 'zh_CN.UTF-8'), ('LC_PAPER', 'zh_CN.UTF-8'), ('COLCON', '1'), ('VTE_VERSION', '6800'), ('CMAKE_PREFIX_PATH', '/home/zxcx/new_naw/install/custom_msgs:/home/zxcx/new_naw/install/livox_ros_driver2:/home/zxcx/new_naw/install/controller:/opt/ros/humble')]), 'shell': False}
[2.724782] (planner) JobProgress: {'identifier': 'planner', 'progress': 'cmake'}
[2.725220] (planner) Command: {'cmd': ['/usr/bin/cmake', '/home/zxcx/new_naw/planner', '-DCMAKE_BUILD_TYPE=Release', '-DCMAKE_INSTALL_PREFIX=/home/zxcx/new_naw/install/planner'], 'cwd': '/home/zxcx/new_naw/build/planner', 'env': OrderedDict([('LESSOPEN', '| /usr/bin/lesspipe %s'), ('LANGUAGE', 'zh_CN:zh:en_US:en'), ('USER', 'zxcx'), ('LC_TIME', 'zh_CN.UTF-8'), ('XDG_SESSION_TYPE', 'x11'), ('SHLVL', '1'), ('LD_LIBRARY_PATH', '/home/zxcx/new_naw/install/custom_msgs/lib:/home/zxcx/new_naw/install/livox_ros_driver2/lib:/usr/lib/x86_64-linux-gnu/gazebo-11/plugins:/opt/ros/humble/opt/rviz_ogre_vendor/lib:/opt/ros/humble/lib/x86_64-linux-gnu:/opt/ros/humble/lib'), ('HOME', '/home/zxcx'), ('OLDPWD', '/home/zxcx'), ('DESKTOP_SESSION', 'ubuntu'), ('ROS_PYTHON_VERSION', '3'), ('GNOME_SHELL_SESSION_MODE', 'ubuntu'), ('GTK_MODULES', 'gail:atk-bridge'), ('LC_MONETARY', 'zh_CN.UTF-8'), ('SYSTEMD_EXEC_PID', '2718'), ('DBUS_SESSION_BUS_ADDRESS', 'unix:path=/run/user/1000/bus'), ('COLORTERM', 'truecolor'), ('IM_CONFIG_PHASE', '1'), ('COLCON_PREFIX_PATH', '/home/zxcx/new_naw/install'), ('ROS_DISTRO', 'humble'), ('GTK_IM_MODULE', 'fcitx'), ('LOGNAME', 'zxcx'), ('_', '/usr/bin/colcon'), ('ROS_VERSION', '2'), ('XDG_SESSION_CLASS', 'user'), ('USERNAME', 'zxcx'), ('TERM', 'xterm-256color'), ('GNOME_DESKTOP_SESSION_ID', 'this-is-deprecated'), ('ROS_LOCALHOST_ONLY', '0'), ('WINDOWPATH', '2'), ('PATH', '/opt/ros/humble/bin:/usr/local/sbin:/usr/local/bin:/usr/sbin:/usr/bin:/sbin:/bin:/usr/games:/usr/local/games:/snap/bin:/snap/bin'), ('SESSION_MANAGER', 'local/zxcx0219:@/tmp/.ICE-unix/2481,unix/zxcx0219:/tmp/.ICE-unix/2481'), ('XDG_MENU_PREFIX', 'gnome-'), ('LC_ADDRESS', 'zh_CN.UTF-8'), ('GNOME_TERMINAL_SCREEN', '/org/gnome/Terminal/screen/bf679257_c193_4163_8cbb_24a3c4f52a94'), ('XDG_RUNTIME_DIR', '/run/user/1000'), ('DISPLAY', ':1'), ('LANG', 'zh_CN.UTF-8'), ('XDG_CURRENT_DESKTOP', 'ubuntu:GNOME'), ('LC_TELEPHONE', 'zh_CN.UTF-8'), ('XMODIFIERS', '@im=fcitx'), ('XDG_SESSION_DESKTOP', 'ubuntu'), ('XAUTHORITY', '/run/user/1000/gdm/Xauthority'), ('LS_COLORS', 'rs=0:di=01;34:ln=01;36:mh=00:pi=40;33:so=01;35:do=01;35:bd=40;33;01:cd=40;33;01:or=40;31;01:mi=00:su=37;41:sg=30;43:ca=30;41:tw=30;42:ow=34;42:st=37;44:ex=01;32:*.tar=01;31:*.tgz=01;31:*.arc=01;31:*.arj=01;31:*.taz=01;31:*.lha=01;31:*.lz4=01;31:*.lzh=01;31:*.lzma=01;31:*.tlz=01;31:*.txz=01;31:*.tzo=01;31:*.t7z=01;31:*.zip=01;31:*.z=01;31:*.dz=01;31:*.gz=01;31:*.lrz=01;31:*.lz=01;31:*.lzo=01;31:*.xz=01;31:*.zst=01;31:*.tzst=01;31:*.bz2=01;31:*.bz=01;31:*.tbz=01;31:*.tbz2=01;31:*.tz=01;31:*.deb=01;31:*.rpm=01;31:*.jar=01;31:*.war=01;31:*.ear=01;31:*.sar=01;31:*.rar=01;31:*.alz=01;31:*.ace=01;31:*.zoo=01;31:*.cpio=01;31:*.7z=01;31:*.rz=01;31:*.cab=01;31:*.wim=01;31:*.swm=01;31:*.dwm=01;31:*.esd=01;31:*.jpg=01;35:*.jpeg=01;35:*.mjpg=01;35:*.mjpeg=01;35:*.gif=01;35:*.bmp=01;35:*.pbm=01;35:*.pgm=01;35:*.ppm=01;35:*.tga=01;35:*.xbm=01;35:*.xpm=01;35:*.tif=01;35:*.tiff=01;35:*.png=01;35:*.svg=01;35:*.svgz=01;35:*.mng=01;35:*.pcx=01;35:*.mov=01;35:*.mpg=01;35:*.mpeg=01;35:*.m2v=01;35:*.mkv=01;35:*.webm=01;35:*.webp=01;35:*.ogm=01;35:*.mp4=01;35:*.m4v=01;35:*.mp4v=01;35:*.vob=01;35:*.qt=01;35:*.nuv=01;35:*.wmv=01;35:*.asf=01;35:*.rm=01;35:*.rmvb=01;35:*.flc=01;35:*.avi=01;35:*.fli=01;35:*.flv=01;35:*.gl=01;35:*.dl=01;35:*.xcf=01;35:*.xwd=01;35:*.yuv=01;35:*.cgm=01;35:*.emf=01;35:*.ogv=01;35:*.ogx=01;35:*.aac=00;36:*.au=00;36:*.flac=00;36:*.m4a=00;36:*.mid=00;36:*.midi=00;36:*.mka=00;36:*.mp3=00;36:*.mpc=00;36:*.ogg=00;36:*.ra=00;36:*.wav=00;36:*.oga=00;36:*.opus=00;36:*.spx=00;36:*.xspf=00;36:'), ('GNOME_TERMINAL_SERVICE', ':1.113'), ('SSH_AGENT_LAUNCHER', 'gnome-keyring'), ('SSH_AUTH_SOCK', '/run/user/1000/keyring/ssh'), ('AMENT_PREFIX_PATH', '/home/zxcx/new_naw/install/livox_ros_driver2:/home/zxcx/new_naw/install/custom_msgs:/home/zxcx/new_naw/install/controller:/opt/ros/humble'), ('SHELL', '/bin/bash'), ('LC_NAME', 'zh_CN.UTF-8'), ('QT_ACCESSIBILITY', '1'), ('GDMSESSION', 'ubuntu'), ('LESSCLOSE', '/usr/bin/lesspipe %s %s'), ('LC_MEASUREMENT', 'zh_CN.UTF-8'), ('GPG_AGENT_INFO', '/run/user/1000/gnupg/S.gpg-agent:0:1'), ('LC_IDENTIFICATION', 'zh_CN.UTF-8'), ('QT_IM_MODULE', 'fcitx'), ('PWD', '/home/zxcx/new_naw/build/planner'), ('XDG_CONFIG_DIRS', '/etc/xdg/xdg-ubuntu:/etc/xdg'), ('CLUTTER_IM_MODULE', 'fcitx'), ('XDG_DATA_DIRS', '/usr/share/ubuntu:/usr/share/gnome:/usr/local/share/:/usr/share/:/var/lib/snapd/desktop'), ('PYTHONPATH', '/home/zxcx/new_naw/install/livox_ros_driver2/local/lib/python3.10/dist-packages:/home/zxcx/new_naw/install/custom_msgs/local/lib/python3.10/dist-packages:/opt/ros/humble/lib/python3.10/site-packages:/opt/ros/humble/local/lib/python3.10/dist-packages'), ('LC_NUMERIC', 'zh_CN.UTF-8'), ('LC_PAPER', 'zh_CN.UTF-8'), ('COLCON', '1'), ('VTE_VERSION', '6800'), ('CMAKE_PREFIX_PATH', '/home/zxcx/new_naw/install/custom_msgs:/home/zxcx/new_naw/install/livox_ros_driver2:/home/zxcx/new_naw/install/controller:/opt/ros/humble')]), 'shell': False}
[2.726444] (relocation) JobProgress: {'identifier': 'relocation', 'progress': 'cmake'}
[2.727013] (relocation) Command: {'cmd': ['/usr/bin/cmake', '/home/zxcx/new_naw/relocation', '-DCMAKE_BUILD_TYPE=Release', '-DCMAKE_INSTALL_PREFIX=/home/zxcx/new_naw/install/relocation'], 'cwd': '/home/zxcx/new_naw/build/relocation', 'env': OrderedDict([('LESSOPEN', '| /usr/bin/lesspipe %s'), ('LANGUAGE', 'zh_CN:zh:en_US:en'), ('USER', 'zxcx'), ('LC_TIME', 'zh_CN.UTF-8'), ('XDG_SESSION_TYPE', 'x11'), ('SHLVL', '1'), ('LD_LIBRARY_PATH', '/home/zxcx/new_naw/install/custom_msgs/lib:/home/zxcx/new_naw/install/livox_ros_driver2/lib:/usr/lib/x86_64-linux-gnu/gazebo-11/plugins:/opt/ros/humble/opt/rviz_ogre_vendor/lib:/opt/ros/humble/lib/x86_64-linux-gnu:/opt/ros/humble/lib'), ('HOME', '/home/zxcx'), ('OLDPWD', '/home/zxcx'), ('DESKTOP_SESSION', 'ubuntu'), ('ROS_PYTHON_VERSION', '3'), ('GNOME_SHELL_SESSION_MODE', 'ubuntu'), ('GTK_MODULES', 'gail:atk-bridge'), ('LC_MONETARY', 'zh_CN.UTF-8'), ('SYSTEMD_EXEC_PID', '2718'), ('DBUS_SESSION_BUS_ADDRESS', 'unix:path=/run/user/1000/bus'), ('COLORTERM', 'truecolor'), ('IM_CONFIG_PHASE', '1'), ('COLCON_PREFIX_PATH', '/home/zxcx/new_naw/install'), ('ROS_DISTRO', 'humble'), ('GTK_IM_MODULE', 'fcitx'), ('LOGNAME', 'zxcx'), ('_', '/usr/bin/colcon'), ('ROS_VERSION', '2'), ('XDG_SESSION_CLASS', 'user'), ('USERNAME', 'zxcx'), ('TERM', 'xterm-256color'), ('GNOME_DESKTOP_SESSION_ID', 'this-is-deprecated'), ('ROS_LOCALHOST_ONLY', '0'), ('WINDOWPATH', '2'), ('PATH', '/opt/ros/humble/bin:/usr/local/sbin:/usr/local/bin:/usr/sbin:/usr/bin:/sbin:/bin:/usr/games:/usr/local/games:/snap/bin:/snap/bin'), ('SESSION_MANAGER', 'local/zxcx0219:@/tmp/.ICE-unix/2481,unix/zxcx0219:/tmp/.ICE-unix/2481'), ('XDG_MENU_PREFIX', 'gnome-'), ('LC_ADDRESS', 'zh_CN.UTF-8'), ('GNOME_TERMINAL_SCREEN', '/org/gnome/Terminal/screen/bf679257_c193_4163_8cbb_24a3c4f52a94'), ('XDG_RUNTIME_DIR', '/run/user/1000'), ('DISPLAY', ':1'), ('LANG', 'zh_CN.UTF-8'), ('XDG_CURRENT_DESKTOP', 'ubuntu:GNOME'), ('LC_TELEPHONE', 'zh_CN.UTF-8'), ('XMODIFIERS', '@im=fcitx'), ('XDG_SESSION_DESKTOP', 'ubuntu'), ('XAUTHORITY', '/run/user/1000/gdm/Xauthority'), ('LS_COLORS', 'rs=0:di=01;34:ln=01;36:mh=00:pi=40;33:so=01;35:do=01;35:bd=40;33;01:cd=40;33;01:or=40;31;01:mi=00:su=37;41:sg=30;43:ca=30;41:tw=30;42:ow=34;42:st=37;44:ex=01;32:*.tar=01;31:*.tgz=01;31:*.arc=01;31:*.arj=01;31:*.taz=01;31:*.lha=01;31:*.lz4=01;31:*.lzh=01;31:*.lzma=01;31:*.tlz=01;31:*.txz=01;31:*.tzo=01;31:*.t7z=01;31:*.zip=01;31:*.z=01;31:*.dz=01;31:*.gz=01;31:*.lrz=01;31:*.lz=01;31:*.lzo=01;31:*.xz=01;31:*.zst=01;31:*.tzst=01;31:*.bz2=01;31:*.bz=01;31:*.tbz=01;31:*.tbz2=01;31:*.tz=01;31:*.deb=01;31:*.rpm=01;31:*.jar=01;31:*.war=01;31:*.ear=01;31:*.sar=01;31:*.rar=01;31:*.alz=01;31:*.ace=01;31:*.zoo=01;31:*.cpio=01;31:*.7z=01;31:*.rz=01;31:*.cab=01;31:*.wim=01;31:*.swm=01;31:*.dwm=01;31:*.esd=01;31:*.jpg=01;35:*.jpeg=01;35:*.mjpg=01;35:*.mjpeg=01;35:*.gif=01;35:*.bmp=01;35:*.pbm=01;35:*.pgm=01;35:*.ppm=01;35:*.tga=01;35:*.xbm=01;35:*.xpm=01;35:*.tif=01;35:*.tiff=01;35:*.png=01;35:*.svg=01;35:*.svgz=01;35:*.mng=01;35:*.pcx=01;35:*.mov=01;35:*.mpg=01;35:*.mpeg=01;35:*.m2v=01;35:*.mkv=01;35:*.webm=01;35:*.webp=01;35:*.ogm=01;35:*.mp4=01;35:*.m4v=01;35:*.mp4v=01;35:*.vob=01;35:*.qt=01;35:*.nuv=01;35:*.wmv=01;35:*.asf=01;35:*.rm=01;35:*.rmvb=01;35:*.flc=01;35:*.avi=01;35:*.fli=01;35:*.flv=01;35:*.gl=01;35:*.dl=01;35:*.xcf=01;35:*.xwd=01;35:*.yuv=01;35:*.cgm=01;35:*.emf=01;35:*.ogv=01;35:*.ogx=01;35:*.aac=00;36:*.au=00;36:*.flac=00;36:*.m4a=00;36:*.mid=00;36:*.midi=00;36:*.mka=00;36:*.mp3=00;36:*.mpc=00;36:*.ogg=00;36:*.ra=00;36:*.wav=00;36:*.oga=00;36:*.opus=00;36:*.spx=00;36:*.xspf=00;36:'), ('GNOME_TERMINAL_SERVICE', ':1.113'), ('SSH_AGENT_LAUNCHER', 'gnome-keyring'), ('SSH_AUTH_SOCK', '/run/user/1000/keyring/ssh'), ('AMENT_PREFIX_PATH', '/home/zxcx/new_naw/install/livox_ros_driver2:/home/zxcx/new_naw/install/custom_msgs:/home/zxcx/new_naw/install/controller:/opt/ros/humble'), ('SHELL', '/bin/bash'), ('LC_NAME', 'zh_CN.UTF-8'), ('QT_ACCESSIBILITY', '1'), ('GDMSESSION', 'ubuntu'), ('LESSCLOSE', '/usr/bin/lesspipe %s %s'), ('LC_MEASUREMENT', 'zh_CN.UTF-8'), ('GPG_AGENT_INFO', '/run/user/1000/gnupg/S.gpg-agent:0:1'), ('LC_IDENTIFICATION', 'zh_CN.UTF-8'), ('QT_IM_MODULE', 'fcitx'), ('PWD', '/home/zxcx/new_naw/build/relocation'), ('XDG_CONFIG_DIRS', '/etc/xdg/xdg-ubuntu:/etc/xdg'), ('CLUTTER_IM_MODULE', 'fcitx'), ('XDG_DATA_DIRS', '/usr/share/ubuntu:/usr/share/gnome:/usr/local/share/:/usr/share/:/var/lib/snapd/desktop'), ('PYTHONPATH', '/home/zxcx/new_naw/install/livox_ros_driver2/local/lib/python3.10/dist-packages:/home/zxcx/new_naw/install/custom_msgs/local/lib/python3.10/dist-packages:/opt/ros/humble/lib/python3.10/site-packages:/opt/ros/humble/local/lib/python3.10/dist-packages'), ('LC_NUMERIC', 'zh_CN.UTF-8'), ('LC_PAPER', 'zh_CN.UTF-8'), ('COLCON', '1'), ('VTE_VERSION', '6800'), ('CMAKE_PREFIX_PATH', '/home/zxcx/new_naw/install/custom_msgs:/home/zxcx/new_naw/install/livox_ros_driver2:/home/zxcx/new_naw/install/controller:/opt/ros/humble')]), 'shell': False}
[2.750865] (livox_ros_driver2) StdoutLine: {'line': b'[  1%] \x1b[34m\x1b[1mGenerating C code for ROS interfaces\x1b[0m\n'}
[2.757886] (livox_ros_driver2) StdoutLine: {'line': b'[  5%] \x1b[34m\x1b[1mGenerating Rust code for ROS interfaces\x1b[0m\n'}
[2.758005] (livox_ros_driver2) StdoutLine: {'line': b'[  5%] \x1b[34m\x1b[1mGenerating C++ code for ROS interfaces\x1b[0m\n'}
[2.758422] (algo_master) StdoutLine: {'line': b'-- The C compiler identification is GNU 11.4.0\n'}
[2.759009] (esdf) StdoutLine: {'line': b'-- The C compiler identification is GNU 11.4.0\n'}
[2.760544] (livox_ros_driver2) StdoutLine: {'line': b'[  6%] \x1b[32mBuilding CXX object CMakeFiles/livox_ros_driver2_node.dir/rclcpp_components/node_main_livox_ros_driver2_node.cpp.o\x1b[0m\n'}
[2.760722] (planner) StdoutLine: {'line': b'-- The C compiler identification is GNU 11.4.0\n'}
[2.763105] (relocation) StdoutLine: {'line': b'-- The C compiler identification is GNU 11.4.0\n'}
[2.764261] (livox_ros_driver2) StdoutLine: {'line': b'[  6%] Built target ament_cmake_python_copy_livox_ros_driver2\n'}
[2.794167] (esdf) StdoutLine: {'line': b'-- The CXX compiler identification is GNU 11.4.0\n'}
[2.795212] (algo_master) StdoutLine: {'line': b'-- The CXX compiler identification is GNU 11.4.0\n'}
[2.796627] (planner) StdoutLine: {'line': b'-- The CXX compiler identification is GNU 11.4.0\n'}
[2.799082] (esdf) StdoutLine: {'line': b'-- Detecting C compiler ABI info\n'}
[2.799440] (relocation) StdoutLine: {'line': b'-- The CXX compiler identification is GNU 11.4.0\n'}
[2.799864] (algo_master) StdoutLine: {'line': b'-- Detecting C compiler ABI info\n'}
[2.801173] (planner) StdoutLine: {'line': b'-- Detecting C compiler ABI info\n'}
[2.802441] (-) TimerEvent: {}
[2.805013] (relocation) StdoutLine: {'line': b'-- Detecting C compiler ABI info\n'}
[2.847643] (algo_master) StdoutLine: {'line': b'-- Detecting C compiler ABI info - done\n'}
[2.847868] (planner) StdoutLine: {'line': b'-- Detecting C compiler ABI info - done\n'}
[2.848256] (esdf) StdoutLine: {'line': b'-- Detecting C compiler ABI info - done\n'}
[2.851636] (algo_master) StdoutLine: {'line': b'-- Check for working C compiler: /usr/bin/cc - skipped\n'}
[2.851753] (planner) StdoutLine: {'line': b'-- Check for working C compiler: /usr/bin/cc - skipped\n'}
[2.851831] (algo_master) StdoutLine: {'line': b'-- Detecting C compile features\n'}
[2.851926] (planner) StdoutLine: {'line': b'-- Detecting C compile features\n'}
[2.852039] (algo_master) StdoutLine: {'line': b'-- Detecting C compile features - done\n'}
[2.852134] (planner) StdoutLine: {'line': b'-- Detecting C compile features - done\n'}
[2.852299] (esdf) StdoutLine: {'line': b'-- Check for working C compiler: /usr/bin/cc - skipped\n'}
[2.852465] (esdf) StdoutLine: {'line': b'-- Detecting C compile features\n'}
[2.852697] (esdf) StdoutLine: {'line': b'-- Detecting C compile features - done\n'}
[2.853916] (algo_master) StdoutLine: {'line': b'-- Detecting CXX compiler ABI info\n'}
[2.854010] (planner) StdoutLine: {'line': b'-- Detecting CXX compiler ABI info\n'}
[2.854313] (relocation) StdoutLine: {'line': b'-- Detecting C compiler ABI info - done\n'}
[2.854631] (esdf) StdoutLine: {'line': b'-- Detecting CXX compiler ABI info\n'}
[2.858313] (relocation) StdoutLine: {'line': b'-- Check for working C compiler: /usr/bin/cc - skipped\n'}
[2.858471] (relocation) StdoutLine: {'line': b'-- Detecting C compile features\n'}
[2.858703] (relocation) StdoutLine: {'line': b'-- Detecting C compile features - done\n'}
[2.860584] (relocation) StdoutLine: {'line': b'-- Detecting CXX compiler ABI info\n'}
[2.888557] (livox_ros_driver2) StdoutLine: {'line': b'running egg_info\n'}
[2.888787] (livox_ros_driver2) StdoutLine: {'line': b'creating livox_ros_driver2.egg-info\n'}
[2.888876] (livox_ros_driver2) StdoutLine: {'line': b'writing livox_ros_driver2.egg-info/PKG-INFO\n'}
[2.888987] (livox_ros_driver2) StdoutLine: {'line': b'writing dependency_links to livox_ros_driver2.egg-info/dependency_links.txt\n'}
[2.889089] (livox_ros_driver2) StdoutLine: {'line': b'writing top-level names to livox_ros_driver2.egg-info/top_level.txt\n'}
[2.889182] (livox_ros_driver2) StdoutLine: {'line': b"writing manifest file 'livox_ros_driver2.egg-info/SOURCES.txt'\n"}
[2.890061] (livox_ros_driver2) StdoutLine: {'line': b"reading manifest file 'livox_ros_driver2.egg-info/SOURCES.txt'\n"}
[2.890311] (livox_ros_driver2) StdoutLine: {'line': b"writing manifest file 'livox_ros_driver2.egg-info/SOURCES.txt'\n"}
[2.902543] (-) TimerEvent: {}
[2.908123] (esdf) StdoutLine: {'line': b'-- Detecting CXX compiler ABI info - done\n'}
[2.908318] (planner) StdoutLine: {'line': b'-- Detecting CXX compiler ABI info - done\n'}
[2.908439] (livox_ros_driver2) StdoutLine: {'line': b'[  6%] Built target ament_cmake_python_build_livox_ros_driver2_egg\n'}
[2.908551] (algo_master) StdoutLine: {'line': b'-- Detecting CXX compiler ABI info - done\n'}
[2.912256] (planner) StdoutLine: {'line': b'-- Check for working CXX compiler: /usr/bin/c++ - skipped\n'}
[2.912403] (esdf) StdoutLine: {'line': b'-- Check for working CXX compiler: /usr/bin/c++ - skipped\n'}
[2.912507] (algo_master) StdoutLine: {'line': b'-- Check for working CXX compiler: /usr/bin/c++ - skipped\n'}
[2.912597] (esdf) StdoutLine: {'line': b'-- Detecting CXX compile features\n'}
[2.912644] (planner) StdoutLine: {'line': b'-- Detecting CXX compile features\n'}
[2.912712] (algo_master) StdoutLine: {'line': b'-- Detecting CXX compile features\n'}
[2.912778] (planner) StdoutLine: {'line': b'-- Detecting CXX compile features - done\n'}
[2.912821] (esdf) StdoutLine: {'line': b'-- Detecting CXX compile features - done\n'}
[2.912863] (algo_master) StdoutLine: {'line': b'-- Detecting CXX compile features - done\n'}
[2.913389] (relocation) StdoutLine: {'line': b'-- Detecting CXX compiler ABI info - done\n'}
[2.914492] (algo_master) StdoutLine: {'line': b'-- Found ament_cmake: 1.3.14 (/opt/ros/humble/share/ament_cmake/cmake)\n'}
[2.914575] (esdf) StdoutLine: {'line': b'-- Found ament_cmake: 1.3.14 (/opt/ros/humble/share/ament_cmake/cmake)\n'}
[2.914681] (planner) StdoutLine: {'line': b'-- Found ament_cmake: 1.3.14 (/opt/ros/humble/share/ament_cmake/cmake)\n'}
[2.917586] (relocation) StdoutLine: {'line': b'-- Check for working CXX compiler: /usr/bin/c++ - skipped\n'}
[2.917768] (relocation) StdoutLine: {'line': b'-- Detecting CXX compile features\n'}
[2.918017] (relocation) StdoutLine: {'line': b'-- Detecting CXX compile features - done\n'}
[2.919577] (relocation) StdoutLine: {'line': b'-- Found ament_cmake: 1.3.14 (/opt/ros/humble/share/ament_cmake/cmake)\n'}
[2.968871] (livox_ros_driver2) StdoutLine: {'line': b'[  6%] Built target livox_interfaces2__rs\n'}
[2.982666] (livox_ros_driver2) StdoutLine: {'line': b'[  6%] Built target livox_interfaces2__cpp\n'}
[2.985102] (livox_ros_driver2) StdoutLine: {'line': b'[  8%] \x1b[32mBuilding C object CMakeFiles/livox_interfaces2__rosidl_generator_c.dir/rosidl_generator_c/livox_ros_driver2/msg/detail/custom_point__functions.c.o\x1b[0m\n'}
[2.985408] (livox_ros_driver2) StdoutLine: {'line': b'[ 10%] \x1b[32mBuilding C object CMakeFiles/livox_interfaces2__rosidl_generator_c.dir/rosidl_generator_c/livox_ros_driver2/msg/detail/custom_msg__functions.c.o\x1b[0m\n'}
[2.989467] (livox_ros_driver2) StdoutLine: {'line': b'[ 12%] \x1b[34m\x1b[1mGenerating C++ type support for eProsima Fast-RTPS\x1b[0m\n'}
[2.990411] (livox_ros_driver2) StdoutLine: {'line': b'[ 15%] \x1b[34m\x1b[1mGenerating C++ introspection for ROS interfaces\x1b[0m\n'}
[2.990493] (livox_ros_driver2) StdoutLine: {'line': b'[ 15%] \x1b[34m\x1b[1mGenerating C++ type support dispatch for ROS interfaces\x1b[0m\n'}
[3.002633] (-) TimerEvent: {}
[3.003487] (planner) StdoutLine: {'line': b'-- Found Python3: /usr/bin/python3 (found version "3.10.12") found components: Interpreter \n'}
[3.003779] (algo_master) StdoutLine: {'line': b'-- Found Python3: /usr/bin/python3 (found version "3.10.12") found components: Interpreter \n'}
[3.006479] (esdf) StdoutLine: {'line': b'-- Found Python3: /usr/bin/python3 (found version "3.10.12") found components: Interpreter \n'}
[3.013919] (relocation) StdoutLine: {'line': b'-- Found Python3: /usr/bin/python3 (found version "3.10.12") found components: Interpreter \n'}
[3.041334] (livox_ros_driver2) StdoutLine: {'line': b'[ 17%] \x1b[32m\x1b[1mLinking C shared library liblivox_ros_driver2__rosidl_generator_c.so\x1b[0m\n'}
[3.058815] (algo_master) StdoutLine: {'line': b'-- Found rclcpp: 16.0.19 (/opt/ros/humble/share/rclcpp/cmake)\n'}
[3.060299] (planner) StdoutLine: {'line': b'-- Found rclcpp: 16.0.19 (/opt/ros/humble/share/rclcpp/cmake)\n'}
[3.060399] (esdf) StdoutLine: {'line': b'-- Found rclcpp: 16.0.19 (/opt/ros/humble/share/rclcpp/cmake)\n'}
[3.066838] (livox_ros_driver2) StdoutLine: {'line': b'[ 17%] Built target livox_interfaces2__rosidl_generator_c\n'}
[3.068796] (relocation) StdoutLine: {'line': b'-- Found rclcpp: 16.0.19 (/opt/ros/humble/share/rclcpp/cmake)\n'}
[3.073738] (livox_ros_driver2) StdoutLine: {'line': b'[ 20%] \x1b[34m\x1b[1mGenerating C type support dispatch for ROS interfaces\x1b[0m\n'}
[3.073815] (livox_ros_driver2) StdoutLine: {'line': b'[ 20%] \x1b[34m\x1b[1mGenerating C introspection for ROS interfaces\x1b[0m\n'}
[3.073866] (livox_ros_driver2) StdoutLine: {'line': b'[ 22%] \x1b[34m\x1b[1mGenerating C type support for eProsima Fast-RTPS\x1b[0m\n'}
[3.084240] (algo_master) StdoutLine: {'line': b'-- Found rosidl_generator_c: 3.1.8 (/opt/ros/humble/share/rosidl_generator_c/cmake)\n'}
[3.085022] (planner) StdoutLine: {'line': b'-- Found rosidl_generator_c: 3.1.8 (/opt/ros/humble/share/rosidl_generator_c/cmake)\n'}
[3.085587] (esdf) StdoutLine: {'line': b'-- Found rosidl_generator_c: 3.1.8 (/opt/ros/humble/share/rosidl_generator_c/cmake)\n'}
[3.087309] (algo_master) StdoutLine: {'line': b'-- Found rosidl_adapter: 3.1.8 (/opt/ros/humble/share/rosidl_adapter/cmake)\n'}
[3.087995] (planner) StdoutLine: {'line': b'-- Found rosidl_adapter: 3.1.8 (/opt/ros/humble/share/rosidl_adapter/cmake)\n'}
[3.088536] (esdf) StdoutLine: {'line': b'-- Found rosidl_adapter: 3.1.8 (/opt/ros/humble/share/rosidl_adapter/cmake)\n'}
[3.092227] (algo_master) StdoutLine: {'line': b'-- Found rosidl_generator_cpp: 3.1.8 (/opt/ros/humble/share/rosidl_generator_cpp/cmake)\n'}
[3.092930] (planner) StdoutLine: {'line': b'-- Found rosidl_generator_cpp: 3.1.8 (/opt/ros/humble/share/rosidl_generator_cpp/cmake)\n'}
[3.093472] (esdf) StdoutLine: {'line': b'-- Found rosidl_generator_cpp: 3.1.8 (/opt/ros/humble/share/rosidl_generator_cpp/cmake)\n'}
[3.094461] (relocation) StdoutLine: {'line': b'-- Found rosidl_generator_c: 3.1.8 (/opt/ros/humble/share/rosidl_generator_c/cmake)\n'}
[3.097408] (relocation) StdoutLine: {'line': b'-- Found rosidl_adapter: 3.1.8 (/opt/ros/humble/share/rosidl_adapter/cmake)\n'}
[3.099036] (algo_master) StdoutLine: {'line': b'-- Using all available rosidl_typesupport_c: rosidl_typesupport_fastrtps_c;rosidl_typesupport_introspection_c\n'}
[3.099741] (planner) StdoutLine: {'line': b'-- Using all available rosidl_typesupport_c: rosidl_typesupport_fastrtps_c;rosidl_typesupport_introspection_c\n'}
[3.100370] (esdf) StdoutLine: {'line': b'-- Using all available rosidl_typesupport_c: rosidl_typesupport_fastrtps_c;rosidl_typesupport_introspection_c\n'}
[3.102332] (relocation) StdoutLine: {'line': b'-- Found rosidl_generator_cpp: 3.1.8 (/opt/ros/humble/share/rosidl_generator_cpp/cmake)\n'}
[3.102686] (-) TimerEvent: {}
[3.108083] (algo_master) StdoutLine: {'line': b'-- Using all available rosidl_typesupport_cpp: rosidl_typesupport_fastrtps_cpp;rosidl_typesupport_introspection_cpp\n'}
[3.108783] (planner) StdoutLine: {'line': b'-- Using all available rosidl_typesupport_cpp: rosidl_typesupport_fastrtps_cpp;rosidl_typesupport_introspection_cpp\n'}
[3.109075] (relocation) StdoutLine: {'line': b'-- Using all available rosidl_typesupport_c: rosidl_typesupport_fastrtps_c;rosidl_typesupport_introspection_c\n'}
[3.109436] (esdf) StdoutLine: {'line': b'-- Using all available rosidl_typesupport_cpp: rosidl_typesupport_fastrtps_cpp;rosidl_typesupport_introspection_cpp\n'}
[3.118270] (relocation) StdoutLine: {'line': b'-- Using all available rosidl_typesupport_cpp: rosidl_typesupport_fastrtps_cpp;rosidl_typesupport_introspection_cpp\n'}
[3.132979] (algo_master) StdoutLine: {'line': b'-- Found rmw_implementation_cmake: 6.1.2 (/opt/ros/humble/share/rmw_implementation_cmake/cmake)\n'}
[3.133716] (planner) StdoutLine: {'line': b'-- Found rmw_implementation_cmake: 6.1.2 (/opt/ros/humble/share/rmw_implementation_cmake/cmake)\n'}
[3.134559] (algo_master) StdoutLine: {'line': b'-- Found rmw_fastrtps_cpp: 6.2.10 (/opt/ros/humble/share/rmw_fastrtps_cpp/cmake)\n'}
[3.135313] (planner) StdoutLine: {'line': b'-- Found rmw_fastrtps_cpp: 6.2.10 (/opt/ros/humble/share/rmw_fastrtps_cpp/cmake)\n'}
[3.135467] (esdf) StdoutLine: {'line': b'-- Found rmw_implementation_cmake: 6.1.2 (/opt/ros/humble/share/rmw_implementation_cmake/cmake)\n'}
[3.137145] (esdf) StdoutLine: {'line': b'-- Found rmw_fastrtps_cpp: 6.2.10 (/opt/ros/humble/share/rmw_fastrtps_cpp/cmake)\n'}
[3.143054] (relocation) StdoutLine: {'line': b'-- Found rmw_implementation_cmake: 6.1.2 (/opt/ros/humble/share/rmw_implementation_cmake/cmake)\n'}
[3.144603] (relocation) StdoutLine: {'line': b'-- Found rmw_fastrtps_cpp: 6.2.10 (/opt/ros/humble/share/rmw_fastrtps_cpp/cmake)\n'}
[3.196598] (livox_ros_driver2) StdoutLine: {'line': b'[ 25%] \x1b[32mBuilding CXX object CMakeFiles/livox_interfaces2__rosidl_typesupport_cpp.dir/rosidl_typesupport_cpp/livox_ros_driver2/msg/custom_msg__type_support.cpp.o\x1b[0m\n'}
[3.196801] (livox_ros_driver2) StdoutLine: {'line': b'[ 25%] \x1b[32mBuilding CXX object CMakeFiles/livox_interfaces2__rosidl_typesupport_cpp.dir/rosidl_typesupport_cpp/livox_ros_driver2/msg/custom_point__type_support.cpp.o\x1b[0m\n'}
[3.196885] (algo_master) StdoutLine: {'line': b'-- Found OpenSSL: /usr/lib/x86_64-linux-gnu/libcrypto.so (found version "3.0.2")  \n'}
[3.197681] (planner) StdoutLine: {'line': b'-- Found OpenSSL: /usr/lib/x86_64-linux-gnu/libcrypto.so (found version "3.0.2")  \n'}
[3.199802] (esdf) StdoutLine: {'line': b'-- Found OpenSSL: /usr/lib/x86_64-linux-gnu/libcrypto.so (found version "3.0.2")  \n'}
[3.202778] (-) TimerEvent: {}
[3.206844] (relocation) StdoutLine: {'line': b'-- Found OpenSSL: /usr/lib/x86_64-linux-gnu/libcrypto.so (found version "3.0.2")  \n'}
[3.210233] (livox_ros_driver2) StdoutLine: {'line': b'[ 27%] \x1b[32mBuilding CXX object CMakeFiles/livox_interfaces2__rosidl_typesupport_introspection_cpp.dir/rosidl_typesupport_introspection_cpp/livox_ros_driver2/msg/detail/custom_msg__type_support.cpp.o\x1b[0m\n'}
[3.210436] (livox_ros_driver2) StdoutLine: {'line': b'[ 29%] \x1b[32mBuilding CXX object CMakeFiles/livox_interfaces2__rosidl_typesupport_introspection_cpp.dir/rosidl_typesupport_introspection_cpp/livox_ros_driver2/msg/detail/custom_point__type_support.cpp.o\x1b[0m\n'}
[3.213044] (livox_ros_driver2) StdoutLine: {'line': b'[ 31%] \x1b[32mBuilding CXX object CMakeFiles/livox_interfaces2__rosidl_typesupport_fastrtps_cpp.dir/rosidl_typesupport_fastrtps_cpp/livox_ros_driver2/msg/detail/dds_fastrtps/custom_point__type_support.cpp.o\x1b[0m\n'}
[3.214674] (livox_ros_driver2) StdoutLine: {'line': b'[ 32%] \x1b[32mBuilding CXX object CMakeFiles/livox_interfaces2__rosidl_typesupport_fastrtps_cpp.dir/rosidl_typesupport_fastrtps_cpp/livox_ros_driver2/msg/detail/dds_fastrtps/custom_msg__type_support.cpp.o\x1b[0m\n'}
[3.217413] (algo_master) StdoutLine: {'line': b'-- Found FastRTPS: /opt/ros/humble/include  \n'}
[3.218951] (planner) StdoutLine: {'line': b'-- Found FastRTPS: /opt/ros/humble/include  \n'}
[3.220832] (esdf) StdoutLine: {'line': b'-- Found FastRTPS: /opt/ros/humble/include  \n'}
[3.228871] (relocation) StdoutLine: {'line': b'-- Found FastRTPS: /opt/ros/humble/include  \n'}
[3.246113] (algo_master) StdoutLine: {'line': b"-- Using RMW implementation 'rmw_fastrtps_cpp' as default\n"}
[3.250845] (esdf) StdoutLine: {'line': b"-- Using RMW implementation 'rmw_fastrtps_cpp' as default\n"}
[3.251345] (algo_master) StdoutLine: {'line': b'-- Looking for pthread.h\n'}
[3.255375] (planner) StdoutLine: {'line': b"-- Using RMW implementation 'rmw_fastrtps_cpp' as default\n"}
[3.256011] (esdf) StdoutLine: {'line': b'-- Looking for pthread.h\n'}
[3.258622] (relocation) StdoutLine: {'line': b"-- Using RMW implementation 'rmw_fastrtps_cpp' as default\n"}
[3.263101] (planner) StdoutLine: {'line': b'-- Looking for pthread.h\n'}
[3.263884] (relocation) StdoutLine: {'line': b'-- Looking for pthread.h\n'}
[3.281220] (livox_ros_driver2) StdoutLine: {'line': b'[ 34%] \x1b[32mBuilding CXX object CMakeFiles/livox_interfaces2__rosidl_typesupport_c.dir/rosidl_typesupport_c/livox_ros_driver2/msg/custom_point__type_support.cpp.o\x1b[0m\n'}
[3.282418] (livox_ros_driver2) StdoutLine: {'line': b'[ 36%] \x1b[32mBuilding CXX object CMakeFiles/livox_interfaces2__rosidl_typesupport_c.dir/rosidl_typesupport_c/livox_ros_driver2/msg/custom_msg__type_support.cpp.o\x1b[0m\n'}
[3.296757] (livox_ros_driver2) StdoutLine: {'line': b'[ 37%] \x1b[32mBuilding C object CMakeFiles/livox_interfaces2__rosidl_typesupport_introspection_c.dir/rosidl_typesupport_introspection_c/livox_ros_driver2/msg/detail/custom_msg__type_support.c.o\x1b[0m\n'}
[3.296998] (livox_ros_driver2) StdoutLine: {'line': b'[ 39%] \x1b[32mBuilding C object CMakeFiles/livox_interfaces2__rosidl_typesupport_introspection_c.dir/rosidl_typesupport_introspection_c/livox_ros_driver2/msg/detail/custom_point__type_support.c.o\x1b[0m\n'}
[3.300356] (livox_ros_driver2) StdoutLine: {'line': b'[ 41%] \x1b[32mBuilding CXX object CMakeFiles/livox_interfaces2__rosidl_typesupport_fastrtps_c.dir/rosidl_typesupport_fastrtps_c/livox_ros_driver2/msg/detail/custom_point__type_support_c.cpp.o\x1b[0m\n'}
[3.301631] (livox_ros_driver2) StdoutLine: {'line': b'[ 43%] \x1b[32mBuilding CXX object CMakeFiles/livox_interfaces2__rosidl_typesupport_fastrtps_c.dir/rosidl_typesupport_fastrtps_c/livox_ros_driver2/msg/detail/custom_msg__type_support_c.cpp.o\x1b[0m\n'}
[3.302867] (-) TimerEvent: {}
[3.305058] (algo_master) StdoutLine: {'line': b'-- Looking for pthread.h - found\n'}
[3.305592] (algo_master) StdoutLine: {'line': b'-- Performing Test CMAKE_HAVE_LIBC_PTHREAD\n'}
[3.308582] (livox_ros_driver2) StdoutLine: {'line': b'[ 44%] \x1b[32m\x1b[1mLinking CXX shared library liblivox_ros_driver2__rosidl_typesupport_c.so\x1b[0m\n'}
[3.309957] (esdf) StdoutLine: {'line': b'-- Looking for pthread.h - found\n'}
[3.310424] (esdf) StdoutLine: {'line': b'-- Performing Test CMAKE_HAVE_LIBC_PTHREAD\n'}
[3.317346] (planner) StdoutLine: {'line': b'-- Looking for pthread.h - found\n'}
[3.317913] (planner) StdoutLine: {'line': b'-- Performing Test CMAKE_HAVE_LIBC_PTHREAD\n'}
[3.318921] (relocation) StdoutLine: {'line': b'-- Looking for pthread.h - found\n'}
[3.319330] (relocation) StdoutLine: {'line': b'-- Performing Test CMAKE_HAVE_LIBC_PTHREAD\n'}
[3.331956] (livox_ros_driver2) StdoutLine: {'line': b'[ 46%] \x1b[32m\x1b[1mLinking C shared library liblivox_ros_driver2__rosidl_typesupport_introspection_c.so\x1b[0m\n'}
[3.341905] (livox_ros_driver2) StdoutLine: {'line': b'[ 46%] Built target livox_interfaces2__rosidl_typesupport_c\n'}
[3.356968] (livox_ros_driver2) StdoutLine: {'line': b'[ 46%] Built target livox_interfaces2__rosidl_typesupport_introspection_c\n'}
[3.362147] (algo_master) StdoutLine: {'line': b'-- Performing Test CMAKE_HAVE_LIBC_PTHREAD - Success\n'}
[3.362949] (algo_master) StdoutLine: {'line': b'-- Found Threads: TRUE  \n'}
[3.366392] (esdf) StdoutLine: {'line': b'-- Performing Test CMAKE_HAVE_LIBC_PTHREAD - Success\n'}
[3.367538] (esdf) StdoutLine: {'line': b'-- Found Threads: TRUE  \n'}
[3.372094] (relocation) StdoutLine: {'line': b'-- Performing Test CMAKE_HAVE_LIBC_PTHREAD - Success\n'}
[3.372791] (relocation) StdoutLine: {'line': b'-- Found Threads: TRUE  \n'}
[3.373551] (planner) StdoutLine: {'line': b'-- Performing Test CMAKE_HAVE_LIBC_PTHREAD - Success\n'}
[3.374552] (planner) StdoutLine: {'line': b'-- Found Threads: TRUE  \n'}
[3.375509] (livox_ros_driver2) StdoutLine: {'line': b'[ 48%] \x1b[32m\x1b[1mLinking CXX shared library liblivox_ros_driver2__rosidl_typesupport_cpp.so\x1b[0m\n'}
[3.391257] (algo_master) StdoutLine: {'line': b'-- Found custom_msgs: 0.0.0 (/home/zxcx/new_naw/install/custom_msgs/share/custom_msgs/cmake)\n'}
[3.397583] (esdf) StdoutLine: {'line': b'-- Found sensor_msgs: 4.9.1 (/opt/ros/humble/share/sensor_msgs/cmake)\n'}
[3.399321] (algo_master) StdoutLine: {'line': b'-- Found nlohmann_json: /usr/lib/cmake/nlohmann_json/nlohmann_jsonConfig.cmake (found version "3.10.5") \n'}
[3.402367] (relocation) StdoutLine: {'line': b'-- Found sensor_msgs: 4.9.1 (/opt/ros/humble/share/sensor_msgs/cmake)\n'}
[3.402944] (-) TimerEvent: {}
[3.405188] (livox_ros_driver2) StdoutLine: {'line': b'[ 48%] Built target livox_interfaces2__rosidl_typesupport_cpp\n'}
[3.414916] (esdf) StdoutLine: {'line': b'-- Found nav_msgs: 4.9.1 (/opt/ros/humble/share/nav_msgs/cmake)\n'}
[3.415102] (planner) StdoutLine: {'line': b'-- Found OpenCV: /usr (found version "4.5.4") \n'}
[3.415347] (planner) StdoutLine: {'line': b'-- Found custom_msgs: 0.0.0 (/home/zxcx/new_naw/install/custom_msgs/share/custom_msgs/cmake)\n'}
[3.422075] (livox_ros_driver2) StdoutLine: {'line': b'[ 51%] \x1b[32mBuilding CXX object CMakeFiles/livox_ros_driver2.dir/src/driver_node.cpp.o\x1b[0m\n'}
[3.422288] (livox_ros_driver2) StdoutLine: {'line': b'[ 51%] \x1b[32mBuilding CXX object CMakeFiles/livox_ros_driver2.dir/src/lds.cpp.o\x1b[0m\n'}
[3.422367] (livox_ros_driver2) StdoutLine: {'line': b'[ 55%] \x1b[32mBuilding CXX object CMakeFiles/livox_ros_driver2.dir/src/lddc.cpp.o\x1b[0m\n'}
[3.422425] (livox_ros_driver2) StdoutLine: {'line': b'[ 55%] \x1b[32mBuilding CXX object CMakeFiles/livox_ros_driver2.dir/src/livox_ros_driver2.cpp.o\x1b[0m\n'}
[3.422756] (relocation) StdoutLine: {'line': b'-- Found nav_msgs: 4.9.1 (/opt/ros/humble/share/nav_msgs/cmake)\n'}
[3.423473] (livox_ros_driver2) StdoutLine: {'line': b'[ 56%] \x1b[32mBuilding CXX object CMakeFiles/livox_ros_driver2.dir/src/comm/comm.cpp.o\x1b[0m\n'}
[3.424204] (livox_ros_driver2) StdoutLine: {'line': b'[ 58%] \x1b[32mBuilding CXX object CMakeFiles/livox_ros_driver2.dir/src/comm/semaphore.cpp.o\x1b[0m\n'}
[3.424591] (livox_ros_driver2) StdoutLine: {'line': b'[ 60%] \x1b[32mBuilding CXX object CMakeFiles/livox_ros_driver2.dir/src/lds_lidar.cpp.o\x1b[0m\n'}
[3.424734] (planner) StdoutLine: {'line': b'-- Found nav_msgs: 4.9.1 (/opt/ros/humble/share/nav_msgs/cmake)\n'}
[3.425074] (livox_ros_driver2) StdoutLine: {'line': b'[ 62%] \x1b[32mBuilding CXX object CMakeFiles/livox_ros_driver2.dir/src/comm/cache_index.cpp.o\x1b[0m\n'}
[3.426638] (livox_ros_driver2) StdoutLine: {'line': b'[ 67%] \x1b[32mBuilding CXX object CMakeFiles/livox_ros_driver2.dir/src/comm/pub_handler.cpp.o\x1b[0m\n'}
[3.426737] (livox_ros_driver2) StdoutLine: {'line': b'[ 67%] \x1b[32mBuilding CXX object CMakeFiles/livox_ros_driver2.dir/src/comm/lidar_imu_data_queue.cpp.o\x1b[0m\n'}
[3.426879] (livox_ros_driver2) StdoutLine: {'line': b'[ 67%] \x1b[32mBuilding CXX object CMakeFiles/livox_ros_driver2.dir/src/comm/ldq.cpp.o\x1b[0m\n'}
[3.426936] (livox_ros_driver2) StdoutLine: {'line': b'[ 70%] \x1b[32mBuilding CXX object CMakeFiles/livox_ros_driver2.dir/src/parse_cfg_file/parse_cfg_file.cpp.o\x1b[0m\n'}
[3.426989] (livox_ros_driver2) StdoutLine: {'line': b'[ 70%] \x1b[32mBuilding CXX object CMakeFiles/livox_ros_driver2.dir/src/parse_cfg_file/parse_livox_lidar_cfg.cpp.o\x1b[0m\n'}
[3.427030] (livox_ros_driver2) StdoutLine: {'line': b'[ 74%] \x1b[32mBuilding CXX object CMakeFiles/livox_ros_driver2.dir/src/call_back/lidar_common_callback.cpp.o\x1b[0m\n'}
[3.427084] (livox_ros_driver2) StdoutLine: {'line': b'[ 74%] \x1b[32mBuilding CXX object CMakeFiles/livox_ros_driver2.dir/src/call_back/livox_lidar_callback.cpp.o\x1b[0m\n'}
[3.427132] (esdf) StdoutLine: {'line': b'-- Found pcl_conversions: 2.4.5 (/opt/ros/humble/share/pcl_conversions/cmake)\n'}
[3.437751] (relocation) StdoutLine: {'line': b'-- Found pcl_conversions: 2.4.5 (/opt/ros/humble/share/pcl_conversions/cmake)\n'}
[3.450892] (planner) StdoutLine: {'line': b'-- Found visualization_msgs: 4.9.1 (/opt/ros/humble/share/visualization_msgs/cmake)\n'}
[3.452333] (esdf) StdoutLine: {'line': b"-- Checking for module 'eigen3'\n"}
[3.453229] (algo_master) StdoutLine: {'line': b'-- Configuring done\n'}
[3.461772] (algo_master) StdoutLine: {'line': b'-- Generating done\n'}
[3.464040] (algo_master) StdoutLine: {'line': b'-- Build files have been written to: /home/zxcx/new_naw/build/algo_master\n'}
[3.466500] (esdf) StdoutLine: {'line': b'--   Found eigen3, version 3.4.0\n'}
[3.471857] (relocation) StdoutLine: {'line': b"-- Checking for module 'eigen3'\n"}
[3.474119] (algo_master) CommandEnded: {'returncode': 0}
[3.474636] (algo_master) JobProgress: {'identifier': 'algo_master', 'progress': 'build'}
[3.475461] (algo_master) Command: {'cmd': ['/usr/bin/cmake', '--build', '/home/zxcx/new_naw/build/algo_master', '--', '-j32', '-l32'], 'cwd': '/home/zxcx/new_naw/build/algo_master', 'env': OrderedDict([('LESSOPEN', '| /usr/bin/lesspipe %s'), ('LANGUAGE', 'zh_CN:zh:en_US:en'), ('USER', 'zxcx'), ('LC_TIME', 'zh_CN.UTF-8'), ('XDG_SESSION_TYPE', 'x11'), ('SHLVL', '1'), ('LD_LIBRARY_PATH', '/home/zxcx/new_naw/install/custom_msgs/lib:/home/zxcx/new_naw/install/livox_ros_driver2/lib:/usr/lib/x86_64-linux-gnu/gazebo-11/plugins:/opt/ros/humble/opt/rviz_ogre_vendor/lib:/opt/ros/humble/lib/x86_64-linux-gnu:/opt/ros/humble/lib'), ('HOME', '/home/zxcx'), ('OLDPWD', '/home/zxcx'), ('DESKTOP_SESSION', 'ubuntu'), ('ROS_PYTHON_VERSION', '3'), ('GNOME_SHELL_SESSION_MODE', 'ubuntu'), ('GTK_MODULES', 'gail:atk-bridge'), ('LC_MONETARY', 'zh_CN.UTF-8'), ('SYSTEMD_EXEC_PID', '2718'), ('DBUS_SESSION_BUS_ADDRESS', 'unix:path=/run/user/1000/bus'), ('COLORTERM', 'truecolor'), ('IM_CONFIG_PHASE', '1'), ('COLCON_PREFIX_PATH', '/home/zxcx/new_naw/install'), ('ROS_DISTRO', 'humble'), ('GTK_IM_MODULE', 'fcitx'), ('LOGNAME', 'zxcx'), ('_', '/usr/bin/colcon'), ('ROS_VERSION', '2'), ('XDG_SESSION_CLASS', 'user'), ('USERNAME', 'zxcx'), ('TERM', 'xterm-256color'), ('GNOME_DESKTOP_SESSION_ID', 'this-is-deprecated'), ('ROS_LOCALHOST_ONLY', '0'), ('WINDOWPATH', '2'), ('PATH', '/opt/ros/humble/bin:/usr/local/sbin:/usr/local/bin:/usr/sbin:/usr/bin:/sbin:/bin:/usr/games:/usr/local/games:/snap/bin:/snap/bin'), ('SESSION_MANAGER', 'local/zxcx0219:@/tmp/.ICE-unix/2481,unix/zxcx0219:/tmp/.ICE-unix/2481'), ('XDG_MENU_PREFIX', 'gnome-'), ('LC_ADDRESS', 'zh_CN.UTF-8'), ('GNOME_TERMINAL_SCREEN', '/org/gnome/Terminal/screen/bf679257_c193_4163_8cbb_24a3c4f52a94'), ('XDG_RUNTIME_DIR', '/run/user/1000'), ('DISPLAY', ':1'), ('LANG', 'zh_CN.UTF-8'), ('XDG_CURRENT_DESKTOP', 'ubuntu:GNOME'), ('LC_TELEPHONE', 'zh_CN.UTF-8'), ('XMODIFIERS', '@im=fcitx'), ('XDG_SESSION_DESKTOP', 'ubuntu'), ('XAUTHORITY', '/run/user/1000/gdm/Xauthority'), ('LS_COLORS', 'rs=0:di=01;34:ln=01;36:mh=00:pi=40;33:so=01;35:do=01;35:bd=40;33;01:cd=40;33;01:or=40;31;01:mi=00:su=37;41:sg=30;43:ca=30;41:tw=30;42:ow=34;42:st=37;44:ex=01;32:*.tar=01;31:*.tgz=01;31:*.arc=01;31:*.arj=01;31:*.taz=01;31:*.lha=01;31:*.lz4=01;31:*.lzh=01;31:*.lzma=01;31:*.tlz=01;31:*.txz=01;31:*.tzo=01;31:*.t7z=01;31:*.zip=01;31:*.z=01;31:*.dz=01;31:*.gz=01;31:*.lrz=01;31:*.lz=01;31:*.lzo=01;31:*.xz=01;31:*.zst=01;31:*.tzst=01;31:*.bz2=01;31:*.bz=01;31:*.tbz=01;31:*.tbz2=01;31:*.tz=01;31:*.deb=01;31:*.rpm=01;31:*.jar=01;31:*.war=01;31:*.ear=01;31:*.sar=01;31:*.rar=01;31:*.alz=01;31:*.ace=01;31:*.zoo=01;31:*.cpio=01;31:*.7z=01;31:*.rz=01;31:*.cab=01;31:*.wim=01;31:*.swm=01;31:*.dwm=01;31:*.esd=01;31:*.jpg=01;35:*.jpeg=01;35:*.mjpg=01;35:*.mjpeg=01;35:*.gif=01;35:*.bmp=01;35:*.pbm=01;35:*.pgm=01;35:*.ppm=01;35:*.tga=01;35:*.xbm=01;35:*.xpm=01;35:*.tif=01;35:*.tiff=01;35:*.png=01;35:*.svg=01;35:*.svgz=01;35:*.mng=01;35:*.pcx=01;35:*.mov=01;35:*.mpg=01;35:*.mpeg=01;35:*.m2v=01;35:*.mkv=01;35:*.webm=01;35:*.webp=01;35:*.ogm=01;35:*.mp4=01;35:*.m4v=01;35:*.mp4v=01;35:*.vob=01;35:*.qt=01;35:*.nuv=01;35:*.wmv=01;35:*.asf=01;35:*.rm=01;35:*.rmvb=01;35:*.flc=01;35:*.avi=01;35:*.fli=01;35:*.flv=01;35:*.gl=01;35:*.dl=01;35:*.xcf=01;35:*.xwd=01;35:*.yuv=01;35:*.cgm=01;35:*.emf=01;35:*.ogv=01;35:*.ogx=01;35:*.aac=00;36:*.au=00;36:*.flac=00;36:*.m4a=00;36:*.mid=00;36:*.midi=00;36:*.mka=00;36:*.mp3=00;36:*.mpc=00;36:*.ogg=00;36:*.ra=00;36:*.wav=00;36:*.oga=00;36:*.opus=00;36:*.spx=00;36:*.xspf=00;36:'), ('GNOME_TERMINAL_SERVICE', ':1.113'), ('SSH_AGENT_LAUNCHER', 'gnome-keyring'), ('SSH_AUTH_SOCK', '/run/user/1000/keyring/ssh'), ('AMENT_PREFIX_PATH', '/home/zxcx/new_naw/install/livox_ros_driver2:/home/zxcx/new_naw/install/custom_msgs:/home/zxcx/new_naw/install/controller:/opt/ros/humble'), ('SHELL', '/bin/bash'), ('LC_NAME', 'zh_CN.UTF-8'), ('QT_ACCESSIBILITY', '1'), ('GDMSESSION', 'ubuntu'), ('LESSCLOSE', '/usr/bin/lesspipe %s %s'), ('LC_MEASUREMENT', 'zh_CN.UTF-8'), ('GPG_AGENT_INFO', '/run/user/1000/gnupg/S.gpg-agent:0:1'), ('LC_IDENTIFICATION', 'zh_CN.UTF-8'), ('QT_IM_MODULE', 'fcitx'), ('PWD', '/home/zxcx/new_naw/build/algo_master'), ('XDG_CONFIG_DIRS', '/etc/xdg/xdg-ubuntu:/etc/xdg'), ('CLUTTER_IM_MODULE', 'fcitx'), ('XDG_DATA_DIRS', '/usr/share/ubuntu:/usr/share/gnome:/usr/local/share/:/usr/share/:/var/lib/snapd/desktop'), ('PYTHONPATH', '/home/zxcx/new_naw/install/livox_ros_driver2/local/lib/python3.10/dist-packages:/home/zxcx/new_naw/install/custom_msgs/local/lib/python3.10/dist-packages:/opt/ros/humble/lib/python3.10/site-packages:/opt/ros/humble/local/lib/python3.10/dist-packages'), ('LC_NUMERIC', 'zh_CN.UTF-8'), ('LC_PAPER', 'zh_CN.UTF-8'), ('COLCON', '1'), ('VTE_VERSION', '6800'), ('CMAKE_PREFIX_PATH', '/home/zxcx/new_naw/install/custom_msgs:/home/zxcx/new_naw/install/livox_ros_driver2:/home/zxcx/new_naw/install/controller:/opt/ros/humble')]), 'shell': False}
[3.484052] (planner) StdoutLine: {'line': b'-- Found message_filters: 4.3.16 (/opt/ros/humble/share/message_filters/cmake)\n'}
[3.486267] (relocation) StdoutLine: {'line': b'--   Found eigen3, version 3.4.0\n'}
[3.489313] (planner) StdoutLine: {'line': b'-- Found ament_lint_auto: 0.12.15 (/opt/ros/humble/share/ament_lint_auto/cmake)\n'}
[3.491182] (livox_ros_driver2) StdoutLine: {'line': b'[ 75%] \x1b[32m\x1b[1mLinking CXX shared library liblivox_ros_driver2__rosidl_typesupport_introspection_cpp.so\x1b[0m\n'}
[3.498816] (livox_ros_driver2) StdoutLine: {'line': b'[ 77%] \x1b[32m\x1b[1mLinking CXX shared library liblivox_ros_driver2__rosidl_typesupport_fastrtps_cpp.so\x1b[0m\n'}
[3.501686] (esdf) StdoutLine: {'line': b'-- Found Eigen: /usr/include/eigen3 (Required is at least version "3.1") \n'}
[3.501800] (esdf) StdoutLine: {'line': b'-- Eigen found (include: /usr/include/eigen3, version: 3.4.0)\n'}
[3.503032] (-) TimerEvent: {}
[3.523353] (algo_master) StdoutLine: {'line': b'[ 33%] \x1b[32mBuilding CXX object CMakeFiles/algo_master.dir/src/algo_master_node.cpp.o\x1b[0m\n'}
[3.523996] (relocation) StdoutLine: {'line': b'-- Found Eigen: /usr/include/eigen3 (Required is at least version "3.1") \n'}
[3.524149] (relocation) StdoutLine: {'line': b'-- Eigen found (include: /usr/include/eigen3, version: 3.4.0)\n'}
[3.524743] (algo_master) StdoutLine: {'line': b'[ 66%] \x1b[32mBuilding CXX object CMakeFiles/algo_master.dir/src/serialport.cpp.o\x1b[0m\n'}
[3.530105] (livox_ros_driver2) StdoutLine: {'line': b'[ 79%] \x1b[32m\x1b[1mLinking CXX shared library liblivox_ros_driver2__rosidl_typesupport_fastrtps_c.so\x1b[0m\n'}
[3.535995] (esdf) StdoutLine: {'line': b"-- Checking for module 'flann'\n"}
[3.548528] (planner) StdoutLine: {'line': b"-- Added test 'copyright' to check source files copyright and LICENSE\n"}
[3.549938] (esdf) StdoutLine: {'line': b'--   Found flann, version 1.9.1\n'}
[3.550100] (planner) StdoutLine: {'line': b"-- Added test 'cppcheck' to perform static code analysis on C / C++ code\n"}
[3.550273] (planner) StdoutLine: {'line': b'-- Configured cppcheck include dirs: /home/zxcx/new_naw/planner/include\n'}
[3.550336] (planner) StdoutLine: {'line': b'-- Configured cppcheck exclude dirs and/or files: \n'}
[3.551697] (planner) StdoutLine: {'line': b"-- Added test 'cpplint' to check C / C++ code against the Google style\n"}
[3.551773] (planner) StdoutLine: {'line': b'-- Configured cpplint exclude dirs and/or files: \n'}
[3.552519] (planner) StdoutLine: {'line': b"-- Added test 'lint_cmake' to check CMake code style\n"}
[3.554013] (livox_ros_driver2) StdoutLine: {'line': b'[ 79%] Built target livox_interfaces2__rosidl_typesupport_fastrtps_cpp\n'}
[3.554139] (planner) StdoutLine: {'line': b"-- Added test 'uncrustify' to check C / C++ code style\n"}
[3.554194] (planner) StdoutLine: {'line': b'-- Configured uncrustify additional arguments: \n'}
[3.554550] (planner) StdoutLine: {'line': b"-- Added test 'xmllint' to check XML markup files\n"}
[3.555758] (planner) StdoutLine: {'line': b'-- Configuring done\n'}
[3.558200] (relocation) StdoutLine: {'line': b"-- Checking for module 'flann'\n"}
[3.563060] (livox_ros_driver2) StdoutLine: {'line': b'[ 79%] Built target livox_interfaces2__rosidl_typesupport_introspection_cpp\n'}
[3.570567] (relocation) StdoutLine: {'line': b'--   Found flann, version 1.9.1\n'}
[3.576608] (planner) StdoutLine: {'line': b'-- Generating done\n'}
[3.582983] (planner) StdoutLine: {'line': b'-- Build files have been written to: /home/zxcx/new_naw/build/planner\n'}
[3.584543] (livox_ros_driver2) StdoutLine: {'line': b'[ 79%] Built target livox_interfaces2__rosidl_typesupport_fastrtps_c\n'}
[3.585711] (esdf) StdoutLine: {'line': b'-- Found FLANN: /usr/lib/x86_64-linux-gnu/libflann_cpp.so  \n'}
[3.585838] (esdf) StdoutLine: {'line': b'-- FLANN found (include: /usr/include, lib: /usr/lib/x86_64-linux-gnu/libflann_cpp.so)\n'}
[3.595669] (planner) CommandEnded: {'returncode': 0}
[3.596225] (planner) JobProgress: {'identifier': 'planner', 'progress': 'build'}
[3.597298] (planner) Command: {'cmd': ['/usr/bin/cmake', '--build', '/home/zxcx/new_naw/build/planner', '--', '-j32', '-l32'], 'cwd': '/home/zxcx/new_naw/build/planner', 'env': OrderedDict([('LESSOPEN', '| /usr/bin/lesspipe %s'), ('LANGUAGE', 'zh_CN:zh:en_US:en'), ('USER', 'zxcx'), ('LC_TIME', 'zh_CN.UTF-8'), ('XDG_SESSION_TYPE', 'x11'), ('SHLVL', '1'), ('LD_LIBRARY_PATH', '/home/zxcx/new_naw/install/custom_msgs/lib:/home/zxcx/new_naw/install/livox_ros_driver2/lib:/usr/lib/x86_64-linux-gnu/gazebo-11/plugins:/opt/ros/humble/opt/rviz_ogre_vendor/lib:/opt/ros/humble/lib/x86_64-linux-gnu:/opt/ros/humble/lib'), ('HOME', '/home/zxcx'), ('OLDPWD', '/home/zxcx'), ('DESKTOP_SESSION', 'ubuntu'), ('ROS_PYTHON_VERSION', '3'), ('GNOME_SHELL_SESSION_MODE', 'ubuntu'), ('GTK_MODULES', 'gail:atk-bridge'), ('LC_MONETARY', 'zh_CN.UTF-8'), ('SYSTEMD_EXEC_PID', '2718'), ('DBUS_SESSION_BUS_ADDRESS', 'unix:path=/run/user/1000/bus'), ('COLORTERM', 'truecolor'), ('IM_CONFIG_PHASE', '1'), ('COLCON_PREFIX_PATH', '/home/zxcx/new_naw/install'), ('ROS_DISTRO', 'humble'), ('GTK_IM_MODULE', 'fcitx'), ('LOGNAME', 'zxcx'), ('_', '/usr/bin/colcon'), ('ROS_VERSION', '2'), ('XDG_SESSION_CLASS', 'user'), ('USERNAME', 'zxcx'), ('TERM', 'xterm-256color'), ('GNOME_DESKTOP_SESSION_ID', 'this-is-deprecated'), ('ROS_LOCALHOST_ONLY', '0'), ('WINDOWPATH', '2'), ('PATH', '/opt/ros/humble/bin:/usr/local/sbin:/usr/local/bin:/usr/sbin:/usr/bin:/sbin:/bin:/usr/games:/usr/local/games:/snap/bin:/snap/bin'), ('SESSION_MANAGER', 'local/zxcx0219:@/tmp/.ICE-unix/2481,unix/zxcx0219:/tmp/.ICE-unix/2481'), ('XDG_MENU_PREFIX', 'gnome-'), ('LC_ADDRESS', 'zh_CN.UTF-8'), ('GNOME_TERMINAL_SCREEN', '/org/gnome/Terminal/screen/bf679257_c193_4163_8cbb_24a3c4f52a94'), ('XDG_RUNTIME_DIR', '/run/user/1000'), ('DISPLAY', ':1'), ('LANG', 'zh_CN.UTF-8'), ('XDG_CURRENT_DESKTOP', 'ubuntu:GNOME'), ('LC_TELEPHONE', 'zh_CN.UTF-8'), ('XMODIFIERS', '@im=fcitx'), ('XDG_SESSION_DESKTOP', 'ubuntu'), ('XAUTHORITY', '/run/user/1000/gdm/Xauthority'), ('LS_COLORS', 'rs=0:di=01;34:ln=01;36:mh=00:pi=40;33:so=01;35:do=01;35:bd=40;33;01:cd=40;33;01:or=40;31;01:mi=00:su=37;41:sg=30;43:ca=30;41:tw=30;42:ow=34;42:st=37;44:ex=01;32:*.tar=01;31:*.tgz=01;31:*.arc=01;31:*.arj=01;31:*.taz=01;31:*.lha=01;31:*.lz4=01;31:*.lzh=01;31:*.lzma=01;31:*.tlz=01;31:*.txz=01;31:*.tzo=01;31:*.t7z=01;31:*.zip=01;31:*.z=01;31:*.dz=01;31:*.gz=01;31:*.lrz=01;31:*.lz=01;31:*.lzo=01;31:*.xz=01;31:*.zst=01;31:*.tzst=01;31:*.bz2=01;31:*.bz=01;31:*.tbz=01;31:*.tbz2=01;31:*.tz=01;31:*.deb=01;31:*.rpm=01;31:*.jar=01;31:*.war=01;31:*.ear=01;31:*.sar=01;31:*.rar=01;31:*.alz=01;31:*.ace=01;31:*.zoo=01;31:*.cpio=01;31:*.7z=01;31:*.rz=01;31:*.cab=01;31:*.wim=01;31:*.swm=01;31:*.dwm=01;31:*.esd=01;31:*.jpg=01;35:*.jpeg=01;35:*.mjpg=01;35:*.mjpeg=01;35:*.gif=01;35:*.bmp=01;35:*.pbm=01;35:*.pgm=01;35:*.ppm=01;35:*.tga=01;35:*.xbm=01;35:*.xpm=01;35:*.tif=01;35:*.tiff=01;35:*.png=01;35:*.svg=01;35:*.svgz=01;35:*.mng=01;35:*.pcx=01;35:*.mov=01;35:*.mpg=01;35:*.mpeg=01;35:*.m2v=01;35:*.mkv=01;35:*.webm=01;35:*.webp=01;35:*.ogm=01;35:*.mp4=01;35:*.m4v=01;35:*.mp4v=01;35:*.vob=01;35:*.qt=01;35:*.nuv=01;35:*.wmv=01;35:*.asf=01;35:*.rm=01;35:*.rmvb=01;35:*.flc=01;35:*.avi=01;35:*.fli=01;35:*.flv=01;35:*.gl=01;35:*.dl=01;35:*.xcf=01;35:*.xwd=01;35:*.yuv=01;35:*.cgm=01;35:*.emf=01;35:*.ogv=01;35:*.ogx=01;35:*.aac=00;36:*.au=00;36:*.flac=00;36:*.m4a=00;36:*.mid=00;36:*.midi=00;36:*.mka=00;36:*.mp3=00;36:*.mpc=00;36:*.ogg=00;36:*.ra=00;36:*.wav=00;36:*.oga=00;36:*.opus=00;36:*.spx=00;36:*.xspf=00;36:'), ('GNOME_TERMINAL_SERVICE', ':1.113'), ('SSH_AGENT_LAUNCHER', 'gnome-keyring'), ('SSH_AUTH_SOCK', '/run/user/1000/keyring/ssh'), ('AMENT_PREFIX_PATH', '/home/zxcx/new_naw/install/livox_ros_driver2:/home/zxcx/new_naw/install/custom_msgs:/home/zxcx/new_naw/install/controller:/opt/ros/humble'), ('SHELL', '/bin/bash'), ('LC_NAME', 'zh_CN.UTF-8'), ('QT_ACCESSIBILITY', '1'), ('GDMSESSION', 'ubuntu'), ('LESSCLOSE', '/usr/bin/lesspipe %s %s'), ('LC_MEASUREMENT', 'zh_CN.UTF-8'), ('GPG_AGENT_INFO', '/run/user/1000/gnupg/S.gpg-agent:0:1'), ('LC_IDENTIFICATION', 'zh_CN.UTF-8'), ('QT_IM_MODULE', 'fcitx'), ('PWD', '/home/zxcx/new_naw/build/planner'), ('XDG_CONFIG_DIRS', '/etc/xdg/xdg-ubuntu:/etc/xdg'), ('CLUTTER_IM_MODULE', 'fcitx'), ('XDG_DATA_DIRS', '/usr/share/ubuntu:/usr/share/gnome:/usr/local/share/:/usr/share/:/var/lib/snapd/desktop'), ('PYTHONPATH', '/home/zxcx/new_naw/install/livox_ros_driver2/local/lib/python3.10/dist-packages:/home/zxcx/new_naw/install/custom_msgs/local/lib/python3.10/dist-packages:/opt/ros/humble/lib/python3.10/site-packages:/opt/ros/humble/local/lib/python3.10/dist-packages'), ('LC_NUMERIC', 'zh_CN.UTF-8'), ('LC_PAPER', 'zh_CN.UTF-8'), ('COLCON', '1'), ('VTE_VERSION', '6800'), ('CMAKE_PREFIX_PATH', '/home/zxcx/new_naw/install/custom_msgs:/home/zxcx/new_naw/install/livox_ros_driver2:/home/zxcx/new_naw/install/controller:/opt/ros/humble')]), 'shell': False}
[3.602191] (livox_ros_driver2) StdoutLine: {'line': b'[ 79%] Built target livox_interfaces2\n'}
[3.603120] (-) TimerEvent: {}
[3.612127] (relocation) StdoutLine: {'line': b'-- Found FLANN: /usr/lib/x86_64-linux-gnu/libflann_cpp.so  \n'}
[3.612327] (relocation) StdoutLine: {'line': b'-- FLANN found (include: /usr/include, lib: /usr/lib/x86_64-linux-gnu/libflann_cpp.so)\n'}
[3.617948] (livox_ros_driver2) StdoutLine: {'line': b'[ 81%] \x1b[34m\x1b[1mGenerating Python code for ROS interfaces\x1b[0m\n'}
[3.649726] (planner) StdoutLine: {'line': b'[ 12%] \x1b[32mBuilding CXX object CMakeFiles/planner_test.dir/src/jps.cpp.o\x1b[0m\n'}
[3.649962] (planner) StdoutLine: {'line': b'[ 12%] \x1b[32mBuilding CXX object CMakeFiles/planner_test.dir/src/lbfgs.cpp.o\x1b[0m\n'}
[3.650748] (planner) StdoutLine: {'line': b'[ 18%] \x1b[32mBuilding CXX object CMakeFiles/planner_test.dir/src/minco.cpp.o\x1b[0m\n'}
[3.651756] (planner) StdoutLine: {'line': b'[ 25%] \x1b[32mBuilding CXX object CMakeFiles/planner_node.dir/src/jps.cpp.o\x1b[0m\n'}
[3.651875] (planner) StdoutLine: {'line': b'[ 31%] \x1b[32mBuilding CXX object CMakeFiles/planner_test.dir/src/a_star.cpp.o\x1b[0m\n'}
[3.651945] (planner) StdoutLine: {'line': b'[ 37%] \x1b[32mBuilding CXX object CMakeFiles/planner_test.dir/src/replanner.cpp.o\x1b[0m\n'}
[3.654191] (planner) StdoutLine: {'line': b'[ 43%] \x1b[32mBuilding CXX object CMakeFiles/planner_test.dir/src/test.cpp.o\x1b[0m\n'}
[3.654315] (planner) StdoutLine: {'line': b'[ 50%] \x1b[32mBuilding CXX object CMakeFiles/planner_node.dir/src/minco.cpp.o\x1b[0m\n'}
[3.657189] (planner) StdoutLine: {'line': b'[ 56%] \x1b[32mBuilding CXX object CMakeFiles/planner_test.dir/src/tra_project.cpp.o\x1b[0m\n'}
[3.657317] (planner) StdoutLine: {'line': b'[ 62%] \x1b[32mBuilding CXX object CMakeFiles/planner_node.dir/src/planner_node.cpp.o\x1b[0m\n'}
[3.659209] (planner) StdoutLine: {'line': b'[ 68%] \x1b[32mBuilding CXX object CMakeFiles/planner_node.dir/src/a_star.cpp.o\x1b[0m\n'}
[3.660020] (planner) StdoutLine: {'line': b'[ 75%] \x1b[32mBuilding CXX object CMakeFiles/planner_node.dir/src/replanner.cpp.o\x1b[0m\n'}
[3.662715] (planner) StdoutLine: {'line': b'[ 81%] \x1b[32mBuilding CXX object CMakeFiles/planner_node.dir/src/tra_project.cpp.o\x1b[0m\n'}
[3.663881] (planner) StdoutLine: {'line': b'[ 87%] \x1b[32mBuilding CXX object CMakeFiles/planner_node.dir/src/lbfgs.cpp.o\x1b[0m\n'}
[3.703245] (-) TimerEvent: {}
[3.803609] (-) TimerEvent: {}
[3.903981] (-) TimerEvent: {}
[4.004739] (-) TimerEvent: {}
[4.105750] (-) TimerEvent: {}
[4.206147] (-) TimerEvent: {}
[4.268904] (livox_ros_driver2) StdoutLine: {'line': b'[ 81%] Built target livox_interfaces2__py\n'}
[4.295795] (livox_ros_driver2) StdoutLine: {'line': b'[ 84%] \x1b[32mBuilding C object CMakeFiles/livox_interfaces2__rosidl_generator_py.dir/rosidl_generator_py/livox_ros_driver2/msg/_custom_msg_s.c.o\x1b[0m\n'}
[4.296002] (livox_ros_driver2) StdoutLine: {'line': b'[ 84%] \x1b[32mBuilding C object CMakeFiles/livox_interfaces2__rosidl_generator_py.dir/rosidl_generator_py/livox_ros_driver2/msg/_custom_point_s.c.o\x1b[0m\n'}
[4.306279] (-) TimerEvent: {}
[4.406648] (-) TimerEvent: {}
[4.436574] (livox_ros_driver2) StdoutLine: {'line': b'[ 86%] \x1b[32m\x1b[1mLinking C shared library rosidl_generator_py/livox_ros_driver2/liblivox_interfaces2__rosidl_generator_py.so\x1b[0m\n'}
[4.479323] (livox_ros_driver2) StdoutLine: {'line': b'[ 86%] Built target livox_interfaces2__rosidl_generator_py\n'}
[4.504074] (livox_ros_driver2) StdoutLine: {'line': b'[ 87%] \x1b[32mBuilding C object CMakeFiles/livox_ros_driver2__rosidl_typesupport_introspection_c__pyext.dir/rosidl_generator_py/livox_ros_driver2/_livox_ros_driver2_s.ep.rosidl_typesupport_introspection_c.c.o\x1b[0m\n'}
[4.504318] (livox_ros_driver2) StdoutLine: {'line': b'[ 89%] \x1b[32mBuilding C object CMakeFiles/livox_ros_driver2__rosidl_typesupport_fastrtps_c__pyext.dir/rosidl_generator_py/livox_ros_driver2/_livox_ros_driver2_s.ep.rosidl_typesupport_fastrtps_c.c.o\x1b[0m\n'}
[4.504401] (livox_ros_driver2) StdoutLine: {'line': b'[ 91%] \x1b[32mBuilding C object CMakeFiles/livox_ros_driver2__rosidl_typesupport_c__pyext.dir/rosidl_generator_py/livox_ros_driver2/_livox_ros_driver2_s.ep.rosidl_typesupport_c.c.o\x1b[0m\n'}
[4.506723] (-) TimerEvent: {}
[4.607055] (-) TimerEvent: {}
[4.631142] (livox_ros_driver2) StdoutLine: {'line': b'[ 94%] \x1b[32m\x1b[1mLinking C shared library rosidl_generator_py/livox_ros_driver2/livox_ros_driver2_s__rosidl_typesupport_fastrtps_c.cpython-310-x86_64-linux-gnu.so\x1b[0m\n'}
[4.631383] (livox_ros_driver2) StdoutLine: {'line': b'[ 94%] \x1b[32m\x1b[1mLinking C shared library rosidl_generator_py/livox_ros_driver2/livox_ros_driver2_s__rosidl_typesupport_introspection_c.cpython-310-x86_64-linux-gnu.so\x1b[0m\n'}
[4.633678] (livox_ros_driver2) StdoutLine: {'line': b'[ 96%] \x1b[32m\x1b[1mLinking C shared library rosidl_generator_py/livox_ros_driver2/livox_ros_driver2_s__rosidl_typesupport_c.cpython-310-x86_64-linux-gnu.so\x1b[0m\n'}
[4.667646] (livox_ros_driver2) StdoutLine: {'line': b'[ 96%] Built target livox_ros_driver2__rosidl_typesupport_c__pyext\n'}
[4.675389] (livox_ros_driver2) StdoutLine: {'line': b'[ 96%] Built target livox_ros_driver2__rosidl_typesupport_introspection_c__pyext\n'}
[4.676437] (livox_ros_driver2) StdoutLine: {'line': b'[ 96%] Built target livox_ros_driver2__rosidl_typesupport_fastrtps_c__pyext\n'}
[4.707190] (-) TimerEvent: {}
[4.729222] (esdf) StdoutLine: {'line': b"-- Checking for module 'libusb-1.0'\n"}
[4.741433] (esdf) StdoutLine: {'line': b'--   Found libusb-1.0, version 1.0.25\n'}
[4.744872] (relocation) StdoutLine: {'line': b"-- Checking for module 'libusb-1.0'\n"}
[4.750742] (planner) StderrLine: {'line': b'In file included from \x1b[01m\x1b[K/home/zxcx/new_naw/planner/src/jps.cpp:1\x1b[m\x1b[K:\n'}
[4.750966] (planner) StderrLine: {'line': b'\x1b[01m\x1b[K/home/zxcx/new_naw/planner/include/planner_2d/jps.hpp:\x1b[m\x1b[K In constructor \xe2\x80\x98\x1b[01m\x1b[Kplanner_2d::jps::jps()\x1b[m\x1b[K\xe2\x80\x99:\n'}
[4.751049] (planner) StderrLine: {'line': b'\x1b[01m\x1b[K/home/zxcx/new_naw/planner/include/planner_2d/jps.hpp:79:54:\x1b[m\x1b[K \x1b[01;35m\x1b[Kwarning: \x1b[m\x1b[K\xe2\x80\x98\x1b[01m\x1b[Kplanner_2d::jps::m_IsInitPoint\x1b[m\x1b[K\xe2\x80\x99 will be initialized after [\x1b[01;35m\x1b[K\x1b]8;;https://gcc.gnu.org/onlinedocs/gcc/Warning-Options.html#index-Wreorder\x07-Wreorder\x1b]8;;\x07\x1b[m\x1b[K]\n'}
[4.751105] (planner) StderrLine: {'line': b'   79 |         bool m_IsInitMap; bool m_IsInitESDFMap; bool \x1b[01;35m\x1b[Km_IsInitPoint\x1b[m\x1b[K;\n'}
[4.751156] (planner) StderrLine: {'line': b'      |                                                      \x1b[01;35m\x1b[K^~~~~~~~~~~~~\x1b[m\x1b[K\n'}
[4.751206] (planner) StderrLine: {'line': b'\x1b[01m\x1b[K/home/zxcx/new_naw/planner/include/planner_2d/jps.hpp:64:18:\x1b[m\x1b[K \x1b[01;35m\x1b[Kwarning: \x1b[m\x1b[K  \xe2\x80\x98\x1b[01m\x1b[Kuint16_t planner_2d::jps::m_SearchEpoch\x1b[m\x1b[K\xe2\x80\x99 [\x1b[01;35m\x1b[K\x1b]8;;https://gcc.gnu.org/onlinedocs/gcc/Warning-Options.html#index-Wreorder\x07-Wreorder\x1b]8;;\x07\x1b[m\x1b[K]\n'}
[4.751256] (planner) StderrLine: {'line': b'   64 |         uint16_t \x1b[01;35m\x1b[Km_SearchEpoch\x1b[m\x1b[K;\n'}
[4.751303] (planner) StderrLine: {'line': b'      |                  \x1b[01;35m\x1b[K^~~~~~~~~~~~~\x1b[m\x1b[K\n'}
[4.751348] (planner) StderrLine: {'line': b'\x1b[01m\x1b[K/home/zxcx/new_naw/planner/src/jps.cpp:8:5:\x1b[m\x1b[K \x1b[01;35m\x1b[Kwarning: \x1b[m\x1b[K  when initialized here [\x1b[01;35m\x1b[K\x1b]8;;https://gcc.gnu.org/onlinedocs/gcc/Warning-Options.html#index-Wreorder\x07-Wreorder\x1b]8;;\x07\x1b[m\x1b[K]\n'}
[4.751403] (planner) StderrLine: {'line': b'    8 |     \x1b[01;35m\x1b[Kjps\x1b[m\x1b[K::jps() : m_MapLenX(0), m_MapWeightY(0), m_IsInitMap(false), m_IsInitESDFMap(false), m_IsInitPoint(false), m_SearchEpoch(0) {}\n'}
[4.751452] (planner) StderrLine: {'line': b'      |     \x1b[01;35m\x1b[K^~~\x1b[m\x1b[K\n'}
[4.753285] (planner) StderrLine: {'line': b'In file included from \x1b[01m\x1b[K/home/zxcx/new_naw/planner/src/jps.cpp:1\x1b[m\x1b[K:\n'}
[4.753417] (planner) StderrLine: {'line': b'\x1b[01m\x1b[K/home/zxcx/new_naw/planner/include/planner_2d/jps.hpp:\x1b[m\x1b[K In constructor \xe2\x80\x98\x1b[01m\x1b[Kplanner_2d::jps::jps()\x1b[m\x1b[K\xe2\x80\x99:\n'}
[4.753478] (planner) StderrLine: {'line': b'\x1b[01m\x1b[K/home/zxcx/new_naw/planner/include/planner_2d/jps.hpp:79:54:\x1b[m\x1b[K \x1b[01;35m\x1b[Kwarning: \x1b[m\x1b[K\xe2\x80\x98\x1b[01m\x1b[Kplanner_2d::jps::m_IsInitPoint\x1b[m\x1b[K\xe2\x80\x99 will be initialized after [\x1b[01;35m\x1b[K\x1b]8;;https://gcc.gnu.org/onlinedocs/gcc/Warning-Options.html#index-Wreorder\x07-Wreorder\x1b]8;;\x07\x1b[m\x1b[K]\n'}
[4.753534] (planner) StderrLine: {'line': b'   79 |         bool m_IsInitMap; bool m_IsInitESDFMap; bool \x1b[01;35m\x1b[Km_IsInitPoint\x1b[m\x1b[K;\n'}
[4.753588] (planner) StderrLine: {'line': b'      |                                                      \x1b[01;35m\x1b[K^~~~~~~~~~~~~\x1b[m\x1b[K\n'}
[4.753639] (planner) StderrLine: {'line': b'\x1b[01m\x1b[K/home/zxcx/new_naw/planner/include/planner_2d/jps.hpp:64:18:\x1b[m\x1b[K \x1b[01;35m\x1b[Kwarning: \x1b[m\x1b[K  \xe2\x80\x98\x1b[01m\x1b[Kuint16_t planner_2d::jps::m_SearchEpoch\x1b[m\x1b[K\xe2\x80\x99 [\x1b[01;35m\x1b[K\x1b]8;;https://gcc.gnu.org/onlinedocs/gcc/Warning-Options.html#index-Wreorder\x07-Wreorder\x1b]8;;\x07\x1b[m\x1b[K]\n'}
[4.753702] (planner) StderrLine: {'line': b'   64 |         uint16_t \x1b[01;35m\x1b[Km_SearchEpoch\x1b[m\x1b[K;\n'}
[4.753753] (planner) StderrLine: {'line': b'      |                  \x1b[01;35m\x1b[K^~~~~~~~~~~~~\x1b[m\x1b[K\n'}
[4.753806] (planner) StderrLine: {'line': b'\x1b[01m\x1b[K/home/zxcx/new_naw/planner/src/jps.cpp:8:5:\x1b[m\x1b[K \x1b[01;35m\x1b[Kwarning: \x1b[m\x1b[K  when initialized here [\x1b[01;35m\x1b[K\x1b]8;;https://gcc.gnu.org/onlinedocs/gcc/Warning-Options.html#index-Wreorder\x07-Wreorder\x1b]8;;\x07\x1b[m\x1b[K]\n'}
[4.753858] (planner) StderrLine: {'line': b'    8 |     \x1b[01;35m\x1b[Kjps\x1b[m\x1b[K::jps() : m_MapLenX(0), m_MapWeightY(0), m_IsInitMap(false), m_IsInitESDFMap(false), m_IsInitPoint(false), m_SearchEpoch(0) {}\n'}
[4.753911] (planner) StderrLine: {'line': b'      |     \x1b[01;35m\x1b[K^~~\x1b[m\x1b[K\n'}
[4.759568] (relocation) StdoutLine: {'line': b'--   Found libusb-1.0, version 1.0.25\n'}
[4.784169] (esdf) StdoutLine: {'line': b'-- Found libusb: /usr/lib/x86_64-linux-gnu/libusb-1.0.so  \n'}
[4.785288] (esdf) StdoutLine: {'line': b'-- OpenNI found (version: 1.5.4.0, include: /usr/include/ni, lib: /usr/lib/libOpenNI.so;libusb::libusb)\n'}
[4.799731] (relocation) StdoutLine: {'line': b'-- Found libusb: /usr/lib/x86_64-linux-gnu/libusb-1.0.so  \n'}
[4.800777] (relocation) StdoutLine: {'line': b'-- OpenNI found (version: 1.5.4.0, include: /usr/include/ni, lib: /usr/lib/libOpenNI.so;libusb::libusb)\n'}
[4.801499] (planner) StderrLine: {'line': b'\x1b[01m\x1b[K/home/zxcx/new_naw/planner/src/tra_project.cpp:\x1b[m\x1b[K In member function \xe2\x80\x98\x1b[01m\x1b[Kint planner_2d::project::BuildTreeRecursive(std::vector<planner_2d::SegmentInfo>&, int, int)\x1b[m\x1b[K\xe2\x80\x99:\n'}
[4.801649] (planner) StderrLine: {'line': b'\x1b[01m\x1b[K/home/zxcx/new_naw/planner/src/tra_project.cpp:33:19:\x1b[m\x1b[K \x1b[01;35m\x1b[Kwarning: \x1b[m\x1b[Kunused variable \xe2\x80\x98\x1b[01m\x1b[Knode\x1b[m\x1b[K\xe2\x80\x99 [\x1b[01;35m\x1b[K\x1b]8;;https://gcc.gnu.org/onlinedocs/gcc/Warning-Options.html#index-Wunused-variable\x07-Wunused-variable\x1b]8;;\x07\x1b[m\x1b[K]\n'}
[4.801758] (planner) StderrLine: {'line': b'   33 |         AABBNode& \x1b[01;35m\x1b[Knode\x1b[m\x1b[K = m_TreeNodes.back();\n'}
[4.801826] (planner) StderrLine: {'line': b'      |                   \x1b[01;35m\x1b[K^~~~\x1b[m\x1b[K\n'}
[4.807290] (-) TimerEvent: {}
[4.820109] (planner) StderrLine: {'line': b'\x1b[01m\x1b[K/home/zxcx/new_naw/planner/src/tra_project.cpp:\x1b[m\x1b[K In member function \xe2\x80\x98\x1b[01m\x1b[Kvoid planner_2d::project::GetCubicExtrema(double, double, double, double, double, std::vector<double>&) const\x1b[m\x1b[K\xe2\x80\x99:\n'}
[4.820346] (planner) StderrLine: {'line': b'\x1b[01m\x1b[K/home/zxcx/new_naw/planner/src/tra_project.cpp:171:42:\x1b[m\x1b[K \x1b[01;35m\x1b[Kwarning: \x1b[m\x1b[Kunused parameter \xe2\x80\x98\x1b[01m\x1b[Ka0\x1b[m\x1b[K\xe2\x80\x99 [\x1b[01;35m\x1b[K\x1b]8;;https://gcc.gnu.org/onlinedocs/gcc/Warning-Options.html#index-Wunused-parameter\x07-Wunused-parameter\x1b]8;;\x07\x1b[m\x1b[K]\n'}
[4.820443] (planner) StderrLine: {'line': b'  171 |     void project::GetCubicExtrema(\x1b[01;35m\x1b[Kdouble a0\x1b[m\x1b[K, double a1, double a2, double a3, double T, std::vector<double>& extremas) const {\n'}
[4.820527] (planner) StderrLine: {'line': b'      |                                   \x1b[01;35m\x1b[K~~~~~~~^~\x1b[m\x1b[K\n'}
[4.852968] (esdf) StdoutLine: {'line': b'-- OpenNI2 found (version: 2.2.0.33, include: /usr/include/openni2, lib: /usr/lib/x86_64-linux-gnu/libOpenNI2.so;libusb::libusb)\n'}
[4.853307] (planner) StderrLine: {'line': b'\x1b[01m\x1b[K/home/zxcx/new_naw/planner/src/tra_project.cpp:\x1b[m\x1b[K In member function \xe2\x80\x98\x1b[01m\x1b[Kint planner_2d::project::BuildTreeRecursive(std::vector<planner_2d::SegmentInfo>&, int, int)\x1b[m\x1b[K\xe2\x80\x99:\n'}
[4.853434] (planner) StderrLine: {'line': b'\x1b[01m\x1b[K/home/zxcx/new_naw/planner/src/tra_project.cpp:33:19:\x1b[m\x1b[K \x1b[01;35m\x1b[Kwarning: \x1b[m\x1b[Kunused variable \xe2\x80\x98\x1b[01m\x1b[Knode\x1b[m\x1b[K\xe2\x80\x99 [\x1b[01;35m\x1b[K\x1b]8;;https://gcc.gnu.org/onlinedocs/gcc/Warning-Options.html#index-Wunused-variable\x07-Wunused-variable\x1b]8;;\x07\x1b[m\x1b[K]\n'}
[4.853507] (planner) StderrLine: {'line': b'   33 |         AABBNode& \x1b[01;35m\x1b[Knode\x1b[m\x1b[K = m_TreeNodes.back();\n'}
[4.853570] (planner) StderrLine: {'line': b'      |                   \x1b[01;35m\x1b[K^~~~\x1b[m\x1b[K\n'}
[4.871284] (planner) StderrLine: {'line': b'\x1b[01m\x1b[K/home/zxcx/new_naw/planner/src/tra_project.cpp:\x1b[m\x1b[K In member function \xe2\x80\x98\x1b[01m\x1b[Kvoid planner_2d::project::GetCubicExtrema(double, double, double, double, double, std::vector<double>&) const\x1b[m\x1b[K\xe2\x80\x99:\n'}
[4.871533] (planner) StderrLine: {'line': b'\x1b[01m\x1b[K/home/zxcx/new_naw/planner/src/tra_project.cpp:171:42:\x1b[m\x1b[K \x1b[01;35m\x1b[Kwarning: \x1b[m\x1b[Kunused parameter \xe2\x80\x98\x1b[01m\x1b[Ka0\x1b[m\x1b[K\xe2\x80\x99 [\x1b[01;35m\x1b[K\x1b]8;;https://gcc.gnu.org/onlinedocs/gcc/Warning-Options.html#index-Wunused-parameter\x07-Wunused-parameter\x1b]8;;\x07\x1b[m\x1b[K]\n'}
[4.871634] (planner) StderrLine: {'line': b'  171 |     void project::GetCubicExtrema(\x1b[01;35m\x1b[Kdouble a0\x1b[m\x1b[K, double a1, double a2, double a3, double T, std::vector<double>& extremas) const {\n'}
[4.871724] (planner) StderrLine: {'line': b'      |                                   \x1b[01;35m\x1b[K~~~~~~~^~\x1b[m\x1b[K\n'}
[4.871919] (relocation) StdoutLine: {'line': b'-- OpenNI2 found (version: 2.2.0.33, include: /usr/include/openni2, lib: /usr/lib/x86_64-linux-gnu/libOpenNI2.so;libusb::libusb)\n'}
[4.883514] (planner) StderrLine: {'line': b'\x1b[01m\x1b[K/home/zxcx/new_naw/planner/src/replanner.cpp:\x1b[m\x1b[K In member function \xe2\x80\x98\x1b[01m\x1b[Kbool planner_2d::replanner::Update(const Vector2d&, const Vector2d&, const std::vector<int>&, const std::vector<double>&, int, int, double, double)\x1b[m\x1b[K\xe2\x80\x99:\n'}
[4.883741] (planner) StderrLine: {'line': b'\x1b[01m\x1b[K/home/zxcx/new_naw/planner/src/replanner.cpp:119:33:\x1b[m\x1b[K \x1b[01;35m\x1b[Kwarning: \x1b[m\x1b[Kcomparison of integer expressions of different signedness: \xe2\x80\x98\x1b[01m\x1b[Kint\x1b[m\x1b[K\xe2\x80\x99 and \xe2\x80\x98\x1b[01m\x1b[Ksize_t\x1b[m\x1b[K\xe2\x80\x99 {aka \xe2\x80\x98\x1b[01m\x1b[Klong unsigned int\x1b[m\x1b[K\xe2\x80\x99} [\x1b[01;35m\x1b[K\x1b]8;;https://gcc.gnu.org/onlinedocs/gcc/Warning-Options.html#index-Wsign-compare\x07-Wsign-compare\x1b]8;;\x07\x1b[m\x1b[K]\n'}
[4.883830] (planner) StderrLine: {'line': b'  119 |         for (int k = idx + 1; \x1b[01;35m\x1b[Kk < temp_tra.GetNumPoints() - 1\x1b[m\x1b[K; ++k) {\n'}
[4.883888] (planner) StderrLine: {'line': b'      |                               \x1b[01;35m\x1b[K~~^~~~~~~~~~~~~~~~~~~~~~~~~~~~~\x1b[m\x1b[K\n'}
[4.884771] (planner) StderrLine: {'line': b'\x1b[01m\x1b[K/home/zxcx/new_naw/planner/src/replanner.cpp:192:61:\x1b[m\x1b[K \x1b[01;35m\x1b[Kwarning: \x1b[m\x1b[Kcomparison of integer expressions of different signedness: \xe2\x80\x98\x1b[01m\x1b[Kint\x1b[m\x1b[K\xe2\x80\x99 and \xe2\x80\x98\x1b[01m\x1b[Ksize_t\x1b[m\x1b[K\xe2\x80\x99 {aka \xe2\x80\x98\x1b[01m\x1b[Klong unsigned int\x1b[m\x1b[K\xe2\x80\x99} [\x1b[01;35m\x1b[K\x1b]8;;https://gcc.gnu.org/onlinedocs/gcc/Warning-Options.html#index-Wsign-compare\x07-Wsign-compare\x1b]8;;\x07\x1b[m\x1b[K]\n'}
[4.884907] (planner) StderrLine: {'line': b'  192 |             if (front_res.seg_idx >= 0 && \x1b[01;35m\x1b[Kfront_res.seg_idx < new_tra.GetNumPoints() - 1\x1b[m\x1b[K) {\n'}
[4.884970] (planner) StderrLine: {'line': b'      |                                           \x1b[01;35m\x1b[K~~~~~~~~~~~~~~~~~~^~~~~~~~~~~~~~~~~~~~~~~~~~~~\x1b[m\x1b[K\n'}
[4.889573] (planner) StderrLine: {'line': b'\x1b[01m\x1b[K/home/zxcx/new_naw/planner/src/replanner.cpp:\x1b[m\x1b[K In member function \xe2\x80\x98\x1b[01m\x1b[KEigen::Vector2d planner_2d::replanner::ClosestFreeGoal(const Vector2d&) const\x1b[m\x1b[K\xe2\x80\x99:\n'}
[4.889708] (planner) StderrLine: {'line': b'\x1b[01m\x1b[K/home/zxcx/new_naw/planner/src/replanner.cpp:359:9:\x1b[m\x1b[K \x1b[01;35m\x1b[Kwarning: \x1b[m\x1b[Kthis \xe2\x80\x98\x1b[01m\x1b[Kif\x1b[m\x1b[K\xe2\x80\x99 clause does not guard... [\x1b[01;35m\x1b[K\x1b]8;;https://gcc.gnu.org/onlinedocs/gcc/Warning-Options.html#index-Wmisleading-indentation\x07-Wmisleading-indentation\x1b]8;;\x07\x1b[m\x1b[K]\n'}
[4.889778] (planner) StderrLine: {'line': b'  359 |         \x1b[01;35m\x1b[Kif\x1b[m\x1b[K (gx < 0) gx = 0; if (gx >= m_MapLenX) gx = m_MapLenX - 1;\n'}
[4.889833] (planner) StderrLine: {'line': b'      |         \x1b[01;35m\x1b[K^~\x1b[m\x1b[K\n'}
[4.889886] (planner) StderrLine: {'line': b'\x1b[01m\x1b[K/home/zxcx/new_naw/planner/src/replanner.cpp:359:29:\x1b[m\x1b[K \x1b[01;36m\x1b[Knote: \x1b[m\x1b[K...this statement, but the latter is misleadingly indented as if it were guarded by the \xe2\x80\x98\x1b[01m\x1b[Kif\x1b[m\x1b[K\xe2\x80\x99\n'}
[4.889936] (planner) StderrLine: {'line': b'  359 |         if (gx < 0) gx = 0; \x1b[01;36m\x1b[Kif\x1b[m\x1b[K (gx >= m_MapLenX) gx = m_MapLenX - 1;\n'}
[4.889991] (planner) StderrLine: {'line': b'      |                             \x1b[01;36m\x1b[K^~\x1b[m\x1b[K\n'}
[4.890044] (planner) StderrLine: {'line': b'\x1b[01m\x1b[K/home/zxcx/new_naw/planner/src/replanner.cpp:360:9:\x1b[m\x1b[K \x1b[01;35m\x1b[Kwarning: \x1b[m\x1b[Kthis \xe2\x80\x98\x1b[01m\x1b[Kif\x1b[m\x1b[K\xe2\x80\x99 clause does not guard... [\x1b[01;35m\x1b[K\x1b]8;;https://gcc.gnu.org/onlinedocs/gcc/Warning-Options.html#index-Wmisleading-indentation\x07-Wmisleading-indentation\x1b]8;;\x07\x1b[m\x1b[K]\n'}
[4.890100] (planner) StderrLine: {'line': b'  360 |         \x1b[01;35m\x1b[Kif\x1b[m\x1b[K (gy < 0) gy = 0; if (gy >= m_MapWeightY) gy = m_MapWeightY - 1;\n'}
[4.890161] (planner) StderrLine: {'line': b'      |         \x1b[01;35m\x1b[K^~\x1b[m\x1b[K\n'}
[4.890217] (planner) StderrLine: {'line': b'\x1b[01m\x1b[K/home/zxcx/new_naw/planner/src/replanner.cpp:360:29:\x1b[m\x1b[K \x1b[01;36m\x1b[Knote: \x1b[m\x1b[K...this statement, but the latter is misleadingly indented as if it were guarded by the \xe2\x80\x98\x1b[01m\x1b[Kif\x1b[m\x1b[K\xe2\x80\x99\n'}
[4.890276] (planner) StderrLine: {'line': b'  360 |         if (gy < 0) gy = 0; \x1b[01;36m\x1b[Kif\x1b[m\x1b[K (gy >= m_MapWeightY) gy = m_MapWeightY - 1;\n'}
[4.890328] (planner) StderrLine: {'line': b'      |                             \x1b[01;36m\x1b[K^~\x1b[m\x1b[K\n'}
[4.907426] (-) TimerEvent: {}
[4.917822] (planner) StderrLine: {'line': b'\x1b[01m\x1b[K/home/zxcx/new_naw/planner/src/replanner.cpp:\x1b[m\x1b[K In member function \xe2\x80\x98\x1b[01m\x1b[Kbool planner_2d::replanner::Update(const Vector2d&, const Vector2d&, const std::vector<int>&, const std::vector<double>&, int, int, double, double)\x1b[m\x1b[K\xe2\x80\x99:\n'}
[4.918031] (planner) StderrLine: {'line': b'\x1b[01m\x1b[K/home/zxcx/new_naw/planner/src/replanner.cpp:119:33:\x1b[m\x1b[K \x1b[01;35m\x1b[Kwarning: \x1b[m\x1b[Kcomparison of integer expressions of different signedness: \xe2\x80\x98\x1b[01m\x1b[Kint\x1b[m\x1b[K\xe2\x80\x99 and \xe2\x80\x98\x1b[01m\x1b[Ksize_t\x1b[m\x1b[K\xe2\x80\x99 {aka \xe2\x80\x98\x1b[01m\x1b[Klong unsigned int\x1b[m\x1b[K\xe2\x80\x99} [\x1b[01;35m\x1b[K\x1b]8;;https://gcc.gnu.org/onlinedocs/gcc/Warning-Options.html#index-Wsign-compare\x07-Wsign-compare\x1b]8;;\x07\x1b[m\x1b[K]\n'}
[4.918111] (planner) StderrLine: {'line': b'  119 |         for (int k = idx + 1; \x1b[01;35m\x1b[Kk < temp_tra.GetNumPoints() - 1\x1b[m\x1b[K; ++k) {\n'}
[4.918162] (planner) StderrLine: {'line': b'      |                               \x1b[01;35m\x1b[K~~^~~~~~~~~~~~~~~~~~~~~~~~~~~~~\x1b[m\x1b[K\n'}
[4.919483] (planner) StderrLine: {'line': b'\x1b[01m\x1b[K/home/zxcx/new_naw/planner/src/replanner.cpp:192:61:\x1b[m\x1b[K \x1b[01;35m\x1b[Kwarning: \x1b[m\x1b[Kcomparison of integer expressions of different signedness: \xe2\x80\x98\x1b[01m\x1b[Kint\x1b[m\x1b[K\xe2\x80\x99 and \xe2\x80\x98\x1b[01m\x1b[Ksize_t\x1b[m\x1b[K\xe2\x80\x99 {aka \xe2\x80\x98\x1b[01m\x1b[Klong unsigned int\x1b[m\x1b[K\xe2\x80\x99} [\x1b[01;35m\x1b[K\x1b]8;;https://gcc.gnu.org/onlinedocs/gcc/Warning-Options.html#index-Wsign-compare\x07-Wsign-compare\x1b]8;;\x07\x1b[m\x1b[K]\n'}
[4.919648] (planner) StderrLine: {'line': b'  192 |             if (front_res.seg_idx >= 0 && \x1b[01;35m\x1b[Kfront_res.seg_idx < new_tra.GetNumPoints() - 1\x1b[m\x1b[K) {\n'}
[4.919724] (planner) StderrLine: {'line': b'      |                                           \x1b[01;35m\x1b[K~~~~~~~~~~~~~~~~~~^~~~~~~~~~~~~~~~~~~~~~~~~~~~\x1b[m\x1b[K\n'}
[4.925005] (planner) StderrLine: {'line': b'\x1b[01m\x1b[K/home/zxcx/new_naw/planner/src/replanner.cpp:\x1b[m\x1b[K In member function \xe2\x80\x98\x1b[01m\x1b[KEigen::Vector2d planner_2d::replanner::ClosestFreeGoal(const Vector2d&) const\x1b[m\x1b[K\xe2\x80\x99:\n'}
[4.925154] (planner) StderrLine: {'line': b'\x1b[01m\x1b[K/home/zxcx/new_naw/planner/src/replanner.cpp:359:9:\x1b[m\x1b[K \x1b[01;35m\x1b[Kwarning: \x1b[m\x1b[Kthis \xe2\x80\x98\x1b[01m\x1b[Kif\x1b[m\x1b[K\xe2\x80\x99 clause does not guard... [\x1b[01;35m\x1b[K\x1b]8;;https://gcc.gnu.org/onlinedocs/gcc/Warning-Options.html#index-Wmisleading-indentation\x07-Wmisleading-indentation\x1b]8;;\x07\x1b[m\x1b[K]\n'}
[4.925227] (planner) StderrLine: {'line': b'  359 |         \x1b[01;35m\x1b[Kif\x1b[m\x1b[K (gx < 0) gx = 0; if (gx >= m_MapLenX) gx = m_MapLenX - 1;\n'}
[4.925279] (planner) StderrLine: {'line': b'      |         \x1b[01;35m\x1b[K^~\x1b[m\x1b[K\n'}
[4.925332] (planner) StderrLine: {'line': b'\x1b[01m\x1b[K/home/zxcx/new_naw/planner/src/replanner.cpp:359:29:\x1b[m\x1b[K \x1b[01;36m\x1b[Knote: \x1b[m\x1b[K...this statement, but the latter is misleadingly indented as if it were guarded by the \xe2\x80\x98\x1b[01m\x1b[Kif\x1b[m\x1b[K\xe2\x80\x99\n'}
[4.925386] (planner) StderrLine: {'line': b'  359 |         if (gx < 0) gx = 0; \x1b[01;36m\x1b[Kif\x1b[m\x1b[K (gx >= m_MapLenX) gx = m_MapLenX - 1;\n'}
[4.925440] (planner) StderrLine: {'line': b'      |                             \x1b[01;36m\x1b[K^~\x1b[m\x1b[K\n'}
[4.925495] (planner) StderrLine: {'line': b'\x1b[01m\x1b[K/home/zxcx/new_naw/planner/src/replanner.cpp:360:9:\x1b[m\x1b[K \x1b[01;35m\x1b[Kwarning: \x1b[m\x1b[Kthis \xe2\x80\x98\x1b[01m\x1b[Kif\x1b[m\x1b[K\xe2\x80\x99 clause does not guard... [\x1b[01;35m\x1b[K\x1b]8;;https://gcc.gnu.org/onlinedocs/gcc/Warning-Options.html#index-Wmisleading-indentation\x07-Wmisleading-indentation\x1b]8;;\x07\x1b[m\x1b[K]\n'}
[4.925564] (planner) StderrLine: {'line': b'  360 |         \x1b[01;35m\x1b[Kif\x1b[m\x1b[K (gy < 0) gy = 0; if (gy >= m_MapWeightY) gy = m_MapWeightY - 1;\n'}
[4.925620] (planner) StderrLine: {'line': b'      |         \x1b[01;35m\x1b[K^~\x1b[m\x1b[K\n'}
[4.925688] (planner) StderrLine: {'line': b'\x1b[01m\x1b[K/home/zxcx/new_naw/planner/src/replanner.cpp:360:29:\x1b[m\x1b[K \x1b[01;36m\x1b[Knote: \x1b[m\x1b[K...this statement, but the latter is misleadingly indented as if it were guarded by the \xe2\x80\x98\x1b[01m\x1b[Kif\x1b[m\x1b[K\xe2\x80\x99\n'}
[4.925750] (planner) StderrLine: {'line': b'  360 |         if (gy < 0) gy = 0; \x1b[01;36m\x1b[Kif\x1b[m\x1b[K (gy >= m_MapWeightY) gy = m_MapWeightY - 1;\n'}
[4.925803] (planner) StderrLine: {'line': b'      |                             \x1b[01;36m\x1b[K^~\x1b[m\x1b[K\n'}
[4.934759] (planner) StderrLine: {'line': b'\x1b[01m\x1b[K/home/zxcx/new_naw/planner/src/minco.cpp:\x1b[m\x1b[K In member function \xe2\x80\x98\x1b[01m\x1b[Kvoid planner_2d::minco::ComputeGradient(const MatrixXd&, Eigen::VectorXd&) const\x1b[m\x1b[K\xe2\x80\x99:\n'}
[4.934956] (planner) StderrLine: {'line': b'\x1b[01m\x1b[K/home/zxcx/new_naw/planner/src/minco.cpp:82:56:\x1b[m\x1b[K \x1b[01;35m\x1b[Kwarning: \x1b[m\x1b[Kunused parameter \xe2\x80\x98\x1b[01m\x1b[KdCost_dCoeffs\x1b[m\x1b[K\xe2\x80\x99 [\x1b[01;35m\x1b[K\x1b]8;;https://gcc.gnu.org/onlinedocs/gcc/Warning-Options.html#index-Wunused-parameter\x07-Wunused-parameter\x1b]8;;\x07\x1b[m\x1b[K]\n'}
[4.935038] (planner) StderrLine: {'line': b'   82 |     void minco::ComputeGradient(\x1b[01;35m\x1b[Kconst Eigen::MatrixXd& dCost_dCoeffs\x1b[m\x1b[K, Eigen::VectorXd& gradient) const {\n'}
[4.935113] (planner) StderrLine: {'line': b'      |                                 \x1b[01;35m\x1b[K~~~~~~~~~~~~~~~~~~~~~~~^~~~~~~~~~~~~\x1b[m\x1b[K\n'}
[5.007542] (-) TimerEvent: {}
[5.017346] (esdf) StdoutLine: {'line': b'-- Eigen found (include: /usr/include/eigen3, version: 3.4.0)\n'}
[5.024826] (esdf) StdoutLine: {'line': b'-- OpenNI found (version: 1.5.4.0, include: /usr/include/ni, lib: /usr/lib/libOpenNI.so;libusb::libusb)\n'}
[5.032032] (esdf) StdoutLine: {'line': b'-- OpenNI2 found (version: 2.2.0.33, include: /usr/include/openni2, lib: /usr/lib/x86_64-linux-gnu/libOpenNI2.so;libusb::libusb)\n'}
[5.032286] (relocation) StdoutLine: {'line': b'-- Eigen found (include: /usr/include/eigen3, version: 3.4.0)\n'}
[5.040616] (relocation) StdoutLine: {'line': b'-- OpenNI found (version: 1.5.4.0, include: /usr/include/ni, lib: /usr/lib/libOpenNI.so;libusb::libusb)\n'}
[5.048506] (relocation) StdoutLine: {'line': b'-- OpenNI2 found (version: 2.2.0.33, include: /usr/include/openni2, lib: /usr/lib/x86_64-linux-gnu/libOpenNI2.so;libusb::libusb)\n'}
[5.107695] (-) TimerEvent: {}
[5.131905] (planner) StderrLine: {'line': b'\x1b[01m\x1b[K/home/zxcx/new_naw/planner/src/minco.cpp:\x1b[m\x1b[K In member function \xe2\x80\x98\x1b[01m\x1b[Kvoid planner_2d::minco::ComputeGradient(const MatrixXd&, Eigen::VectorXd&) const\x1b[m\x1b[K\xe2\x80\x99:\n'}
[5.132131] (planner) StderrLine: {'line': b'\x1b[01m\x1b[K/home/zxcx/new_naw/planner/src/minco.cpp:82:56:\x1b[m\x1b[K \x1b[01;35m\x1b[Kwarning: \x1b[m\x1b[Kunused parameter \xe2\x80\x98\x1b[01m\x1b[KdCost_dCoeffs\x1b[m\x1b[K\xe2\x80\x99 [\x1b[01;35m\x1b[K\x1b]8;;https://gcc.gnu.org/onlinedocs/gcc/Warning-Options.html#index-Wunused-parameter\x07-Wunused-parameter\x1b]8;;\x07\x1b[m\x1b[K]\n'}
[5.132206] (planner) StderrLine: {'line': b'   82 |     void minco::ComputeGradient(\x1b[01;35m\x1b[Kconst Eigen::MatrixXd& dCost_dCoeffs\x1b[m\x1b[K, Eigen::VectorXd& gradient) const {\n'}
[5.132268] (planner) StderrLine: {'line': b'      |                                 \x1b[01;35m\x1b[K~~~~~~~~~~~~~~~~~~~~~~~^~~~~~~~~~~~~\x1b[m\x1b[K\n'}
[5.148181] (esdf) StdoutLine: {'line': b'-- Found Qhull version 8.0.2\n'}
[5.163833] (relocation) StdoutLine: {'line': b'-- Found Qhull version 8.0.2\n'}
[5.207750] (-) TimerEvent: {}
[5.269569] (esdf) StdoutLine: {'line': b'-- OpenNI found (version: 1.5.4.0, include: /usr/include/ni, lib: /usr/lib/libOpenNI.so;libusb::libusb)\n'}
[5.274224] (relocation) StdoutLine: {'line': b'-- OpenNI found (version: 1.5.4.0, include: /usr/include/ni, lib: /usr/lib/libOpenNI.so;libusb::libusb)\n'}
[5.307883] (-) TimerEvent: {}
[5.372573] (livox_ros_driver2) StdoutLine: {'line': b'[ 98%] \x1b[32m\x1b[1mLinking CXX executable livox_ros_driver2_node\x1b[0m\n'}
[5.383737] (esdf) StdoutLine: {'line': b'-- Found PCL_COMMON: /usr/lib/x86_64-linux-gnu/libpcl_common.so  \n'}
[5.384216] (esdf) StdoutLine: {'line': b'-- Found PCL_KDTREE: /usr/lib/x86_64-linux-gnu/libpcl_kdtree.so  \n'}
[5.384648] (esdf) StdoutLine: {'line': b'-- Found PCL_OCTREE: /usr/lib/x86_64-linux-gnu/libpcl_octree.so  \n'}
[5.385238] (esdf) StdoutLine: {'line': b'-- Found PCL_SEARCH: /usr/lib/x86_64-linux-gnu/libpcl_search.so  \n'}
[5.385695] (esdf) StdoutLine: {'line': b'-- Found PCL_SAMPLE_CONSENSUS: /usr/lib/x86_64-linux-gnu/libpcl_sample_consensus.so  \n'}
[5.386135] (esdf) StdoutLine: {'line': b'-- Found PCL_FILTERS: /usr/lib/x86_64-linux-gnu/libpcl_filters.so  \n'}
[5.386301] (esdf) StdoutLine: {'line': b'-- Found PCL_2D: /usr/include/pcl-1.12  \n'}
[5.386470] (esdf) StdoutLine: {'line': b'-- Found PCL_GEOMETRY: /usr/include/pcl-1.12  \n'}
[5.386914] (esdf) StdoutLine: {'line': b'-- Found PCL_IO: /usr/lib/x86_64-linux-gnu/libpcl_io.so  \n'}
[5.387402] (esdf) StdoutLine: {'line': b'-- Found PCL_FEATURES: /usr/lib/x86_64-linux-gnu/libpcl_features.so  \n'}
[5.387907] (esdf) StdoutLine: {'line': b'-- Found PCL_ML: /usr/lib/x86_64-linux-gnu/libpcl_ml.so  \n'}
[5.388342] (esdf) StdoutLine: {'line': b'-- Found PCL_SEGMENTATION: /usr/lib/x86_64-linux-gnu/libpcl_segmentation.so  \n'}
[5.388855] (esdf) StdoutLine: {'line': b'-- Found PCL_VISUALIZATION: /usr/lib/x86_64-linux-gnu/libpcl_visualization.so  \n'}
[5.389358] (esdf) StdoutLine: {'line': b'-- Found PCL_SURFACE: /usr/lib/x86_64-linux-gnu/libpcl_surface.so  \n'}
[5.389848] (esdf) StdoutLine: {'line': b'-- Found PCL_REGISTRATION: /usr/lib/x86_64-linux-gnu/libpcl_registration.so  \n'}
[5.390334] (esdf) StdoutLine: {'line': b'-- Found PCL_KEYPOINTS: /usr/lib/x86_64-linux-gnu/libpcl_keypoints.so  \n'}
[5.390815] (esdf) StdoutLine: {'line': b'-- Found PCL_TRACKING: /usr/lib/x86_64-linux-gnu/libpcl_tracking.so  \n'}
[5.391286] (esdf) StdoutLine: {'line': b'-- Found PCL_RECOGNITION: /usr/lib/x86_64-linux-gnu/libpcl_recognition.so  \n'}
[5.391800] (esdf) StdoutLine: {'line': b'-- Found PCL_STEREO: /usr/lib/x86_64-linux-gnu/libpcl_stereo.so  \n'}
[5.392251] (esdf) StdoutLine: {'line': b'-- Found PCL_APPS: /usr/lib/x86_64-linux-gnu/libpcl_apps.so  \n'}
[5.392647] (esdf) StdoutLine: {'line': b'-- Found PCL_IN_HAND_SCANNER: /usr/include/pcl-1.12  \n'}
[5.392796] (esdf) StdoutLine: {'line': b'-- Found PCL_MODELER: /usr/include/pcl-1.12  \n'}
[5.392979] (esdf) StdoutLine: {'line': b'-- Found PCL_POINT_CLOUD_EDITOR: /usr/include/pcl-1.12  \n'}
[5.393410] (esdf) StdoutLine: {'line': b'-- Found PCL_OUTOFCORE: /usr/lib/x86_64-linux-gnu/libpcl_outofcore.so  \n'}
[5.393895] (esdf) StdoutLine: {'line': b'-- Found PCL_PEOPLE: /usr/lib/x86_64-linux-gnu/libpcl_people.so  \n'}
[5.395143] (esdf) StdoutLine: {'line': b'-- Found custom_msgs: 0.0.0 (/home/zxcx/new_naw/install/custom_msgs/share/custom_msgs/cmake)\n'}
[5.396014] (relocation) StdoutLine: {'line': b'-- Found PCL_COMMON: /usr/lib/x86_64-linux-gnu/libpcl_common.so  \n'}
[5.396770] (relocation) StdoutLine: {'line': b'-- Found PCL_KDTREE: /usr/lib/x86_64-linux-gnu/libpcl_kdtree.so  \n'}
[5.397354] (relocation) StdoutLine: {'line': b'-- Found PCL_OCTREE: /usr/lib/x86_64-linux-gnu/libpcl_octree.so  \n'}
[5.398068] (relocation) StdoutLine: {'line': b'-- Found PCL_SEARCH: /usr/lib/x86_64-linux-gnu/libpcl_search.so  \n'}
[5.398577] (relocation) StdoutLine: {'line': b'-- Found PCL_SAMPLE_CONSENSUS: /usr/lib/x86_64-linux-gnu/libpcl_sample_consensus.so  \n'}
[5.399063] (relocation) StdoutLine: {'line': b'-- Found PCL_FILTERS: /usr/lib/x86_64-linux-gnu/libpcl_filters.so  \n'}
[5.399243] (relocation) StdoutLine: {'line': b'-- Found PCL_2D: /usr/include/pcl-1.12  \n'}
[5.399417] (relocation) StdoutLine: {'line': b'-- Found PCL_GEOMETRY: /usr/include/pcl-1.12  \n'}
[5.399886] (relocation) StdoutLine: {'line': b'-- Found PCL_IO: /usr/lib/x86_64-linux-gnu/libpcl_io.so  \n'}
[5.400403] (relocation) StdoutLine: {'line': b'-- Found PCL_FEATURES: /usr/lib/x86_64-linux-gnu/libpcl_features.so  \n'}
[5.400902] (relocation) StdoutLine: {'line': b'-- Found PCL_ML: /usr/lib/x86_64-linux-gnu/libpcl_ml.so  \n'}
[5.401345] (relocation) StdoutLine: {'line': b'-- Found PCL_SEGMENTATION: /usr/lib/x86_64-linux-gnu/libpcl_segmentation.so  \n'}
[5.401952] (esdf) StderrLine: {'line': b'\x1b[33mCMake Warning (dev) at CMakeLists.txt:14 (find_package):\n'}
[5.402061] (esdf) StderrLine: {'line': b'  Policy CMP0074 is not set: find_package uses <PackageName>_ROOT variables.\n'}
[5.402125] (esdf) StderrLine: {'line': b'  Run "cmake --help-policy CMP0074" for policy details.  Use the cmake_policy\n'}
[5.402183] (esdf) StderrLine: {'line': b'  command to set the policy and suppress this warning.\n'}
[5.402238] (esdf) StderrLine: {'line': b'\n'}
[5.402294] (esdf) StderrLine: {'line': b'  CMake variable PCL_ROOT is set to:\n'}
[5.402348] (esdf) StderrLine: {'line': b'\n'}
[5.402392] (esdf) StderrLine: {'line': b'    /usr\n'}
[5.402462] (esdf) StderrLine: {'line': b'\n'}
[5.402505] (esdf) StderrLine: {'line': b'  For compatibility, CMake is ignoring the variable.\n'}
[5.402550] (esdf) StderrLine: {'line': b'This warning is for project developers.  Use -Wno-dev to suppress it.\n'}
[5.402593] (esdf) StderrLine: {'line': b'\x1b[0m\n'}
[5.402649] (relocation) StdoutLine: {'line': b'-- Found PCL_VISUALIZATION: /usr/lib/x86_64-linux-gnu/libpcl_visualization.so  \n'}
[5.402717] (relocation) StdoutLine: {'line': b'-- Found PCL_SURFACE: /usr/lib/x86_64-linux-gnu/libpcl_surface.so  \n'}
[5.402909] (relocation) StdoutLine: {'line': b'-- Found PCL_REGISTRATION: /usr/lib/x86_64-linux-gnu/libpcl_registration.so  \n'}
[5.403426] (relocation) StdoutLine: {'line': b'-- Found PCL_KEYPOINTS: /usr/lib/x86_64-linux-gnu/libpcl_keypoints.so  \n'}
[5.403937] (relocation) StdoutLine: {'line': b'-- Found PCL_TRACKING: /usr/lib/x86_64-linux-gnu/libpcl_tracking.so  \n'}
[5.404404] (relocation) StdoutLine: {'line': b'-- Found PCL_RECOGNITION: /usr/lib/x86_64-linux-gnu/libpcl_recognition.so  \n'}
[5.404956] (relocation) StdoutLine: {'line': b'-- Found PCL_STEREO: /usr/lib/x86_64-linux-gnu/libpcl_stereo.so  \n'}
[5.405410] (relocation) StdoutLine: {'line': b'-- Found PCL_APPS: /usr/lib/x86_64-linux-gnu/libpcl_apps.so  \n'}
[5.405850] (relocation) StdoutLine: {'line': b'-- Found PCL_IN_HAND_SCANNER: /usr/include/pcl-1.12  \n'}
[5.405987] (relocation) StdoutLine: {'line': b'-- Found PCL_MODELER: /usr/include/pcl-1.12  \n'}
[5.406177] (relocation) StdoutLine: {'line': b'-- Found PCL_POINT_CLOUD_EDITOR: /usr/include/pcl-1.12  \n'}
[5.406631] (relocation) StdoutLine: {'line': b'-- Found PCL_OUTOFCORE: /usr/lib/x86_64-linux-gnu/libpcl_outofcore.so  \n'}
[5.407137] (relocation) StdoutLine: {'line': b'-- Found PCL_PEOPLE: /usr/lib/x86_64-linux-gnu/libpcl_people.so  \n'}
[5.407950] (-) TimerEvent: {}
[5.408499] (relocation) StdoutLine: {'line': b'-- Found custom_msgs: 0.0.0 (/home/zxcx/new_naw/install/custom_msgs/share/custom_msgs/cmake)\n'}
[5.416219] (relocation) StdoutLine: {'line': b'-- Found visualization_msgs: 4.9.1 (/opt/ros/humble/share/visualization_msgs/cmake)\n'}
[5.418177] (esdf) StdoutLine: {'line': b'-- Found OpenCV: /usr (found version "4.5.4") \n'}
[5.431411] (relocation) StdoutLine: {'line': b'-- Found OpenCV: /usr (found version "4.5.4") \n'}
[5.431595] (relocation) StderrLine: {'line': b'\x1b[33mCMake Warning (dev) at CMakeLists.txt:27 (find_package):\n'}
[5.431719] (relocation) StderrLine: {'line': b'  Policy CMP0074 is not set: find_package uses <PackageName>_ROOT variables.\n'}
[5.431795] (relocation) StderrLine: {'line': b'  Run "cmake --help-policy CMP0074" for policy details.  Use the cmake_policy\n'}
[5.431849] (relocation) StderrLine: {'line': b'  command to set the policy and suppress this warning.\n'}
[5.431912] (relocation) StderrLine: {'line': b'\n'}
[5.431968] (relocation) StderrLine: {'line': b'  CMake variable PCL_ROOT is set to:\n'}
[5.432025] (relocation) StderrLine: {'line': b'\n'}
[5.432079] (relocation) StderrLine: {'line': b'    /usr\n'}
[5.432134] (relocation) StderrLine: {'line': b'\n'}
[5.432188] (relocation) StderrLine: {'line': b'  For compatibility, CMake is ignoring the variable.\n'}
[5.432242] (relocation) StderrLine: {'line': b'This warning is for project developers.  Use -Wno-dev to suppress it.\n'}
[5.432291] (relocation) StderrLine: {'line': b'\x1b[0m\n'}
[5.450370] (livox_ros_driver2) StdoutLine: {'line': b'[ 98%] Built target livox_ros_driver2_node\n'}
[5.465053] (esdf) StdoutLine: {'line': b'-- Configuring done\n'}
[5.501762] (esdf) StdoutLine: {'line': b'-- Generating done\n'}
[5.508064] (-) TimerEvent: {}
[5.511492] (esdf) StdoutLine: {'line': b'-- Build files have been written to: /home/zxcx/new_naw/build/esdf\n'}
[5.529647] (esdf) CommandEnded: {'returncode': 0}
[5.530409] (esdf) JobProgress: {'identifier': 'esdf', 'progress': 'build'}
[5.531335] (esdf) Command: {'cmd': ['/usr/bin/cmake', '--build', '/home/zxcx/new_naw/build/esdf', '--', '-j32', '-l32'], 'cwd': '/home/zxcx/new_naw/build/esdf', 'env': OrderedDict([('LESSOPEN', '| /usr/bin/lesspipe %s'), ('LANGUAGE', 'zh_CN:zh:en_US:en'), ('USER', 'zxcx'), ('LC_TIME', 'zh_CN.UTF-8'), ('XDG_SESSION_TYPE', 'x11'), ('SHLVL', '1'), ('LD_LIBRARY_PATH', '/home/zxcx/new_naw/install/custom_msgs/lib:/home/zxcx/new_naw/install/livox_ros_driver2/lib:/usr/lib/x86_64-linux-gnu/gazebo-11/plugins:/opt/ros/humble/opt/rviz_ogre_vendor/lib:/opt/ros/humble/lib/x86_64-linux-gnu:/opt/ros/humble/lib'), ('HOME', '/home/zxcx'), ('OLDPWD', '/home/zxcx'), ('DESKTOP_SESSION', 'ubuntu'), ('ROS_PYTHON_VERSION', '3'), ('GNOME_SHELL_SESSION_MODE', 'ubuntu'), ('GTK_MODULES', 'gail:atk-bridge'), ('LC_MONETARY', 'zh_CN.UTF-8'), ('SYSTEMD_EXEC_PID', '2718'), ('DBUS_SESSION_BUS_ADDRESS', 'unix:path=/run/user/1000/bus'), ('COLORTERM', 'truecolor'), ('IM_CONFIG_PHASE', '1'), ('COLCON_PREFIX_PATH', '/home/zxcx/new_naw/install'), ('ROS_DISTRO', 'humble'), ('GTK_IM_MODULE', 'fcitx'), ('LOGNAME', 'zxcx'), ('_', '/usr/bin/colcon'), ('ROS_VERSION', '2'), ('XDG_SESSION_CLASS', 'user'), ('USERNAME', 'zxcx'), ('TERM', 'xterm-256color'), ('GNOME_DESKTOP_SESSION_ID', 'this-is-deprecated'), ('ROS_LOCALHOST_ONLY', '0'), ('WINDOWPATH', '2'), ('PATH', '/opt/ros/humble/bin:/usr/local/sbin:/usr/local/bin:/usr/sbin:/usr/bin:/sbin:/bin:/usr/games:/usr/local/games:/snap/bin:/snap/bin'), ('SESSION_MANAGER', 'local/zxcx0219:@/tmp/.ICE-unix/2481,unix/zxcx0219:/tmp/.ICE-unix/2481'), ('XDG_MENU_PREFIX', 'gnome-'), ('LC_ADDRESS', 'zh_CN.UTF-8'), ('GNOME_TERMINAL_SCREEN', '/org/gnome/Terminal/screen/bf679257_c193_4163_8cbb_24a3c4f52a94'), ('XDG_RUNTIME_DIR', '/run/user/1000'), ('DISPLAY', ':1'), ('LANG', 'zh_CN.UTF-8'), ('XDG_CURRENT_DESKTOP', 'ubuntu:GNOME'), ('LC_TELEPHONE', 'zh_CN.UTF-8'), ('XMODIFIERS', '@im=fcitx'), ('XDG_SESSION_DESKTOP', 'ubuntu'), ('XAUTHORITY', '/run/user/1000/gdm/Xauthority'), ('LS_COLORS', 'rs=0:di=01;34:ln=01;36:mh=00:pi=40;33:so=01;35:do=01;35:bd=40;33;01:cd=40;33;01:or=40;31;01:mi=00:su=37;41:sg=30;43:ca=30;41:tw=30;42:ow=34;42:st=37;44:ex=01;32:*.tar=01;31:*.tgz=01;31:*.arc=01;31:*.arj=01;31:*.taz=01;31:*.lha=01;31:*.lz4=01;31:*.lzh=01;31:*.lzma=01;31:*.tlz=01;31:*.txz=01;31:*.tzo=01;31:*.t7z=01;31:*.zip=01;31:*.z=01;31:*.dz=01;31:*.gz=01;31:*.lrz=01;31:*.lz=01;31:*.lzo=01;31:*.xz=01;31:*.zst=01;31:*.tzst=01;31:*.bz2=01;31:*.bz=01;31:*.tbz=01;31:*.tbz2=01;31:*.tz=01;31:*.deb=01;31:*.rpm=01;31:*.jar=01;31:*.war=01;31:*.ear=01;31:*.sar=01;31:*.rar=01;31:*.alz=01;31:*.ace=01;31:*.zoo=01;31:*.cpio=01;31:*.7z=01;31:*.rz=01;31:*.cab=01;31:*.wim=01;31:*.swm=01;31:*.dwm=01;31:*.esd=01;31:*.jpg=01;35:*.jpeg=01;35:*.mjpg=01;35:*.mjpeg=01;35:*.gif=01;35:*.bmp=01;35:*.pbm=01;35:*.pgm=01;35:*.ppm=01;35:*.tga=01;35:*.xbm=01;35:*.xpm=01;35:*.tif=01;35:*.tiff=01;35:*.png=01;35:*.svg=01;35:*.svgz=01;35:*.mng=01;35:*.pcx=01;35:*.mov=01;35:*.mpg=01;35:*.mpeg=01;35:*.m2v=01;35:*.mkv=01;35:*.webm=01;35:*.webp=01;35:*.ogm=01;35:*.mp4=01;35:*.m4v=01;35:*.mp4v=01;35:*.vob=01;35:*.qt=01;35:*.nuv=01;35:*.wmv=01;35:*.asf=01;35:*.rm=01;35:*.rmvb=01;35:*.flc=01;35:*.avi=01;35:*.fli=01;35:*.flv=01;35:*.gl=01;35:*.dl=01;35:*.xcf=01;35:*.xwd=01;35:*.yuv=01;35:*.cgm=01;35:*.emf=01;35:*.ogv=01;35:*.ogx=01;35:*.aac=00;36:*.au=00;36:*.flac=00;36:*.m4a=00;36:*.mid=00;36:*.midi=00;36:*.mka=00;36:*.mp3=00;36:*.mpc=00;36:*.ogg=00;36:*.ra=00;36:*.wav=00;36:*.oga=00;36:*.opus=00;36:*.spx=00;36:*.xspf=00;36:'), ('GNOME_TERMINAL_SERVICE', ':1.113'), ('SSH_AGENT_LAUNCHER', 'gnome-keyring'), ('SSH_AUTH_SOCK', '/run/user/1000/keyring/ssh'), ('AMENT_PREFIX_PATH', '/home/zxcx/new_naw/install/livox_ros_driver2:/home/zxcx/new_naw/install/custom_msgs:/home/zxcx/new_naw/install/controller:/opt/ros/humble'), ('SHELL', '/bin/bash'), ('LC_NAME', 'zh_CN.UTF-8'), ('QT_ACCESSIBILITY', '1'), ('GDMSESSION', 'ubuntu'), ('LESSCLOSE', '/usr/bin/lesspipe %s %s'), ('LC_MEASUREMENT', 'zh_CN.UTF-8'), ('GPG_AGENT_INFO', '/run/user/1000/gnupg/S.gpg-agent:0:1'), ('LC_IDENTIFICATION', 'zh_CN.UTF-8'), ('QT_IM_MODULE', 'fcitx'), ('PWD', '/home/zxcx/new_naw/build/esdf'), ('XDG_CONFIG_DIRS', '/etc/xdg/xdg-ubuntu:/etc/xdg'), ('CLUTTER_IM_MODULE', 'fcitx'), ('XDG_DATA_DIRS', '/usr/share/ubuntu:/usr/share/gnome:/usr/local/share/:/usr/share/:/var/lib/snapd/desktop'), ('PYTHONPATH', '/home/zxcx/new_naw/install/livox_ros_driver2/local/lib/python3.10/dist-packages:/home/zxcx/new_naw/install/custom_msgs/local/lib/python3.10/dist-packages:/opt/ros/humble/lib/python3.10/site-packages:/opt/ros/humble/local/lib/python3.10/dist-packages'), ('LC_NUMERIC', 'zh_CN.UTF-8'), ('LC_PAPER', 'zh_CN.UTF-8'), ('COLCON', '1'), ('VTE_VERSION', '6800'), ('CMAKE_PREFIX_PATH', '/home/zxcx/new_naw/install/custom_msgs:/home/zxcx/new_naw/install/livox_ros_driver2:/home/zxcx/new_naw/install/controller:/opt/ros/humble')]), 'shell': False}
[5.573279] (esdf) StdoutLine: {'line': b'[ 12%] \x1b[32mBuilding CXX object CMakeFiles/esdf_map_lib.dir/src/sliding_map.cpp.o\x1b[0m\n'}
[5.573451] (esdf) StdoutLine: {'line': b'[ 25%] \x1b[32mBuilding CXX object CMakeFiles/esdf_map_lib.dir/src/feasible_map.cpp.o\x1b[0m\n'}
[5.574464] (esdf) StdoutLine: {'line': b'[ 37%] \x1b[32mBuilding CXX object CMakeFiles/esdf_map_lib.dir/src/esdf_map.cpp.o\x1b[0m\n'}
[5.608197] (-) TimerEvent: {}
[5.620088] (relocation) StdoutLine: {'line': b'-- Found OpenMP_C: -fopenmp (found version "4.5") \n'}
[5.689428] (relocation) StdoutLine: {'line': b'-- Found OpenMP_CXX: -fopenmp (found version "4.5") \n'}
[5.689677] (relocation) StdoutLine: {'line': b'-- Found OpenMP: TRUE (found version "4.5")  \n'}
[5.698584] (relocation) StdoutLine: {'line': b'-- Found ament_lint_auto: 0.12.15 (/opt/ros/humble/share/ament_lint_auto/cmake)\n'}
[5.708304] (-) TimerEvent: {}
[5.754141] (relocation) StdoutLine: {'line': b"-- Added test 'cppcheck' to perform static code analysis on C / C++ code\n"}
[5.754392] (relocation) StdoutLine: {'line': b'-- Configured cppcheck include dirs: $<BUILD_INTERFACE:/home/zxcx/new_naw/relocation/include>\n'}
[5.754485] (relocation) StdoutLine: {'line': b'-- Configured cppcheck exclude dirs and/or files: \n'}
[5.754944] (relocation) StdoutLine: {'line': b"-- Added test 'lint_cmake' to check CMake code style\n"}
[5.756161] (relocation) StdoutLine: {'line': b"-- Added test 'uncrustify' to check C / C++ code style\n"}
[5.756249] (relocation) StdoutLine: {'line': b'-- Configured uncrustify additional arguments: \n'}
[5.756490] (relocation) StdoutLine: {'line': b"-- Added test 'xmllint' to check XML markup files\n"}
[5.757345] (relocation) StdoutLine: {'line': b'-- Configuring done\n'}
[5.808411] (-) TimerEvent: {}
[5.812771] (relocation) StdoutLine: {'line': b'-- Generating done\n'}
[5.827578] (relocation) StdoutLine: {'line': b'-- Build files have been written to: /home/zxcx/new_naw/build/relocation\n'}
[5.846098] (relocation) CommandEnded: {'returncode': 0}
[5.846772] (relocation) JobProgress: {'identifier': 'relocation', 'progress': 'build'}
[5.847784] (relocation) Command: {'cmd': ['/usr/bin/cmake', '--build', '/home/zxcx/new_naw/build/relocation', '--', '-j32', '-l32'], 'cwd': '/home/zxcx/new_naw/build/relocation', 'env': OrderedDict([('LESSOPEN', '| /usr/bin/lesspipe %s'), ('LANGUAGE', 'zh_CN:zh:en_US:en'), ('USER', 'zxcx'), ('LC_TIME', 'zh_CN.UTF-8'), ('XDG_SESSION_TYPE', 'x11'), ('SHLVL', '1'), ('LD_LIBRARY_PATH', '/home/zxcx/new_naw/install/custom_msgs/lib:/home/zxcx/new_naw/install/livox_ros_driver2/lib:/usr/lib/x86_64-linux-gnu/gazebo-11/plugins:/opt/ros/humble/opt/rviz_ogre_vendor/lib:/opt/ros/humble/lib/x86_64-linux-gnu:/opt/ros/humble/lib'), ('HOME', '/home/zxcx'), ('OLDPWD', '/home/zxcx'), ('DESKTOP_SESSION', 'ubuntu'), ('ROS_PYTHON_VERSION', '3'), ('GNOME_SHELL_SESSION_MODE', 'ubuntu'), ('GTK_MODULES', 'gail:atk-bridge'), ('LC_MONETARY', 'zh_CN.UTF-8'), ('SYSTEMD_EXEC_PID', '2718'), ('DBUS_SESSION_BUS_ADDRESS', 'unix:path=/run/user/1000/bus'), ('COLORTERM', 'truecolor'), ('IM_CONFIG_PHASE', '1'), ('COLCON_PREFIX_PATH', '/home/zxcx/new_naw/install'), ('ROS_DISTRO', 'humble'), ('GTK_IM_MODULE', 'fcitx'), ('LOGNAME', 'zxcx'), ('_', '/usr/bin/colcon'), ('ROS_VERSION', '2'), ('XDG_SESSION_CLASS', 'user'), ('USERNAME', 'zxcx'), ('TERM', 'xterm-256color'), ('GNOME_DESKTOP_SESSION_ID', 'this-is-deprecated'), ('ROS_LOCALHOST_ONLY', '0'), ('WINDOWPATH', '2'), ('PATH', '/opt/ros/humble/bin:/usr/local/sbin:/usr/local/bin:/usr/sbin:/usr/bin:/sbin:/bin:/usr/games:/usr/local/games:/snap/bin:/snap/bin'), ('SESSION_MANAGER', 'local/zxcx0219:@/tmp/.ICE-unix/2481,unix/zxcx0219:/tmp/.ICE-unix/2481'), ('XDG_MENU_PREFIX', 'gnome-'), ('LC_ADDRESS', 'zh_CN.UTF-8'), ('GNOME_TERMINAL_SCREEN', '/org/gnome/Terminal/screen/bf679257_c193_4163_8cbb_24a3c4f52a94'), ('XDG_RUNTIME_DIR', '/run/user/1000'), ('DISPLAY', ':1'), ('LANG', 'zh_CN.UTF-8'), ('XDG_CURRENT_DESKTOP', 'ubuntu:GNOME'), ('LC_TELEPHONE', 'zh_CN.UTF-8'), ('XMODIFIERS', '@im=fcitx'), ('XDG_SESSION_DESKTOP', 'ubuntu'), ('XAUTHORITY', '/run/user/1000/gdm/Xauthority'), ('LS_COLORS', 'rs=0:di=01;34:ln=01;36:mh=00:pi=40;33:so=01;35:do=01;35:bd=40;33;01:cd=40;33;01:or=40;31;01:mi=00:su=37;41:sg=30;43:ca=30;41:tw=30;42:ow=34;42:st=37;44:ex=01;32:*.tar=01;31:*.tgz=01;31:*.arc=01;31:*.arj=01;31:*.taz=01;31:*.lha=01;31:*.lz4=01;31:*.lzh=01;31:*.lzma=01;31:*.tlz=01;31:*.txz=01;31:*.tzo=01;31:*.t7z=01;31:*.zip=01;31:*.z=01;31:*.dz=01;31:*.gz=01;31:*.lrz=01;31:*.lz=01;31:*.lzo=01;31:*.xz=01;31:*.zst=01;31:*.tzst=01;31:*.bz2=01;31:*.bz=01;31:*.tbz=01;31:*.tbz2=01;31:*.tz=01;31:*.deb=01;31:*.rpm=01;31:*.jar=01;31:*.war=01;31:*.ear=01;31:*.sar=01;31:*.rar=01;31:*.alz=01;31:*.ace=01;31:*.zoo=01;31:*.cpio=01;31:*.7z=01;31:*.rz=01;31:*.cab=01;31:*.wim=01;31:*.swm=01;31:*.dwm=01;31:*.esd=01;31:*.jpg=01;35:*.jpeg=01;35:*.mjpg=01;35:*.mjpeg=01;35:*.gif=01;35:*.bmp=01;35:*.pbm=01;35:*.pgm=01;35:*.ppm=01;35:*.tga=01;35:*.xbm=01;35:*.xpm=01;35:*.tif=01;35:*.tiff=01;35:*.png=01;35:*.svg=01;35:*.svgz=01;35:*.mng=01;35:*.pcx=01;35:*.mov=01;35:*.mpg=01;35:*.mpeg=01;35:*.m2v=01;35:*.mkv=01;35:*.webm=01;35:*.webp=01;35:*.ogm=01;35:*.mp4=01;35:*.m4v=01;35:*.mp4v=01;35:*.vob=01;35:*.qt=01;35:*.nuv=01;35:*.wmv=01;35:*.asf=01;35:*.rm=01;35:*.rmvb=01;35:*.flc=01;35:*.avi=01;35:*.fli=01;35:*.flv=01;35:*.gl=01;35:*.dl=01;35:*.xcf=01;35:*.xwd=01;35:*.yuv=01;35:*.cgm=01;35:*.emf=01;35:*.ogv=01;35:*.ogx=01;35:*.aac=00;36:*.au=00;36:*.flac=00;36:*.m4a=00;36:*.mid=00;36:*.midi=00;36:*.mka=00;36:*.mp3=00;36:*.mpc=00;36:*.ogg=00;36:*.ra=00;36:*.wav=00;36:*.oga=00;36:*.opus=00;36:*.spx=00;36:*.xspf=00;36:'), ('GNOME_TERMINAL_SERVICE', ':1.113'), ('SSH_AGENT_LAUNCHER', 'gnome-keyring'), ('SSH_AUTH_SOCK', '/run/user/1000/keyring/ssh'), ('AMENT_PREFIX_PATH', '/home/zxcx/new_naw/install/livox_ros_driver2:/home/zxcx/new_naw/install/custom_msgs:/home/zxcx/new_naw/install/controller:/opt/ros/humble'), ('SHELL', '/bin/bash'), ('LC_NAME', 'zh_CN.UTF-8'), ('QT_ACCESSIBILITY', '1'), ('GDMSESSION', 'ubuntu'), ('LESSCLOSE', '/usr/bin/lesspipe %s %s'), ('LC_MEASUREMENT', 'zh_CN.UTF-8'), ('GPG_AGENT_INFO', '/run/user/1000/gnupg/S.gpg-agent:0:1'), ('LC_IDENTIFICATION', 'zh_CN.UTF-8'), ('QT_IM_MODULE', 'fcitx'), ('PWD', '/home/zxcx/new_naw/build/relocation'), ('XDG_CONFIG_DIRS', '/etc/xdg/xdg-ubuntu:/etc/xdg'), ('CLUTTER_IM_MODULE', 'fcitx'), ('XDG_DATA_DIRS', '/usr/share/ubuntu:/usr/share/gnome:/usr/local/share/:/usr/share/:/var/lib/snapd/desktop'), ('PYTHONPATH', '/home/zxcx/new_naw/install/livox_ros_driver2/local/lib/python3.10/dist-packages:/home/zxcx/new_naw/install/custom_msgs/local/lib/python3.10/dist-packages:/opt/ros/humble/lib/python3.10/site-packages:/opt/ros/humble/local/lib/python3.10/dist-packages'), ('LC_NUMERIC', 'zh_CN.UTF-8'), ('LC_PAPER', 'zh_CN.UTF-8'), ('COLCON', '1'), ('VTE_VERSION', '6800'), ('CMAKE_PREFIX_PATH', '/home/zxcx/new_naw/install/custom_msgs:/home/zxcx/new_naw/install/livox_ros_driver2:/home/zxcx/new_naw/install/controller:/opt/ros/humble')]), 'shell': False}
[5.888066] (relocation) StdoutLine: {'line': b'[ 20%] \x1b[32mBuilding CXX object CMakeFiles/relocation_core.dir/src/ann_kdtree.cpp.o\x1b[0m\n'}
[5.888281] (relocation) StdoutLine: {'line': b'[ 20%] \x1b[32mBuilding CXX object CMakeFiles/relocation_core.dir/src/icp.cpp.o\x1b[0m\n'}
[5.888916] (relocation) StdoutLine: {'line': b'[ 30%] \x1b[32mBuilding CXX object CMakeFiles/relocation_core.dir/src/kd_tree.cpp.o\x1b[0m\n'}
[5.889334] (relocation) StdoutLine: {'line': b'[ 40%] \x1b[32mBuilding CXX object CMakeFiles/relocation_core.dir/src/iris.cpp.o\x1b[0m\n'}
[5.891957] (relocation) StdoutLine: {'line': b'[ 50%] \x1b[32mBuilding CXX object CMakeFiles/relocation_core.dir/src/location.cpp.o\x1b[0m\n'}
[5.908530] (-) TimerEvent: {}
[6.008872] (-) TimerEvent: {}
[6.109227] (-) TimerEvent: {}
[6.209605] (-) TimerEvent: {}
[6.309999] (-) TimerEvent: {}
[6.410342] (-) TimerEvent: {}
[6.510702] (-) TimerEvent: {}
[6.611081] (-) TimerEvent: {}
[6.711434] (-) TimerEvent: {}
[6.811805] (-) TimerEvent: {}
[6.912145] (-) TimerEvent: {}
[7.012507] (-) TimerEvent: {}
[7.112880] (-) TimerEvent: {}
[7.213247] (-) TimerEvent: {}
[7.313599] (-) TimerEvent: {}
[7.413968] (-) TimerEvent: {}
[7.514291] (-) TimerEvent: {}
[7.614629] (-) TimerEvent: {}
[7.715007] (-) TimerEvent: {}
[7.815332] (-) TimerEvent: {}
[7.915651] (-) TimerEvent: {}
[7.978266] (esdf) StdoutLine: {'line': b'[ 50%] \x1b[32m\x1b[1mLinking CXX static library libesdf_map_lib.a\x1b[0m\n'}
[7.999920] (esdf) StdoutLine: {'line': b'[ 50%] Built target esdf_map_lib\n'}
[8.013206] (esdf) StdoutLine: {'line': b'[ 62%] \x1b[32mBuilding CXX object CMakeFiles/esdf_test.dir/src/test.cpp.o\x1b[0m\n'}
[8.013395] (esdf) StdoutLine: {'line': b'[ 75%] \x1b[32mBuilding CXX object CMakeFiles/esdf_node.dir/src/esdf_node.cpp.o\x1b[0m\n'}
[8.015687] (-) TimerEvent: {}
[8.115869] (-) TimerEvent: {}
[8.200545] (relocation) StderrLine: {'line': b'\x1b[01m\x1b[K/home/zxcx/new_naw/relocation/src/location.cpp:\x1b[m\x1b[K In member function \xe2\x80\x98\x1b[01m\x1b[Kbool relocation::location::SetRoughPoseWithPrePose(const Ptr&, const double&, const double&, const double&, double&, double&, double&)\x1b[m\x1b[K\xe2\x80\x99:\n'}
[8.200742] (relocation) StderrLine: {'line': b'\x1b[01m\x1b[K/home/zxcx/new_naw/relocation/src/location.cpp:104:100:\x1b[m\x1b[K \x1b[01;35m\x1b[Kwarning: \x1b[m\x1b[Kunused parameter \xe2\x80\x98\x1b[01m\x1b[Kpre_yaw\x1b[m\x1b[K\xe2\x80\x99 [\x1b[01;35m\x1b[K\x1b]8;;https://gcc.gnu.org/onlinedocs/gcc/Warning-Options.html#index-Wunused-parameter\x07-Wunused-parameter\x1b]8;;\x07\x1b[m\x1b[K]\n'}
[8.200807] (relocation) StderrLine: {'line': b'  104 |                                            const double& pre_x, const double& pre_y, \x1b[01;35m\x1b[Kconst double& pre_yaw\x1b[m\x1b[K,\n'}
[8.200860] (relocation) StderrLine: {'line': b'      |                                                                                      \x1b[01;35m\x1b[K~~~~~~~~~~~~~~^~~~~~~\x1b[m\x1b[K\n'}
[8.215958] (-) TimerEvent: {}
[8.273930] (planner) StdoutLine: {'line': b'[ 93%] \x1b[32m\x1b[1mLinking CXX executable planner_test\x1b[0m\n'}
[8.316077] (-) TimerEvent: {}
[8.416388] (-) TimerEvent: {}
[8.516702] (-) TimerEvent: {}
[8.570332] (planner) StdoutLine: {'line': b'[ 93%] Built target planner_test\n'}
[8.616772] (-) TimerEvent: {}
[8.716930] (-) TimerEvent: {}
[8.817091] (-) TimerEvent: {}
[8.917279] (-) TimerEvent: {}
[9.017439] (-) TimerEvent: {}
[9.117589] (-) TimerEvent: {}
[9.217987] (-) TimerEvent: {}
[9.318287] (-) TimerEvent: {}
[9.418608] (-) TimerEvent: {}
[9.518926] (-) TimerEvent: {}
[9.619220] (-) TimerEvent: {}
[9.639417] (relocation) StdoutLine: {'line': b'[ 60%] \x1b[32m\x1b[1mLinking CXX shared library librelocation_core.so\x1b[0m\n'}
[9.719313] (-) TimerEvent: {}
[9.819531] (-) TimerEvent: {}
[9.919705] (-) TimerEvent: {}
[9.971180] (livox_ros_driver2) StdoutLine: {'line': b'[100%] \x1b[32m\x1b[1mLinking CXX shared library liblivox_ros_driver2.so\x1b[0m\n'}
[10.019793] (-) TimerEvent: {}
[10.119982] (-) TimerEvent: {}
[10.220167] (-) TimerEvent: {}
[10.258878] (livox_ros_driver2) StdoutLine: {'line': b'[100%] Built target livox_ros_driver2\n'}
[10.268704] (livox_ros_driver2) CommandEnded: {'returncode': 0}
[10.269206] (livox_ros_driver2) JobProgress: {'identifier': 'livox_ros_driver2', 'progress': 'install'}
[10.269914] (livox_ros_driver2) Command: {'cmd': ['/usr/bin/cmake', '--install', '/home/zxcx/new_naw/build/livox_ros_driver2'], 'cwd': '/home/zxcx/new_naw/build/livox_ros_driver2', 'env': OrderedDict([('LESSOPEN', '| /usr/bin/lesspipe %s'), ('LANGUAGE', 'zh_CN:zh:en_US:en'), ('USER', 'zxcx'), ('LC_TIME', 'zh_CN.UTF-8'), ('XDG_SESSION_TYPE', 'x11'), ('SHLVL', '1'), ('LD_LIBRARY_PATH', '/home/zxcx/new_naw/install/livox_ros_driver2/lib:/home/zxcx/new_naw/install/custom_msgs/lib:/usr/lib/x86_64-linux-gnu/gazebo-11/plugins:/opt/ros/humble/opt/rviz_ogre_vendor/lib:/opt/ros/humble/lib/x86_64-linux-gnu:/opt/ros/humble/lib'), ('HOME', '/home/zxcx'), ('OLDPWD', '/home/zxcx'), ('DESKTOP_SESSION', 'ubuntu'), ('ROS_PYTHON_VERSION', '3'), ('GNOME_SHELL_SESSION_MODE', 'ubuntu'), ('GTK_MODULES', 'gail:atk-bridge'), ('LC_MONETARY', 'zh_CN.UTF-8'), ('SYSTEMD_EXEC_PID', '2718'), ('DBUS_SESSION_BUS_ADDRESS', 'unix:path=/run/user/1000/bus'), ('COLORTERM', 'truecolor'), ('IM_CONFIG_PHASE', '1'), ('COLCON_PREFIX_PATH', '/home/zxcx/new_naw/install'), ('ROS_DISTRO', 'humble'), ('GTK_IM_MODULE', 'fcitx'), ('LOGNAME', 'zxcx'), ('_', '/usr/bin/colcon'), ('ROS_VERSION', '2'), ('XDG_SESSION_CLASS', 'user'), ('USERNAME', 'zxcx'), ('TERM', 'xterm-256color'), ('GNOME_DESKTOP_SESSION_ID', 'this-is-deprecated'), ('ROS_LOCALHOST_ONLY', '0'), ('WINDOWPATH', '2'), ('PATH', '/opt/ros/humble/bin:/usr/local/sbin:/usr/local/bin:/usr/sbin:/usr/bin:/sbin:/bin:/usr/games:/usr/local/games:/snap/bin:/snap/bin'), ('SESSION_MANAGER', 'local/zxcx0219:@/tmp/.ICE-unix/2481,unix/zxcx0219:/tmp/.ICE-unix/2481'), ('XDG_MENU_PREFIX', 'gnome-'), ('LC_ADDRESS', 'zh_CN.UTF-8'), ('GNOME_TERMINAL_SCREEN', '/org/gnome/Terminal/screen/bf679257_c193_4163_8cbb_24a3c4f52a94'), ('XDG_RUNTIME_DIR', '/run/user/1000'), ('DISPLAY', ':1'), ('LANG', 'zh_CN.UTF-8'), ('XDG_CURRENT_DESKTOP', 'ubuntu:GNOME'), ('LC_TELEPHONE', 'zh_CN.UTF-8'), ('XMODIFIERS', '@im=fcitx'), ('XDG_SESSION_DESKTOP', 'ubuntu'), ('XAUTHORITY', '/run/user/1000/gdm/Xauthority'), ('LS_COLORS', 'rs=0:di=01;34:ln=01;36:mh=00:pi=40;33:so=01;35:do=01;35:bd=40;33;01:cd=40;33;01:or=40;31;01:mi=00:su=37;41:sg=30;43:ca=30;41:tw=30;42:ow=34;42:st=37;44:ex=01;32:*.tar=01;31:*.tgz=01;31:*.arc=01;31:*.arj=01;31:*.taz=01;31:*.lha=01;31:*.lz4=01;31:*.lzh=01;31:*.lzma=01;31:*.tlz=01;31:*.txz=01;31:*.tzo=01;31:*.t7z=01;31:*.zip=01;31:*.z=01;31:*.dz=01;31:*.gz=01;31:*.lrz=01;31:*.lz=01;31:*.lzo=01;31:*.xz=01;31:*.zst=01;31:*.tzst=01;31:*.bz2=01;31:*.bz=01;31:*.tbz=01;31:*.tbz2=01;31:*.tz=01;31:*.deb=01;31:*.rpm=01;31:*.jar=01;31:*.war=01;31:*.ear=01;31:*.sar=01;31:*.rar=01;31:*.alz=01;31:*.ace=01;31:*.zoo=01;31:*.cpio=01;31:*.7z=01;31:*.rz=01;31:*.cab=01;31:*.wim=01;31:*.swm=01;31:*.dwm=01;31:*.esd=01;31:*.jpg=01;35:*.jpeg=01;35:*.mjpg=01;35:*.mjpeg=01;35:*.gif=01;35:*.bmp=01;35:*.pbm=01;35:*.pgm=01;35:*.ppm=01;35:*.tga=01;35:*.xbm=01;35:*.xpm=01;35:*.tif=01;35:*.tiff=01;35:*.png=01;35:*.svg=01;35:*.svgz=01;35:*.mng=01;35:*.pcx=01;35:*.mov=01;35:*.mpg=01;35:*.mpeg=01;35:*.m2v=01;35:*.mkv=01;35:*.webm=01;35:*.webp=01;35:*.ogm=01;35:*.mp4=01;35:*.m4v=01;35:*.mp4v=01;35:*.vob=01;35:*.qt=01;35:*.nuv=01;35:*.wmv=01;35:*.asf=01;35:*.rm=01;35:*.rmvb=01;35:*.flc=01;35:*.avi=01;35:*.fli=01;35:*.flv=01;35:*.gl=01;35:*.dl=01;35:*.xcf=01;35:*.xwd=01;35:*.yuv=01;35:*.cgm=01;35:*.emf=01;35:*.ogv=01;35:*.ogx=01;35:*.aac=00;36:*.au=00;36:*.flac=00;36:*.m4a=00;36:*.mid=00;36:*.midi=00;36:*.mka=00;36:*.mp3=00;36:*.mpc=00;36:*.ogg=00;36:*.ra=00;36:*.wav=00;36:*.oga=00;36:*.opus=00;36:*.spx=00;36:*.xspf=00;36:'), ('GNOME_TERMINAL_SERVICE', ':1.113'), ('SSH_AGENT_LAUNCHER', 'gnome-keyring'), ('SSH_AUTH_SOCK', '/run/user/1000/keyring/ssh'), ('AMENT_PREFIX_PATH', '/home/zxcx/new_naw/install/livox_ros_driver2:/home/zxcx/new_naw/install/custom_msgs:/home/zxcx/new_naw/install/controller:/opt/ros/humble'), ('SHELL', '/bin/bash'), ('LC_NAME', 'zh_CN.UTF-8'), ('QT_ACCESSIBILITY', '1'), ('GDMSESSION', 'ubuntu'), ('LESSCLOSE', '/usr/bin/lesspipe %s %s'), ('LC_MEASUREMENT', 'zh_CN.UTF-8'), ('GPG_AGENT_INFO', '/run/user/1000/gnupg/S.gpg-agent:0:1'), ('LC_IDENTIFICATION', 'zh_CN.UTF-8'), ('QT_IM_MODULE', 'fcitx'), ('PWD', '/home/zxcx/new_naw/build/livox_ros_driver2'), ('XDG_CONFIG_DIRS', '/etc/xdg/xdg-ubuntu:/etc/xdg'), ('CLUTTER_IM_MODULE', 'fcitx'), ('XDG_DATA_DIRS', '/usr/share/ubuntu:/usr/share/gnome:/usr/local/share/:/usr/share/:/var/lib/snapd/desktop'), ('PYTHONPATH', '/home/zxcx/new_naw/install/livox_ros_driver2/local/lib/python3.10/dist-packages:/home/zxcx/new_naw/install/custom_msgs/local/lib/python3.10/dist-packages:/opt/ros/humble/lib/python3.10/site-packages:/opt/ros/humble/local/lib/python3.10/dist-packages'), ('LC_NUMERIC', 'zh_CN.UTF-8'), ('LC_PAPER', 'zh_CN.UTF-8'), ('COLCON', '1'), ('VTE_VERSION', '6800'), ('CMAKE_PREFIX_PATH', '/home/zxcx/new_naw/install/livox_ros_driver2:/home/zxcx/new_naw/install/custom_msgs:/home/zxcx/new_naw/install/controller:/opt/ros/humble')]), 'shell': False}
[10.275264] (livox_ros_driver2) StdoutLine: {'line': b'-- Install configuration: "Release"\n'}
[10.275413] (livox_ros_driver2) StdoutLine: {'line': b'-- Installing: /home/zxcx/new_naw/install/livox_ros_driver2/share/ament_index/resource_index/rosidl_interfaces/livox_ros_driver2\n'}
[10.275534] (livox_ros_driver2) StdoutLine: {'line': b'-- Installing: /home/zxcx/new_naw/install/livox_ros_driver2/include/livox_ros_driver2/livox_ros_driver2\n'}
[10.275624] (livox_ros_driver2) StdoutLine: {'line': b'-- Installing: /home/zxcx/new_naw/install/livox_ros_driver2/include/livox_ros_driver2/livox_ros_driver2/msg\n'}
[10.275700] (livox_ros_driver2) StdoutLine: {'line': b'-- Installing: /home/zxcx/new_naw/install/livox_ros_driver2/include/livox_ros_driver2/livox_ros_driver2/msg/custom_msg.h\n'}
[10.275791] (livox_ros_driver2) StdoutLine: {'line': b'-- Installing: /home/zxcx/new_naw/install/livox_ros_driver2/include/livox_ros_driver2/livox_ros_driver2/msg/custom_point.h\n'}
[10.275929] (livox_ros_driver2) StdoutLine: {'line': b'-- Installing: /home/zxcx/new_naw/install/livox_ros_driver2/include/livox_ros_driver2/livox_ros_driver2/msg/rosidl_generator_c__visibility_control.h\n'}
[10.276062] (livox_ros_driver2) StdoutLine: {'line': b'-- Installing: /home/zxcx/new_naw/install/livox_ros_driver2/include/livox_ros_driver2/livox_ros_driver2/msg/detail\n'}
[10.276178] (livox_ros_driver2) StdoutLine: {'line': b'-- Installing: /home/zxcx/new_naw/install/livox_ros_driver2/include/livox_ros_driver2/livox_ros_driver2/msg/detail/custom_msg__type_support.h\n'}
[10.276251] (livox_ros_driver2) StdoutLine: {'line': b'-- Installing: /home/zxcx/new_naw/install/livox_ros_driver2/include/livox_ros_driver2/livox_ros_driver2/msg/detail/custom_point__functions.c\n'}
[10.276311] (livox_ros_driver2) StdoutLine: {'line': b'-- Installing: /home/zxcx/new_naw/install/livox_ros_driver2/include/livox_ros_driver2/livox_ros_driver2/msg/detail/custom_point__type_support.h\n'}
[10.276385] (livox_ros_driver2) StdoutLine: {'line': b'-- Installing: /home/zxcx/new_naw/install/livox_ros_driver2/include/livox_ros_driver2/livox_ros_driver2/msg/detail/custom_msg__struct.h\n'}
[10.276451] (livox_ros_driver2) StdoutLine: {'line': b'-- Installing: /home/zxcx/new_naw/install/livox_ros_driver2/include/livox_ros_driver2/livox_ros_driver2/msg/detail/custom_msg__functions.h\n'}
[10.276536] (livox_ros_driver2) StdoutLine: {'line': b'-- Installing: /home/zxcx/new_naw/install/livox_ros_driver2/include/livox_ros_driver2/livox_ros_driver2/msg/detail/custom_point__functions.h\n'}
[10.276617] (livox_ros_driver2) StdoutLine: {'line': b'-- Installing: /home/zxcx/new_naw/install/livox_ros_driver2/include/livox_ros_driver2/livox_ros_driver2/msg/detail/custom_point__struct.h\n'}
[10.276706] (livox_ros_driver2) StdoutLine: {'line': b'-- Installing: /home/zxcx/new_naw/install/livox_ros_driver2/include/livox_ros_driver2/livox_ros_driver2/msg/detail/custom_msg__functions.c\n'}
[10.276882] (livox_ros_driver2) StdoutLine: {'line': b'-- Installing: /home/zxcx/new_naw/install/livox_ros_driver2/share/livox_ros_driver2/environment/library_path.sh\n'}
[10.276982] (livox_ros_driver2) StdoutLine: {'line': b'-- Installing: /home/zxcx/new_naw/install/livox_ros_driver2/share/livox_ros_driver2/environment/library_path.dsv\n'}
[10.277109] (livox_ros_driver2) StdoutLine: {'line': b'-- Installing: /home/zxcx/new_naw/install/livox_ros_driver2/lib/liblivox_ros_driver2__rosidl_generator_c.so\n'}
[10.277433] (livox_ros_driver2) StdoutLine: {'line': b'-- Set runtime path of "/home/zxcx/new_naw/install/livox_ros_driver2/lib/liblivox_ros_driver2__rosidl_generator_c.so" to ""\n'}
[10.277496] (livox_ros_driver2) StdoutLine: {'line': b'-- Up-to-date: /home/zxcx/new_naw/install/livox_ros_driver2/include/livox_ros_driver2/livox_ros_driver2\n'}
[10.277531] (livox_ros_driver2) StdoutLine: {'line': b'-- Up-to-date: /home/zxcx/new_naw/install/livox_ros_driver2/include/livox_ros_driver2/livox_ros_driver2/msg\n'}
[10.277587] (livox_ros_driver2) StdoutLine: {'line': b'-- Installing: /home/zxcx/new_naw/install/livox_ros_driver2/include/livox_ros_driver2/livox_ros_driver2/msg/rosidl_typesupport_fastrtps_c__visibility_control.h\n'}
[10.277626] (livox_ros_driver2) StdoutLine: {'line': b'-- Up-to-date: /home/zxcx/new_naw/install/livox_ros_driver2/include/livox_ros_driver2/livox_ros_driver2/msg/detail\n'}
[10.277674] (livox_ros_driver2) StdoutLine: {'line': b'-- Installing: /home/zxcx/new_naw/install/livox_ros_driver2/include/livox_ros_driver2/livox_ros_driver2/msg/detail/custom_msg__rosidl_typesupport_fastrtps_c.h\n'}
[10.277720] (livox_ros_driver2) StdoutLine: {'line': b'-- Installing: /home/zxcx/new_naw/install/livox_ros_driver2/include/livox_ros_driver2/livox_ros_driver2/msg/detail/custom_point__rosidl_typesupport_fastrtps_c.h\n'}
[10.277830] (livox_ros_driver2) StdoutLine: {'line': b'-- Installing: /home/zxcx/new_naw/install/livox_ros_driver2/lib/liblivox_ros_driver2__rosidl_typesupport_fastrtps_c.so\n'}
[10.278135] (livox_ros_driver2) StdoutLine: {'line': b'-- Set runtime path of "/home/zxcx/new_naw/install/livox_ros_driver2/lib/liblivox_ros_driver2__rosidl_typesupport_fastrtps_c.so" to ""\n'}
[10.278189] (livox_ros_driver2) StdoutLine: {'line': b'-- Up-to-date: /home/zxcx/new_naw/install/livox_ros_driver2/include/livox_ros_driver2/livox_ros_driver2\n'}
[10.278218] (livox_ros_driver2) StdoutLine: {'line': b'-- Up-to-date: /home/zxcx/new_naw/install/livox_ros_driver2/include/livox_ros_driver2/livox_ros_driver2/msg\n'}
[10.278256] (livox_ros_driver2) StdoutLine: {'line': b'-- Installing: /home/zxcx/new_naw/install/livox_ros_driver2/include/livox_ros_driver2/livox_ros_driver2/msg/rosidl_typesupport_introspection_c__visibility_control.h\n'}
[10.278300] (livox_ros_driver2) StdoutLine: {'line': b'-- Up-to-date: /home/zxcx/new_naw/install/livox_ros_driver2/include/livox_ros_driver2/livox_ros_driver2/msg/detail\n'}
[10.278348] (livox_ros_driver2) StdoutLine: {'line': b'-- Installing: /home/zxcx/new_naw/install/livox_ros_driver2/include/livox_ros_driver2/livox_ros_driver2/msg/detail/custom_point__rosidl_typesupport_introspection_c.h\n'}
[10.278413] (livox_ros_driver2) StdoutLine: {'line': b'-- Installing: /home/zxcx/new_naw/install/livox_ros_driver2/include/livox_ros_driver2/livox_ros_driver2/msg/detail/custom_msg__type_support.c\n'}
[10.278506] (livox_ros_driver2) StdoutLine: {'line': b'-- Installing: /home/zxcx/new_naw/install/livox_ros_driver2/include/livox_ros_driver2/livox_ros_driver2/msg/detail/custom_point__type_support.c\n'}
[10.278585] (livox_ros_driver2) StdoutLine: {'line': b'-- Installing: /home/zxcx/new_naw/install/livox_ros_driver2/include/livox_ros_driver2/livox_ros_driver2/msg/detail/custom_msg__rosidl_typesupport_introspection_c.h\n'}
[10.278699] (livox_ros_driver2) StdoutLine: {'line': b'-- Installing: /home/zxcx/new_naw/install/livox_ros_driver2/lib/liblivox_ros_driver2__rosidl_typesupport_introspection_c.so\n'}
[10.278994] (livox_ros_driver2) StdoutLine: {'line': b'-- Set runtime path of "/home/zxcx/new_naw/install/livox_ros_driver2/lib/liblivox_ros_driver2__rosidl_typesupport_introspection_c.so" to ""\n'}
[10.279033] (livox_ros_driver2) StdoutLine: {'line': b'-- Installing: /home/zxcx/new_naw/install/livox_ros_driver2/lib/liblivox_ros_driver2__rosidl_typesupport_c.so\n'}
[10.279295] (livox_ros_driver2) StdoutLine: {'line': b'-- Set runtime path of "/home/zxcx/new_naw/install/livox_ros_driver2/lib/liblivox_ros_driver2__rosidl_typesupport_c.so" to ""\n'}
[10.279346] (livox_ros_driver2) StdoutLine: {'line': b'-- Up-to-date: /home/zxcx/new_naw/install/livox_ros_driver2/include/livox_ros_driver2/livox_ros_driver2\n'}
[10.279376] (livox_ros_driver2) StdoutLine: {'line': b'-- Up-to-date: /home/zxcx/new_naw/install/livox_ros_driver2/include/livox_ros_driver2/livox_ros_driver2/msg\n'}
[10.279428] (livox_ros_driver2) StdoutLine: {'line': b'-- Installing: /home/zxcx/new_naw/install/livox_ros_driver2/include/livox_ros_driver2/livox_ros_driver2/msg/rosidl_generator_cpp__visibility_control.hpp\n'}
[10.279489] (livox_ros_driver2) StdoutLine: {'line': b'-- Installing: /home/zxcx/new_naw/install/livox_ros_driver2/include/livox_ros_driver2/livox_ros_driver2/msg/custom_msg.hpp\n'}
[10.279542] (livox_ros_driver2) StdoutLine: {'line': b'-- Installing: /home/zxcx/new_naw/install/livox_ros_driver2/include/livox_ros_driver2/livox_ros_driver2/msg/custom_point.hpp\n'}
[10.279613] (livox_ros_driver2) StdoutLine: {'line': b'-- Up-to-date: /home/zxcx/new_naw/install/livox_ros_driver2/include/livox_ros_driver2/livox_ros_driver2/msg/detail\n'}
[10.279669] (livox_ros_driver2) StdoutLine: {'line': b'-- Installing: /home/zxcx/new_naw/install/livox_ros_driver2/include/livox_ros_driver2/livox_ros_driver2/msg/detail/custom_point__struct.hpp\n'}
[10.279904] (livox_ros_driver2) StdoutLine: {'line': b'-- Installing: /home/zxcx/new_naw/install/livox_ros_driver2/include/livox_ros_driver2/livox_ros_driver2/msg/detail/custom_msg__type_support.hpp\n'}
[10.279991] (livox_ros_driver2) StdoutLine: {'line': b'-- Installing: /home/zxcx/new_naw/install/livox_ros_driver2/include/livox_ros_driver2/livox_ros_driver2/msg/detail/custom_msg__builder.hpp\n'}
[10.280066] (livox_ros_driver2) StdoutLine: {'line': b'-- Installing: /home/zxcx/new_naw/install/livox_ros_driver2/include/livox_ros_driver2/livox_ros_driver2/msg/detail/custom_msg__traits.hpp\n'}
[10.280157] (livox_ros_driver2) StdoutLine: {'line': b'-- Installing: /home/zxcx/new_naw/install/livox_ros_driver2/include/livox_ros_driver2/livox_ros_driver2/msg/detail/custom_point__builder.hpp\n'}
[10.280228] (livox_ros_driver2) StdoutLine: {'line': b'-- Installing: /home/zxcx/new_naw/install/livox_ros_driver2/include/livox_ros_driver2/livox_ros_driver2/msg/detail/custom_point__type_support.hpp\n'}
[10.280307] (livox_ros_driver2) StdoutLine: {'line': b'-- Installing: /home/zxcx/new_naw/install/livox_ros_driver2/include/livox_ros_driver2/livox_ros_driver2/msg/detail/custom_point__traits.hpp\n'}
[10.280389] (livox_ros_driver2) StdoutLine: {'line': b'-- Installing: /home/zxcx/new_naw/install/livox_ros_driver2/include/livox_ros_driver2/livox_ros_driver2/msg/detail/custom_msg__struct.hpp\n'}
[10.280488] (livox_ros_driver2) StdoutLine: {'line': b'-- Up-to-date: /home/zxcx/new_naw/install/livox_ros_driver2/include/livox_ros_driver2/livox_ros_driver2\n'}
[10.280526] (livox_ros_driver2) StdoutLine: {'line': b'-- Up-to-date: /home/zxcx/new_naw/install/livox_ros_driver2/include/livox_ros_driver2/livox_ros_driver2/msg\n'}
[10.280561] (livox_ros_driver2) StdoutLine: {'line': b'-- Installing: /home/zxcx/new_naw/install/livox_ros_driver2/include/livox_ros_driver2/livox_ros_driver2/msg/rosidl_typesupport_fastrtps_cpp__visibility_control.h\n'}
[10.280617] (livox_ros_driver2) StdoutLine: {'line': b'-- Up-to-date: /home/zxcx/new_naw/install/livox_ros_driver2/include/livox_ros_driver2/livox_ros_driver2/msg/detail\n'}
[10.280671] (livox_ros_driver2) StdoutLine: {'line': b'-- Installing: /home/zxcx/new_naw/install/livox_ros_driver2/include/livox_ros_driver2/livox_ros_driver2/msg/detail/custom_point__rosidl_typesupport_fastrtps_cpp.hpp\n'}
[10.280735] (livox_ros_driver2) StdoutLine: {'line': b'-- Installing: /home/zxcx/new_naw/install/livox_ros_driver2/include/livox_ros_driver2/livox_ros_driver2/msg/detail/dds_fastrtps\n'}
[10.280794] (livox_ros_driver2) StdoutLine: {'line': b'-- Installing: /home/zxcx/new_naw/install/livox_ros_driver2/include/livox_ros_driver2/livox_ros_driver2/msg/detail/custom_msg__rosidl_typesupport_fastrtps_cpp.hpp\n'}
[10.280903] (livox_ros_driver2) StdoutLine: {'line': b'-- Installing: /home/zxcx/new_naw/install/livox_ros_driver2/lib/liblivox_ros_driver2__rosidl_typesupport_fastrtps_cpp.so\n'}
[10.281204] (livox_ros_driver2) StdoutLine: {'line': b'-- Set runtime path of "/home/zxcx/new_naw/install/livox_ros_driver2/lib/liblivox_ros_driver2__rosidl_typesupport_fastrtps_cpp.so" to ""\n'}
[10.281240] (livox_ros_driver2) StdoutLine: {'line': b'-- Up-to-date: /home/zxcx/new_naw/install/livox_ros_driver2/include/livox_ros_driver2/livox_ros_driver2\n'}
[10.281289] (livox_ros_driver2) StdoutLine: {'line': b'-- Up-to-date: /home/zxcx/new_naw/install/livox_ros_driver2/include/livox_ros_driver2/livox_ros_driver2/msg\n'}
[10.281317] (livox_ros_driver2) StdoutLine: {'line': b'-- Up-to-date: /home/zxcx/new_naw/install/livox_ros_driver2/include/livox_ros_driver2/livox_ros_driver2/msg/detail\n'}
[10.281365] (livox_ros_driver2) StdoutLine: {'line': b'-- Installing: /home/zxcx/new_naw/install/livox_ros_driver2/include/livox_ros_driver2/livox_ros_driver2/msg/detail/custom_point__type_support.cpp\n'}
[10.281403] (livox_ros_driver2) StdoutLine: {'line': b'-- Installing: /home/zxcx/new_naw/install/livox_ros_driver2/include/livox_ros_driver2/livox_ros_driver2/msg/detail/custom_msg__rosidl_typesupport_introspection_cpp.hpp\n'}
[10.281495] (livox_ros_driver2) StdoutLine: {'line': b'-- Installing: /home/zxcx/new_naw/install/livox_ros_driver2/include/livox_ros_driver2/livox_ros_driver2/msg/detail/custom_point__rosidl_typesupport_introspection_cpp.hpp\n'}
[10.281570] (livox_ros_driver2) StdoutLine: {'line': b'-- Installing: /home/zxcx/new_naw/install/livox_ros_driver2/include/livox_ros_driver2/livox_ros_driver2/msg/detail/custom_msg__type_support.cpp\n'}
[10.281698] (livox_ros_driver2) StdoutLine: {'line': b'-- Installing: /home/zxcx/new_naw/install/livox_ros_driver2/lib/liblivox_ros_driver2__rosidl_typesupport_introspection_cpp.so\n'}
[10.282017] (livox_ros_driver2) StdoutLine: {'line': b'-- Set runtime path of "/home/zxcx/new_naw/install/livox_ros_driver2/lib/liblivox_ros_driver2__rosidl_typesupport_introspection_cpp.so" to ""\n'}
[10.282070] (livox_ros_driver2) StdoutLine: {'line': b'-- Installing: /home/zxcx/new_naw/install/livox_ros_driver2/lib/liblivox_ros_driver2__rosidl_typesupport_cpp.so\n'}
[10.282323] (livox_ros_driver2) StdoutLine: {'line': b'-- Set runtime path of "/home/zxcx/new_naw/install/livox_ros_driver2/lib/liblivox_ros_driver2__rosidl_typesupport_cpp.so" to ""\n'}
[10.282373] (livox_ros_driver2) StdoutLine: {'line': b'-- Installing: /home/zxcx/new_naw/install/livox_ros_driver2/share/livox_ros_driver2/environment/pythonpath.sh\n'}
[10.282451] (livox_ros_driver2) StdoutLine: {'line': b'-- Installing: /home/zxcx/new_naw/install/livox_ros_driver2/share/livox_ros_driver2/environment/pythonpath.dsv\n'}
[10.282537] (livox_ros_driver2) StdoutLine: {'line': b'-- Installing: /home/zxcx/new_naw/install/livox_ros_driver2/local/lib/python3.10/dist-packages/livox_ros_driver2-1.1.0-py3.10.egg-info\n'}
[10.282659] (livox_ros_driver2) StdoutLine: {'line': b'-- Installing: /home/zxcx/new_naw/install/livox_ros_driver2/local/lib/python3.10/dist-packages/livox_ros_driver2-1.1.0-py3.10.egg-info/SOURCES.txt\n'}
[10.282761] (livox_ros_driver2) StdoutLine: {'line': b'-- Installing: /home/zxcx/new_naw/install/livox_ros_driver2/local/lib/python3.10/dist-packages/livox_ros_driver2-1.1.0-py3.10.egg-info/dependency_links.txt\n'}
[10.282847] (livox_ros_driver2) StdoutLine: {'line': b'-- Installing: /home/zxcx/new_naw/install/livox_ros_driver2/local/lib/python3.10/dist-packages/livox_ros_driver2-1.1.0-py3.10.egg-info/top_level.txt\n'}
[10.282939] (livox_ros_driver2) StdoutLine: {'line': b'-- Installing: /home/zxcx/new_naw/install/livox_ros_driver2/local/lib/python3.10/dist-packages/livox_ros_driver2-1.1.0-py3.10.egg-info/PKG-INFO\n'}
[10.283039] (livox_ros_driver2) StdoutLine: {'line': b'-- Installing: /home/zxcx/new_naw/install/livox_ros_driver2/local/lib/python3.10/dist-packages/livox_ros_driver2\n'}
[10.283101] (livox_ros_driver2) StdoutLine: {'line': b'-- Installing: /home/zxcx/new_naw/install/livox_ros_driver2/local/lib/python3.10/dist-packages/livox_ros_driver2/__init__.py\n'}
[10.283184] (livox_ros_driver2) StdoutLine: {'line': b'-- Installing: /home/zxcx/new_naw/install/livox_ros_driver2/local/lib/python3.10/dist-packages/livox_ros_driver2/livox_ros_driver2_s__rosidl_typesupport_c.cpython-310-x86_64-linux-gnu.so\n'}
[10.283292] (livox_ros_driver2) StdoutLine: {'line': b'-- Installing: /home/zxcx/new_naw/install/livox_ros_driver2/local/lib/python3.10/dist-packages/livox_ros_driver2/_livox_ros_driver2_s.ep.rosidl_typesupport_fastrtps_c.c\n'}
[10.283388] (livox_ros_driver2) StdoutLine: {'line': b'-- Installing: /home/zxcx/new_naw/install/livox_ros_driver2/local/lib/python3.10/dist-packages/livox_ros_driver2/_livox_ros_driver2_s.ep.rosidl_typesupport_c.c\n'}
[10.283488] (livox_ros_driver2) StdoutLine: {'line': b'-- Installing: /home/zxcx/new_naw/install/livox_ros_driver2/local/lib/python3.10/dist-packages/livox_ros_driver2/livox_ros_driver2_s__rosidl_typesupport_fastrtps_c.cpython-310-x86_64-linux-gnu.so\n'}
[10.283593] (livox_ros_driver2) StdoutLine: {'line': b'-- Installing: /home/zxcx/new_naw/install/livox_ros_driver2/local/lib/python3.10/dist-packages/livox_ros_driver2/liblivox_interfaces2__rosidl_generator_py.so\n'}
[10.283715] (livox_ros_driver2) StdoutLine: {'line': b'-- Installing: /home/zxcx/new_naw/install/livox_ros_driver2/local/lib/python3.10/dist-packages/livox_ros_driver2/_livox_ros_driver2_s.ep.rosidl_typesupport_introspection_c.c\n'}
[10.283814] (livox_ros_driver2) StdoutLine: {'line': b'-- Installing: /home/zxcx/new_naw/install/livox_ros_driver2/local/lib/python3.10/dist-packages/livox_ros_driver2/msg\n'}
[10.283872] (livox_ros_driver2) StdoutLine: {'line': b'-- Installing: /home/zxcx/new_naw/install/livox_ros_driver2/local/lib/python3.10/dist-packages/livox_ros_driver2/msg/__init__.py\n'}
[10.283976] (livox_ros_driver2) StdoutLine: {'line': b'-- Installing: /home/zxcx/new_naw/install/livox_ros_driver2/local/lib/python3.10/dist-packages/livox_ros_driver2/msg/_custom_msg.py\n'}
[10.284067] (livox_ros_driver2) StdoutLine: {'line': b'-- Installing: /home/zxcx/new_naw/install/livox_ros_driver2/local/lib/python3.10/dist-packages/livox_ros_driver2/msg/_custom_point_s.c\n'}
[10.284155] (livox_ros_driver2) StdoutLine: {'line': b'-- Installing: /home/zxcx/new_naw/install/livox_ros_driver2/local/lib/python3.10/dist-packages/livox_ros_driver2/msg/_custom_point.py\n'}
[10.284252] (livox_ros_driver2) StdoutLine: {'line': b'-- Installing: /home/zxcx/new_naw/install/livox_ros_driver2/local/lib/python3.10/dist-packages/livox_ros_driver2/msg/_custom_msg_s.c\n'}
[10.284351] (livox_ros_driver2) StdoutLine: {'line': b'-- Installing: /home/zxcx/new_naw/install/livox_ros_driver2/local/lib/python3.10/dist-packages/livox_ros_driver2/livox_ros_driver2_s__rosidl_typesupport_introspection_c.cpython-310-x86_64-linux-gnu.so\n'}
[10.305887] (livox_ros_driver2) StdoutLine: {'line': b"Listing '/home/zxcx/new_naw/install/livox_ros_driver2/local/lib/python3.10/dist-packages/livox_ros_driver2'...\n"}
[10.305965] (livox_ros_driver2) StdoutLine: {'line': b"Compiling '/home/zxcx/new_naw/install/livox_ros_driver2/local/lib/python3.10/dist-packages/livox_ros_driver2/__init__.py'...\n"}
[10.306009] (livox_ros_driver2) StdoutLine: {'line': b"Listing '/home/zxcx/new_naw/install/livox_ros_driver2/local/lib/python3.10/dist-packages/livox_ros_driver2/msg'...\n"}
[10.306042] (livox_ros_driver2) StdoutLine: {'line': b"Compiling '/home/zxcx/new_naw/install/livox_ros_driver2/local/lib/python3.10/dist-packages/livox_ros_driver2/msg/__init__.py'...\n"}
[10.306073] (livox_ros_driver2) StdoutLine: {'line': b"Compiling '/home/zxcx/new_naw/install/livox_ros_driver2/local/lib/python3.10/dist-packages/livox_ros_driver2/msg/_custom_msg.py'...\n"}
[10.306104] (livox_ros_driver2) StdoutLine: {'line': b"Compiling '/home/zxcx/new_naw/install/livox_ros_driver2/local/lib/python3.10/dist-packages/livox_ros_driver2/msg/_custom_point.py'...\n"}
[10.309377] (livox_ros_driver2) StdoutLine: {'line': b'-- Installing: /home/zxcx/new_naw/install/livox_ros_driver2/local/lib/python3.10/dist-packages/livox_ros_driver2/livox_ros_driver2_s__rosidl_typesupport_fastrtps_c.cpython-310-x86_64-linux-gnu.so\n'}
[10.309911] (livox_ros_driver2) StdoutLine: {'line': b'-- Set runtime path of "/home/zxcx/new_naw/install/livox_ros_driver2/local/lib/python3.10/dist-packages/livox_ros_driver2/livox_ros_driver2_s__rosidl_typesupport_fastrtps_c.cpython-310-x86_64-linux-gnu.so" to ""\n'}
[10.310119] (livox_ros_driver2) StdoutLine: {'line': b'-- Installing: /home/zxcx/new_naw/install/livox_ros_driver2/local/lib/python3.10/dist-packages/livox_ros_driver2/livox_ros_driver2_s__rosidl_typesupport_introspection_c.cpython-310-x86_64-linux-gnu.so\n'}
[10.310442] (livox_ros_driver2) StdoutLine: {'line': b'-- Set runtime path of "/home/zxcx/new_naw/install/livox_ros_driver2/local/lib/python3.10/dist-packages/livox_ros_driver2/livox_ros_driver2_s__rosidl_typesupport_introspection_c.cpython-310-x86_64-linux-gnu.so" to ""\n'}
[10.310608] (livox_ros_driver2) StdoutLine: {'line': b'-- Installing: /home/zxcx/new_naw/install/livox_ros_driver2/local/lib/python3.10/dist-packages/livox_ros_driver2/livox_ros_driver2_s__rosidl_typesupport_c.cpython-310-x86_64-linux-gnu.so\n'}
[10.310938] (livox_ros_driver2) StdoutLine: {'line': b'-- Set runtime path of "/home/zxcx/new_naw/install/livox_ros_driver2/local/lib/python3.10/dist-packages/livox_ros_driver2/livox_ros_driver2_s__rosidl_typesupport_c.cpython-310-x86_64-linux-gnu.so" to ""\n'}
[10.310997] (livox_ros_driver2) StdoutLine: {'line': b'-- Installing: /home/zxcx/new_naw/install/livox_ros_driver2/lib/liblivox_interfaces2__rosidl_generator_py.so\n'}
[10.311305] (livox_ros_driver2) StdoutLine: {'line': b'-- Set runtime path of "/home/zxcx/new_naw/install/livox_ros_driver2/lib/liblivox_interfaces2__rosidl_generator_py.so" to ""\n'}
[10.311460] (livox_ros_driver2) StdoutLine: {'line': b'-- Installing: /home/zxcx/new_naw/install/livox_ros_driver2/share/ament_index/resource_index/rust_packages/livox_ros_driver2\n'}
[10.311545] (livox_ros_driver2) StdoutLine: {'line': b'-- Installing: /home/zxcx/new_naw/install/livox_ros_driver2/share/livox_ros_driver2/rust\n'}
[10.311595] (livox_ros_driver2) StdoutLine: {'line': b'-- Installing: /home/zxcx/new_naw/install/livox_ros_driver2/share/livox_ros_driver2/rust/src\n'}
[10.311644] (livox_ros_driver2) StdoutLine: {'line': b'-- Installing: /home/zxcx/new_naw/install/livox_ros_driver2/share/livox_ros_driver2/rust/src/lib.rs\n'}
[10.311735] (livox_ros_driver2) StdoutLine: {'line': b'-- Installing: /home/zxcx/new_naw/install/livox_ros_driver2/share/livox_ros_driver2/rust/src/msg\n'}
[10.311784] (livox_ros_driver2) StdoutLine: {'line': b'-- Installing: /home/zxcx/new_naw/install/livox_ros_driver2/share/livox_ros_driver2/rust/src/msg/rmw.rs\n'}
[10.311880] (livox_ros_driver2) StdoutLine: {'line': b'-- Installing: /home/zxcx/new_naw/install/livox_ros_driver2/share/livox_ros_driver2/rust/src/msg.rs\n'}
[10.311952] (livox_ros_driver2) StdoutLine: {'line': b'-- Installing: /home/zxcx/new_naw/install/livox_ros_driver2/share/livox_ros_driver2/rust/build.rs\n'}
[10.312030] (livox_ros_driver2) StdoutLine: {'line': b'-- Installing: /home/zxcx/new_naw/install/livox_ros_driver2/share/livox_ros_driver2/rust/Cargo.toml\n'}
[10.312165] (livox_ros_driver2) StdoutLine: {'line': b'-- Installing: /home/zxcx/new_naw/install/livox_ros_driver2/share/livox_ros_driver2/msg/CustomPoint.idl\n'}
[10.312262] (livox_ros_driver2) StdoutLine: {'line': b'-- Installing: /home/zxcx/new_naw/install/livox_ros_driver2/share/livox_ros_driver2/msg/CustomMsg.idl\n'}
[10.312343] (livox_ros_driver2) StdoutLine: {'line': b'-- Installing: /home/zxcx/new_naw/install/livox_ros_driver2/share/livox_ros_driver2/msg/CustomPoint.msg\n'}
[10.312437] (livox_ros_driver2) StdoutLine: {'line': b'-- Installing: /home/zxcx/new_naw/install/livox_ros_driver2/share/livox_ros_driver2/msg/CustomMsg.msg\n'}
[10.312564] (livox_ros_driver2) StdoutLine: {'line': b'-- Installing: /home/zxcx/new_naw/install/livox_ros_driver2/lib/livox_ros_driver2/livox_ros_driver2_node\n'}
[10.313027] (livox_ros_driver2) StdoutLine: {'line': b'-- Set runtime path of "/home/zxcx/new_naw/install/livox_ros_driver2/lib/livox_ros_driver2/livox_ros_driver2_node" to ""\n'}
[10.313078] (livox_ros_driver2) StdoutLine: {'line': b'-- Installing: /home/zxcx/new_naw/install/livox_ros_driver2/lib/liblivox_ros_driver2.so\n'}
[10.314389] (livox_ros_driver2) StdoutLine: {'line': b'-- Set runtime path of "/home/zxcx/new_naw/install/livox_ros_driver2/lib/liblivox_ros_driver2.so" to ""\n'}
[10.314431] (livox_ros_driver2) StdoutLine: {'line': b'-- Installing: /home/zxcx/new_naw/install/livox_ros_driver2/share/livox_ros_driver2/config\n'}
[10.314479] (livox_ros_driver2) StdoutLine: {'line': b'-- Installing: /home/zxcx/new_naw/install/livox_ros_driver2/share/livox_ros_driver2/config/HAP_config.json\n'}
[10.314561] (livox_ros_driver2) StdoutLine: {'line': b'-- Installing: /home/zxcx/new_naw/install/livox_ros_driver2/share/livox_ros_driver2/config/mixed_HAP_MID360_config.json\n'}
[10.314637] (livox_ros_driver2) StdoutLine: {'line': b'-- Installing: /home/zxcx/new_naw/install/livox_ros_driver2/share/livox_ros_driver2/config/display_point_cloud.rviz\n'}
[10.314726] (livox_ros_driver2) StdoutLine: {'line': b'-- Installing: /home/zxcx/new_naw/install/livox_ros_driver2/share/livox_ros_driver2/config/MID360_config.json\n'}
[10.314805] (livox_ros_driver2) StdoutLine: {'line': b'-- Installing: /home/zxcx/new_naw/install/livox_ros_driver2/share/livox_ros_driver2/launch\n'}
[10.314856] (livox_ros_driver2) StdoutLine: {'line': b'-- Installing: /home/zxcx/new_naw/install/livox_ros_driver2/share/livox_ros_driver2/launch/msg_MID360_launch.py\n'}
[10.314934] (livox_ros_driver2) StdoutLine: {'line': b'-- Installing: /home/zxcx/new_naw/install/livox_ros_driver2/share/livox_ros_driver2/launch/msg_HAP_launch.py\n'}
[10.315010] (livox_ros_driver2) StdoutLine: {'line': b'-- Installing: /home/zxcx/new_naw/install/livox_ros_driver2/share/livox_ros_driver2/launch/rviz_mixed.py\n'}
[10.315085] (livox_ros_driver2) StdoutLine: {'line': b'-- Installing: /home/zxcx/new_naw/install/livox_ros_driver2/share/livox_ros_driver2/launch/rviz_MID360_launch.py\n'}
[10.315158] (livox_ros_driver2) StdoutLine: {'line': b'-- Installing: /home/zxcx/new_naw/install/livox_ros_driver2/share/livox_ros_driver2/launch/rviz_HAP_launch.py\n'}
[10.315287] (livox_ros_driver2) StdoutLine: {'line': b'-- Installing: /home/zxcx/new_naw/install/livox_ros_driver2/share/ament_index/resource_index/package_run_dependencies/livox_ros_driver2\n'}
[10.315417] (livox_ros_driver2) StdoutLine: {'line': b'-- Installing: /home/zxcx/new_naw/install/livox_ros_driver2/share/ament_index/resource_index/parent_prefix_path/livox_ros_driver2\n'}
[10.315522] (livox_ros_driver2) StdoutLine: {'line': b'-- Installing: /home/zxcx/new_naw/install/livox_ros_driver2/share/livox_ros_driver2/environment/ament_prefix_path.sh\n'}
[10.315619] (livox_ros_driver2) StdoutLine: {'line': b'-- Installing: /home/zxcx/new_naw/install/livox_ros_driver2/share/livox_ros_driver2/environment/ament_prefix_path.dsv\n'}
[10.315719] (livox_ros_driver2) StdoutLine: {'line': b'-- Installing: /home/zxcx/new_naw/install/livox_ros_driver2/share/livox_ros_driver2/environment/path.sh\n'}
[10.315817] (livox_ros_driver2) StdoutLine: {'line': b'-- Installing: /home/zxcx/new_naw/install/livox_ros_driver2/share/livox_ros_driver2/environment/path.dsv\n'}
[10.315914] (livox_ros_driver2) StdoutLine: {'line': b'-- Installing: /home/zxcx/new_naw/install/livox_ros_driver2/share/livox_ros_driver2/local_setup.bash\n'}
[10.316000] (livox_ros_driver2) StdoutLine: {'line': b'-- Installing: /home/zxcx/new_naw/install/livox_ros_driver2/share/livox_ros_driver2/local_setup.sh\n'}
[10.316092] (livox_ros_driver2) StdoutLine: {'line': b'-- Installing: /home/zxcx/new_naw/install/livox_ros_driver2/share/livox_ros_driver2/local_setup.zsh\n'}
[10.316177] (livox_ros_driver2) StdoutLine: {'line': b'-- Installing: /home/zxcx/new_naw/install/livox_ros_driver2/share/livox_ros_driver2/local_setup.dsv\n'}
[10.316261] (livox_ros_driver2) StdoutLine: {'line': b'-- Installing: /home/zxcx/new_naw/install/livox_ros_driver2/share/livox_ros_driver2/package.dsv\n'}
[10.316383] (livox_ros_driver2) StdoutLine: {'line': b'-- Installing: /home/zxcx/new_naw/install/livox_ros_driver2/share/ament_index/resource_index/packages/livox_ros_driver2\n'}
[10.316501] (livox_ros_driver2) StdoutLine: {'line': b'-- Installing: /home/zxcx/new_naw/install/livox_ros_driver2/share/ament_index/resource_index/rclcpp_components/livox_ros_driver2\n'}
[10.316633] (livox_ros_driver2) StdoutLine: {'line': b'-- Installing: /home/zxcx/new_naw/install/livox_ros_driver2/share/livox_ros_driver2/cmake/export_livox_interfaces2__rosidl_generator_cExport.cmake\n'}
[10.316749] (livox_ros_driver2) StdoutLine: {'line': b'-- Installing: /home/zxcx/new_naw/install/livox_ros_driver2/share/livox_ros_driver2/cmake/export_livox_interfaces2__rosidl_generator_cExport-release.cmake\n'}
[10.316856] (livox_ros_driver2) StdoutLine: {'line': b'-- Installing: /home/zxcx/new_naw/install/livox_ros_driver2/share/livox_ros_driver2/cmake/export_livox_interfaces2__rosidl_typesupport_fastrtps_cExport.cmake\n'}
[10.316963] (livox_ros_driver2) StdoutLine: {'line': b'-- Installing: /home/zxcx/new_naw/install/livox_ros_driver2/share/livox_ros_driver2/cmake/export_livox_interfaces2__rosidl_typesupport_fastrtps_cExport-release.cmake\n'}
[10.317046] (livox_ros_driver2) StdoutLine: {'line': b'-- Installing: /home/zxcx/new_naw/install/livox_ros_driver2/share/livox_ros_driver2/cmake/livox_interfaces2__rosidl_typesupport_introspection_cExport.cmake\n'}
[10.317148] (livox_ros_driver2) StdoutLine: {'line': b'-- Installing: /home/zxcx/new_naw/install/livox_ros_driver2/share/livox_ros_driver2/cmake/livox_interfaces2__rosidl_typesupport_introspection_cExport-release.cmake\n'}
[10.317247] (livox_ros_driver2) StdoutLine: {'line': b'-- Installing: /home/zxcx/new_naw/install/livox_ros_driver2/share/livox_ros_driver2/cmake/livox_interfaces2__rosidl_typesupport_cExport.cmake\n'}
[10.317344] (livox_ros_driver2) StdoutLine: {'line': b'-- Installing: /home/zxcx/new_naw/install/livox_ros_driver2/share/livox_ros_driver2/cmake/livox_interfaces2__rosidl_typesupport_cExport-release.cmake\n'}
[10.317449] (livox_ros_driver2) StdoutLine: {'line': b'-- Installing: /home/zxcx/new_naw/install/livox_ros_driver2/share/livox_ros_driver2/cmake/export_livox_interfaces2__rosidl_generator_cppExport.cmake\n'}
[10.317549] (livox_ros_driver2) StdoutLine: {'line': b'-- Installing: /home/zxcx/new_naw/install/livox_ros_driver2/share/livox_ros_driver2/cmake/export_livox_interfaces2__rosidl_typesupport_fastrtps_cppExport.cmake\n'}
[10.317649] (livox_ros_driver2) StdoutLine: {'line': b'-- Installing: /home/zxcx/new_naw/install/livox_ros_driver2/share/livox_ros_driver2/cmake/export_livox_interfaces2__rosidl_typesupport_fastrtps_cppExport-release.cmake\n'}
[10.317765] (livox_ros_driver2) StdoutLine: {'line': b'-- Installing: /home/zxcx/new_naw/install/livox_ros_driver2/share/livox_ros_driver2/cmake/livox_interfaces2__rosidl_typesupport_introspection_cppExport.cmake\n'}
[10.317863] (livox_ros_driver2) StdoutLine: {'line': b'-- Installing: /home/zxcx/new_naw/install/livox_ros_driver2/share/livox_ros_driver2/cmake/livox_interfaces2__rosidl_typesupport_introspection_cppExport-release.cmake\n'}
[10.317965] (livox_ros_driver2) StdoutLine: {'line': b'-- Installing: /home/zxcx/new_naw/install/livox_ros_driver2/share/livox_ros_driver2/cmake/livox_interfaces2__rosidl_typesupport_cppExport.cmake\n'}
[10.318065] (livox_ros_driver2) StdoutLine: {'line': b'-- Installing: /home/zxcx/new_naw/install/livox_ros_driver2/share/livox_ros_driver2/cmake/livox_interfaces2__rosidl_typesupport_cppExport-release.cmake\n'}
[10.318166] (livox_ros_driver2) StdoutLine: {'line': b'-- Installing: /home/zxcx/new_naw/install/livox_ros_driver2/share/livox_ros_driver2/cmake/export_livox_interfaces2__rosidl_generator_pyExport.cmake\n'}
[10.318263] (livox_ros_driver2) StdoutLine: {'line': b'-- Installing: /home/zxcx/new_naw/install/livox_ros_driver2/share/livox_ros_driver2/cmake/export_livox_interfaces2__rosidl_generator_pyExport-release.cmake\n'}
[10.318357] (livox_ros_driver2) StdoutLine: {'line': b'-- Installing: /home/zxcx/new_naw/install/livox_ros_driver2/share/livox_ros_driver2/cmake/rosidl_cmake-extras.cmake\n'}
[10.318452] (livox_ros_driver2) StdoutLine: {'line': b'-- Installing: /home/zxcx/new_naw/install/livox_ros_driver2/share/livox_ros_driver2/cmake/ament_cmake_export_dependencies-extras.cmake\n'}
[10.318545] (livox_ros_driver2) StdoutLine: {'line': b'-- Installing: /home/zxcx/new_naw/install/livox_ros_driver2/share/livox_ros_driver2/cmake/ament_cmake_export_include_directories-extras.cmake\n'}
[10.318641] (livox_ros_driver2) StdoutLine: {'line': b'-- Installing: /home/zxcx/new_naw/install/livox_ros_driver2/share/livox_ros_driver2/cmake/ament_cmake_export_libraries-extras.cmake\n'}
[10.318745] (livox_ros_driver2) StdoutLine: {'line': b'-- Installing: /home/zxcx/new_naw/install/livox_ros_driver2/share/livox_ros_driver2/cmake/ament_cmake_export_targets-extras.cmake\n'}
[10.318832] (livox_ros_driver2) StdoutLine: {'line': b'-- Installing: /home/zxcx/new_naw/install/livox_ros_driver2/share/livox_ros_driver2/cmake/rosidl_cmake_export_typesupport_targets-extras.cmake\n'}
[10.318925] (livox_ros_driver2) StdoutLine: {'line': b'-- Installing: /home/zxcx/new_naw/install/livox_ros_driver2/share/livox_ros_driver2/cmake/rosidl_cmake_export_typesupport_libraries-extras.cmake\n'}
[10.319018] (livox_ros_driver2) StdoutLine: {'line': b'-- Installing: /home/zxcx/new_naw/install/livox_ros_driver2/share/livox_ros_driver2/cmake/livox_ros_driver2Config.cmake\n'}
[10.319091] (livox_ros_driver2) StdoutLine: {'line': b'-- Installing: /home/zxcx/new_naw/install/livox_ros_driver2/share/livox_ros_driver2/cmake/livox_ros_driver2Config-version.cmake\n'}
[10.319184] (livox_ros_driver2) StdoutLine: {'line': b'-- Installing: /home/zxcx/new_naw/install/livox_ros_driver2/share/livox_ros_driver2/package.xml\n'}
[10.320236] (-) TimerEvent: {}
[10.321335] (livox_ros_driver2) CommandEnded: {'returncode': 0}
[10.329977] (livox_ros_driver2) JobEnded: {'identifier': 'livox_ros_driver2', 'rc': 0}
[10.330222] (point_lio) JobStarted: {'identifier': 'point_lio'}
[10.335515] (point_lio) JobProgress: {'identifier': 'point_lio', 'progress': 'cmake'}
[10.336318] (point_lio) Command: {'cmd': ['/usr/bin/cmake', '/home/zxcx/new_naw/point_lio', '-DCMAKE_BUILD_TYPE=Release', '-DCMAKE_INSTALL_PREFIX=/home/zxcx/new_naw/install/point_lio'], 'cwd': '/home/zxcx/new_naw/build/point_lio', 'env': OrderedDict([('LESSOPEN', '| /usr/bin/lesspipe %s'), ('LANGUAGE', 'zh_CN:zh:en_US:en'), ('USER', 'zxcx'), ('LC_TIME', 'zh_CN.UTF-8'), ('XDG_SESSION_TYPE', 'x11'), ('SHLVL', '1'), ('LD_LIBRARY_PATH', '/home/zxcx/new_naw/install/livox_ros_driver2/lib:/home/zxcx/new_naw/install/custom_msgs/lib:/usr/lib/x86_64-linux-gnu/gazebo-11/plugins:/opt/ros/humble/opt/rviz_ogre_vendor/lib:/opt/ros/humble/lib/x86_64-linux-gnu:/opt/ros/humble/lib'), ('HOME', '/home/zxcx'), ('OLDPWD', '/home/zxcx'), ('DESKTOP_SESSION', 'ubuntu'), ('ROS_PYTHON_VERSION', '3'), ('GNOME_SHELL_SESSION_MODE', 'ubuntu'), ('GTK_MODULES', 'gail:atk-bridge'), ('LC_MONETARY', 'zh_CN.UTF-8'), ('SYSTEMD_EXEC_PID', '2718'), ('DBUS_SESSION_BUS_ADDRESS', 'unix:path=/run/user/1000/bus'), ('COLORTERM', 'truecolor'), ('IM_CONFIG_PHASE', '1'), ('COLCON_PREFIX_PATH', '/home/zxcx/new_naw/install'), ('ROS_DISTRO', 'humble'), ('GTK_IM_MODULE', 'fcitx'), ('LOGNAME', 'zxcx'), ('_', '/usr/bin/colcon'), ('ROS_VERSION', '2'), ('XDG_SESSION_CLASS', 'user'), ('USERNAME', 'zxcx'), ('TERM', 'xterm-256color'), ('GNOME_DESKTOP_SESSION_ID', 'this-is-deprecated'), ('ROS_LOCALHOST_ONLY', '0'), ('WINDOWPATH', '2'), ('PATH', '/opt/ros/humble/bin:/usr/local/sbin:/usr/local/bin:/usr/sbin:/usr/bin:/sbin:/bin:/usr/games:/usr/local/games:/snap/bin:/snap/bin'), ('SESSION_MANAGER', 'local/zxcx0219:@/tmp/.ICE-unix/2481,unix/zxcx0219:/tmp/.ICE-unix/2481'), ('XDG_MENU_PREFIX', 'gnome-'), ('LC_ADDRESS', 'zh_CN.UTF-8'), ('GNOME_TERMINAL_SCREEN', '/org/gnome/Terminal/screen/bf679257_c193_4163_8cbb_24a3c4f52a94'), ('XDG_RUNTIME_DIR', '/run/user/1000'), ('DISPLAY', ':1'), ('LANG', 'zh_CN.UTF-8'), ('XDG_CURRENT_DESKTOP', 'ubuntu:GNOME'), ('LC_TELEPHONE', 'zh_CN.UTF-8'), ('XMODIFIERS', '@im=fcitx'), ('XDG_SESSION_DESKTOP', 'ubuntu'), ('XAUTHORITY', '/run/user/1000/gdm/Xauthority'), ('LS_COLORS', 'rs=0:di=01;34:ln=01;36:mh=00:pi=40;33:so=01;35:do=01;35:bd=40;33;01:cd=40;33;01:or=40;31;01:mi=00:su=37;41:sg=30;43:ca=30;41:tw=30;42:ow=34;42:st=37;44:ex=01;32:*.tar=01;31:*.tgz=01;31:*.arc=01;31:*.arj=01;31:*.taz=01;31:*.lha=01;31:*.lz4=01;31:*.lzh=01;31:*.lzma=01;31:*.tlz=01;31:*.txz=01;31:*.tzo=01;31:*.t7z=01;31:*.zip=01;31:*.z=01;31:*.dz=01;31:*.gz=01;31:*.lrz=01;31:*.lz=01;31:*.lzo=01;31:*.xz=01;31:*.zst=01;31:*.tzst=01;31:*.bz2=01;31:*.bz=01;31:*.tbz=01;31:*.tbz2=01;31:*.tz=01;31:*.deb=01;31:*.rpm=01;31:*.jar=01;31:*.war=01;31:*.ear=01;31:*.sar=01;31:*.rar=01;31:*.alz=01;31:*.ace=01;31:*.zoo=01;31:*.cpio=01;31:*.7z=01;31:*.rz=01;31:*.cab=01;31:*.wim=01;31:*.swm=01;31:*.dwm=01;31:*.esd=01;31:*.jpg=01;35:*.jpeg=01;35:*.mjpg=01;35:*.mjpeg=01;35:*.gif=01;35:*.bmp=01;35:*.pbm=01;35:*.pgm=01;35:*.ppm=01;35:*.tga=01;35:*.xbm=01;35:*.xpm=01;35:*.tif=01;35:*.tiff=01;35:*.png=01;35:*.svg=01;35:*.svgz=01;35:*.mng=01;35:*.pcx=01;35:*.mov=01;35:*.mpg=01;35:*.mpeg=01;35:*.m2v=01;35:*.mkv=01;35:*.webm=01;35:*.webp=01;35:*.ogm=01;35:*.mp4=01;35:*.m4v=01;35:*.mp4v=01;35:*.vob=01;35:*.qt=01;35:*.nuv=01;35:*.wmv=01;35:*.asf=01;35:*.rm=01;35:*.rmvb=01;35:*.flc=01;35:*.avi=01;35:*.fli=01;35:*.flv=01;35:*.gl=01;35:*.dl=01;35:*.xcf=01;35:*.xwd=01;35:*.yuv=01;35:*.cgm=01;35:*.emf=01;35:*.ogv=01;35:*.ogx=01;35:*.aac=00;36:*.au=00;36:*.flac=00;36:*.m4a=00;36:*.mid=00;36:*.midi=00;36:*.mka=00;36:*.mp3=00;36:*.mpc=00;36:*.ogg=00;36:*.ra=00;36:*.wav=00;36:*.oga=00;36:*.opus=00;36:*.spx=00;36:*.xspf=00;36:'), ('GNOME_TERMINAL_SERVICE', ':1.113'), ('SSH_AGENT_LAUNCHER', 'gnome-keyring'), ('SSH_AUTH_SOCK', '/run/user/1000/keyring/ssh'), ('AMENT_PREFIX_PATH', '/home/zxcx/new_naw/install/livox_ros_driver2:/home/zxcx/new_naw/install/custom_msgs:/home/zxcx/new_naw/install/controller:/opt/ros/humble'), ('SHELL', '/bin/bash'), ('LC_NAME', 'zh_CN.UTF-8'), ('QT_ACCESSIBILITY', '1'), ('GDMSESSION', 'ubuntu'), ('LESSCLOSE', '/usr/bin/lesspipe %s %s'), ('LC_MEASUREMENT', 'zh_CN.UTF-8'), ('GPG_AGENT_INFO', '/run/user/1000/gnupg/S.gpg-agent:0:1'), ('LC_IDENTIFICATION', 'zh_CN.UTF-8'), ('QT_IM_MODULE', 'fcitx'), ('PWD', '/home/zxcx/new_naw/build/point_lio'), ('XDG_CONFIG_DIRS', '/etc/xdg/xdg-ubuntu:/etc/xdg'), ('CLUTTER_IM_MODULE', 'fcitx'), ('XDG_DATA_DIRS', '/usr/share/ubuntu:/usr/share/gnome:/usr/local/share/:/usr/share/:/var/lib/snapd/desktop'), ('PYTHONPATH', '/home/zxcx/new_naw/install/livox_ros_driver2/local/lib/python3.10/dist-packages:/home/zxcx/new_naw/install/custom_msgs/local/lib/python3.10/dist-packages:/opt/ros/humble/lib/python3.10/site-packages:/opt/ros/humble/local/lib/python3.10/dist-packages'), ('LC_NUMERIC', 'zh_CN.UTF-8'), ('LC_PAPER', 'zh_CN.UTF-8'), ('COLCON', '1'), ('VTE_VERSION', '6800'), ('CMAKE_PREFIX_PATH', '/home/zxcx/new_naw/install/livox_ros_driver2:/home/zxcx/new_naw/install/custom_msgs:/home/zxcx/new_naw/install/controller:/opt/ros/humble')]), 'shell': False}
[10.372684] (point_lio) StdoutLine: {'line': b'-- The C compiler identification is GNU 11.4.0\n'}
[10.408490] (point_lio) StdoutLine: {'line': b'-- The CXX compiler identification is GNU 11.4.0\n'}
[10.413293] (point_lio) StdoutLine: {'line': b'-- Detecting C compiler ABI info\n'}
[10.420339] (-) TimerEvent: {}
[10.459093] (point_lio) StdoutLine: {'line': b'-- Detecting C compiler ABI info - done\n'}
[10.463159] (point_lio) StdoutLine: {'line': b'-- Check for working C compiler: /usr/bin/cc - skipped\n'}
[10.463303] (point_lio) StdoutLine: {'line': b'-- Detecting C compile features\n'}
[10.463546] (point_lio) StdoutLine: {'line': b'-- Detecting C compile features - done\n'}
[10.465293] (point_lio) StdoutLine: {'line': b'-- Detecting CXX compiler ABI info\n'}
[10.517382] (point_lio) StdoutLine: {'line': b'-- Detecting CXX compiler ABI info - done\n'}
[10.520429] (-) TimerEvent: {}
[10.521414] (point_lio) StdoutLine: {'line': b'-- Check for working CXX compiler: /usr/bin/c++ - skipped\n'}
[10.521584] (point_lio) StdoutLine: {'line': b'-- Detecting CXX compile features\n'}
[10.521855] (point_lio) StdoutLine: {'line': b'-- Detecting CXX compile features - done\n'}
[10.525329] (point_lio) StdoutLine: {'line': b'-- Processor number:  32\n'}
[10.525423] (point_lio) StdoutLine: {'line': b'-- core for MP:  3\n'}
[10.526994] (point_lio) StdoutLine: {'line': b'-- Found ament_cmake: 1.3.14 (/opt/ros/humble/share/ament_cmake/cmake)\n'}
[10.615621] (point_lio) StdoutLine: {'line': b'-- Found Python3: /usr/bin/python3 (found version "3.10.12") found components: Interpreter \n'}
[10.620511] (-) TimerEvent: {}
[10.671295] (point_lio) StdoutLine: {'line': b'-- Found rclcpp: 16.0.19 (/opt/ros/humble/share/rclcpp/cmake)\n'}
[10.698397] (point_lio) StdoutLine: {'line': b'-- Found rosidl_generator_c: 3.1.8 (/opt/ros/humble/share/rosidl_generator_c/cmake)\n'}
[10.701688] (point_lio) StdoutLine: {'line': b'-- Found rosidl_adapter: 3.1.8 (/opt/ros/humble/share/rosidl_adapter/cmake)\n'}
[10.707325] (point_lio) StdoutLine: {'line': b'-- Found rosidl_generator_cpp: 3.1.8 (/opt/ros/humble/share/rosidl_generator_cpp/cmake)\n'}
[10.714512] (point_lio) StdoutLine: {'line': b'-- Using all available rosidl_typesupport_c: rosidl_typesupport_fastrtps_c;rosidl_typesupport_introspection_c\n'}
[10.720610] (-) TimerEvent: {}
[10.723934] (point_lio) StdoutLine: {'line': b'-- Using all available rosidl_typesupport_cpp: rosidl_typesupport_fastrtps_cpp;rosidl_typesupport_introspection_cpp\n'}
[10.749913] (point_lio) StdoutLine: {'line': b'-- Found rmw_implementation_cmake: 6.1.2 (/opt/ros/humble/share/rmw_implementation_cmake/cmake)\n'}
[10.751574] (point_lio) StdoutLine: {'line': b'-- Found rmw_fastrtps_cpp: 6.2.10 (/opt/ros/humble/share/rmw_fastrtps_cpp/cmake)\n'}
[10.811398] (point_lio) StdoutLine: {'line': b'-- Found OpenSSL: /usr/lib/x86_64-linux-gnu/libcrypto.so (found version "3.0.2")  \n'}
[10.820694] (-) TimerEvent: {}
[10.830579] (point_lio) StdoutLine: {'line': b'-- Found FastRTPS: /opt/ros/humble/include  \n'}
[10.859761] (point_lio) StdoutLine: {'line': b"-- Using RMW implementation 'rmw_fastrtps_cpp' as default\n"}
[10.865180] (point_lio) StdoutLine: {'line': b'-- Looking for pthread.h\n'}
[10.915651] (point_lio) StdoutLine: {'line': b'-- Looking for pthread.h - found\n'}
[10.916069] (point_lio) StdoutLine: {'line': b'-- Performing Test CMAKE_HAVE_LIBC_PTHREAD\n'}
[10.920792] (-) TimerEvent: {}
[10.964671] (point_lio) StdoutLine: {'line': b'-- Performing Test CMAKE_HAVE_LIBC_PTHREAD - Success\n'}
[10.965428] (point_lio) StdoutLine: {'line': b'-- Found Threads: TRUE  \n'}
[10.995085] (point_lio) StdoutLine: {'line': b'-- Found rclpy: 3.3.21 (/opt/ros/humble/share/rclpy/cmake)\n'}
[10.996055] (point_lio) StdoutLine: {'line': b'-- Found geometry_msgs: 4.9.1 (/opt/ros/humble/share/geometry_msgs/cmake)\n'}
[11.003533] (point_lio) StdoutLine: {'line': b'-- Found nav_msgs: 4.9.1 (/opt/ros/humble/share/nav_msgs/cmake)\n'}
[11.013241] (point_lio) StdoutLine: {'line': b'-- Found sensor_msgs: 4.9.1 (/opt/ros/humble/share/sensor_msgs/cmake)\n'}
[11.020889] (-) TimerEvent: {}
[11.023106] (point_lio) StdoutLine: {'line': b'-- Found visualization_msgs: 4.9.1 (/opt/ros/humble/share/visualization_msgs/cmake)\n'}
[11.035087] (point_lio) StdoutLine: {'line': b'-- Found pcl_ros: 2.4.5 (/opt/ros/humble/share/pcl_ros/cmake)\n'}
[11.063413] (point_lio) StdoutLine: {'line': b"-- Checking for module 'eigen3'\n"}
[11.072595] (point_lio) StdoutLine: {'line': b'--   Found eigen3, version 3.4.0\n'}
[11.096792] (point_lio) StdoutLine: {'line': b'-- Found Eigen: /usr/include/eigen3 (Required is at least version "3.1") \n'}
[11.096888] (point_lio) StdoutLine: {'line': b'-- Eigen found (include: /usr/include/eigen3, version: 3.4.0)\n'}
[11.120968] (-) TimerEvent: {}
[11.121874] (point_lio) StdoutLine: {'line': b"-- Checking for module 'flann'\n"}
[11.132641] (point_lio) StdoutLine: {'line': b'--   Found flann, version 1.9.1\n'}
[11.161221] (point_lio) StdoutLine: {'line': b'-- Found FLANN: /usr/lib/x86_64-linux-gnu/libflann_cpp.so  \n'}
[11.161318] (point_lio) StdoutLine: {'line': b'-- FLANN found (include: /usr/include, lib: /usr/lib/x86_64-linux-gnu/libflann_cpp.so)\n'}
[11.221074] (-) TimerEvent: {}
[11.259655] (esdf) StdoutLine: {'line': b'[ 87%] \x1b[32m\x1b[1mLinking CXX executable esdf_test\x1b[0m\n'}
[11.321192] (-) TimerEvent: {}
[11.421465] (-) TimerEvent: {}
[11.489724] (relocation) StdoutLine: {'line': b'[ 60%] Built target relocation_core\n'}
[11.502947] (relocation) StdoutLine: {'line': b'[ 70%] \x1b[32mBuilding CXX object CMakeFiles/test_node.dir/src/test.cpp.o\x1b[0m\n'}
[11.504737] (relocation) StdoutLine: {'line': b'[ 80%] \x1b[32mBuilding CXX object CMakeFiles/relocation_node.dir/src/relocation_node.cpp.o\x1b[0m\n'}
[11.521539] (-) TimerEvent: {}
[11.621769] (-) TimerEvent: {}
[11.722089] (-) TimerEvent: {}
[11.768754] (esdf) StdoutLine: {'line': b'[ 87%] Built target esdf_test\n'}
[11.788591] (point_lio) StdoutLine: {'line': b"-- Checking for module 'libusb-1.0'\n"}
[11.798008] (point_lio) StdoutLine: {'line': b'--   Found libusb-1.0, version 1.0.25\n'}
[11.822176] (-) TimerEvent: {}
[11.823273] (point_lio) StdoutLine: {'line': b'-- Found libusb: /usr/lib/x86_64-linux-gnu/libusb-1.0.so  \n'}
[11.823909] (point_lio) StdoutLine: {'line': b'-- OpenNI found (version: 1.5.4.0, include: /usr/include/ni, lib: /usr/lib/libOpenNI.so;libusb::libusb)\n'}
[11.863768] (point_lio) StdoutLine: {'line': b'-- OpenNI2 found (version: 2.2.0.33, include: /usr/include/openni2, lib: /usr/lib/x86_64-linux-gnu/libOpenNI2.so;libusb::libusb)\n'}
[11.922274] (-) TimerEvent: {}
[11.958320] (point_lio) StdoutLine: {'line': b'-- Eigen found (include: /usr/include/eigen3, version: 3.4.0)\n'}
[11.962610] (point_lio) StdoutLine: {'line': b'-- OpenNI found (version: 1.5.4.0, include: /usr/include/ni, lib: /usr/lib/libOpenNI.so;libusb::libusb)\n'}
[11.967117] (point_lio) StdoutLine: {'line': b'-- OpenNI2 found (version: 2.2.0.33, include: /usr/include/openni2, lib: /usr/lib/x86_64-linux-gnu/libOpenNI2.so;libusb::libusb)\n'}
[12.022344] (-) TimerEvent: {}
[12.059232] (point_lio) StdoutLine: {'line': b'-- Found Qhull version 8.0.2\n'}
[12.122443] (-) TimerEvent: {}
[12.157604] (point_lio) StdoutLine: {'line': b'-- OpenNI found (version: 1.5.4.0, include: /usr/include/ni, lib: /usr/lib/libOpenNI.so;libusb::libusb)\n'}
[12.222530] (-) TimerEvent: {}
[12.253871] (point_lio) StdoutLine: {'line': b'-- Found PCL_COMMON: /usr/lib/x86_64-linux-gnu/libpcl_common.so  \n'}
[12.254326] (point_lio) StdoutLine: {'line': b'-- Found PCL_KDTREE: /usr/lib/x86_64-linux-gnu/libpcl_kdtree.so  \n'}
[12.254732] (point_lio) StdoutLine: {'line': b'-- Found PCL_OCTREE: /usr/lib/x86_64-linux-gnu/libpcl_octree.so  \n'}
[12.255147] (point_lio) StdoutLine: {'line': b'-- Found PCL_SEARCH: /usr/lib/x86_64-linux-gnu/libpcl_search.so  \n'}
[12.255569] (point_lio) StdoutLine: {'line': b'-- Found PCL_SAMPLE_CONSENSUS: /usr/lib/x86_64-linux-gnu/libpcl_sample_consensus.so  \n'}
[12.256009] (point_lio) StdoutLine: {'line': b'-- Found PCL_FILTERS: /usr/lib/x86_64-linux-gnu/libpcl_filters.so  \n'}
[12.256187] (point_lio) StdoutLine: {'line': b'-- Found PCL_2D: /usr/include/pcl-1.12  \n'}
[12.256346] (point_lio) StdoutLine: {'line': b'-- Found PCL_GEOMETRY: /usr/include/pcl-1.12  \n'}
[12.256760] (point_lio) StdoutLine: {'line': b'-- Found PCL_IO: /usr/lib/x86_64-linux-gnu/libpcl_io.so  \n'}
[12.257235] (point_lio) StdoutLine: {'line': b'-- Found PCL_FEATURES: /usr/lib/x86_64-linux-gnu/libpcl_features.so  \n'}
[12.257713] (point_lio) StdoutLine: {'line': b'-- Found PCL_ML: /usr/lib/x86_64-linux-gnu/libpcl_ml.so  \n'}
[12.258138] (point_lio) StdoutLine: {'line': b'-- Found PCL_SEGMENTATION: /usr/lib/x86_64-linux-gnu/libpcl_segmentation.so  \n'}
[12.258631] (point_lio) StdoutLine: {'line': b'-- Found PCL_VISUALIZATION: /usr/lib/x86_64-linux-gnu/libpcl_visualization.so  \n'}
[12.259128] (point_lio) StdoutLine: {'line': b'-- Found PCL_SURFACE: /usr/lib/x86_64-linux-gnu/libpcl_surface.so  \n'}
[12.259596] (point_lio) StdoutLine: {'line': b'-- Found PCL_REGISTRATION: /usr/lib/x86_64-linux-gnu/libpcl_registration.so  \n'}
[12.260077] (point_lio) StdoutLine: {'line': b'-- Found PCL_KEYPOINTS: /usr/lib/x86_64-linux-gnu/libpcl_keypoints.so  \n'}
[12.260533] (point_lio) StdoutLine: {'line': b'-- Found PCL_TRACKING: /usr/lib/x86_64-linux-gnu/libpcl_tracking.so  \n'}
[12.261006] (point_lio) StdoutLine: {'line': b'-- Found PCL_RECOGNITION: /usr/lib/x86_64-linux-gnu/libpcl_recognition.so  \n'}
[12.261508] (point_lio) StdoutLine: {'line': b'-- Found PCL_STEREO: /usr/lib/x86_64-linux-gnu/libpcl_stereo.so  \n'}
[12.261972] (point_lio) StdoutLine: {'line': b'-- Found PCL_APPS: /usr/lib/x86_64-linux-gnu/libpcl_apps.so  \n'}
[12.262368] (point_lio) StdoutLine: {'line': b'-- Found PCL_IN_HAND_SCANNER: /usr/include/pcl-1.12  \n'}
[12.262522] (point_lio) StdoutLine: {'line': b'-- Found PCL_MODELER: /usr/include/pcl-1.12  \n'}
[12.262704] (point_lio) StdoutLine: {'line': b'-- Found PCL_POINT_CLOUD_EDITOR: /usr/include/pcl-1.12  \n'}
[12.263141] (point_lio) StdoutLine: {'line': b'-- Found PCL_OUTOFCORE: /usr/lib/x86_64-linux-gnu/libpcl_outofcore.so  \n'}
[12.263600] (point_lio) StdoutLine: {'line': b'-- Found PCL_PEOPLE: /usr/lib/x86_64-linux-gnu/libpcl_people.so  \n'}
[12.285191] (point_lio) StdoutLine: {'line': b'-- Found eigen3_cmake_module: 0.1.1 (/opt/ros/humble/share/eigen3_cmake_module/cmake)\n'}
[12.286040] (point_lio) StdoutLine: {'line': b'-- Found Eigen3: TRUE (found version "3.4.0") \n'}
[12.286110] (point_lio) StdoutLine: {'line': b'-- Ensuring Eigen3 include directory is part of orocos-kdl CMake target\n'}
[12.322610] (-) TimerEvent: {}
[12.338485] (point_lio) StdoutLine: {'line': b'-- Found livox_ros_driver2: 1.1.0 (/home/zxcx/new_naw/install/livox_ros_driver2/share/livox_ros_driver2/cmake)\n'}
[12.409965] (algo_master) StdoutLine: {'line': b'[100%] \x1b[32m\x1b[1mLinking CXX executable algo_master\x1b[0m\n'}
[12.422686] (-) TimerEvent: {}
[12.518481] (algo_master) StdoutLine: {'line': b'[100%] Built target algo_master\n'}
[12.522763] (-) TimerEvent: {}
[12.526161] (algo_master) CommandEnded: {'returncode': 0}
[12.526638] (algo_master) JobProgress: {'identifier': 'algo_master', 'progress': 'install'}
[12.527205] (algo_master) Command: {'cmd': ['/usr/bin/cmake', '--install', '/home/zxcx/new_naw/build/algo_master'], 'cwd': '/home/zxcx/new_naw/build/algo_master', 'env': OrderedDict([('LESSOPEN', '| /usr/bin/lesspipe %s'), ('LANGUAGE', 'zh_CN:zh:en_US:en'), ('USER', 'zxcx'), ('LC_TIME', 'zh_CN.UTF-8'), ('XDG_SESSION_TYPE', 'x11'), ('SHLVL', '1'), ('LD_LIBRARY_PATH', '/home/zxcx/new_naw/install/custom_msgs/lib:/home/zxcx/new_naw/install/livox_ros_driver2/lib:/usr/lib/x86_64-linux-gnu/gazebo-11/plugins:/opt/ros/humble/opt/rviz_ogre_vendor/lib:/opt/ros/humble/lib/x86_64-linux-gnu:/opt/ros/humble/lib'), ('HOME', '/home/zxcx'), ('OLDPWD', '/home/zxcx'), ('DESKTOP_SESSION', 'ubuntu'), ('ROS_PYTHON_VERSION', '3'), ('GNOME_SHELL_SESSION_MODE', 'ubuntu'), ('GTK_MODULES', 'gail:atk-bridge'), ('LC_MONETARY', 'zh_CN.UTF-8'), ('SYSTEMD_EXEC_PID', '2718'), ('DBUS_SESSION_BUS_ADDRESS', 'unix:path=/run/user/1000/bus'), ('COLORTERM', 'truecolor'), ('IM_CONFIG_PHASE', '1'), ('COLCON_PREFIX_PATH', '/home/zxcx/new_naw/install'), ('ROS_DISTRO', 'humble'), ('GTK_IM_MODULE', 'fcitx'), ('LOGNAME', 'zxcx'), ('_', '/usr/bin/colcon'), ('ROS_VERSION', '2'), ('XDG_SESSION_CLASS', 'user'), ('USERNAME', 'zxcx'), ('TERM', 'xterm-256color'), ('GNOME_DESKTOP_SESSION_ID', 'this-is-deprecated'), ('ROS_LOCALHOST_ONLY', '0'), ('WINDOWPATH', '2'), ('PATH', '/opt/ros/humble/bin:/usr/local/sbin:/usr/local/bin:/usr/sbin:/usr/bin:/sbin:/bin:/usr/games:/usr/local/games:/snap/bin:/snap/bin'), ('SESSION_MANAGER', 'local/zxcx0219:@/tmp/.ICE-unix/2481,unix/zxcx0219:/tmp/.ICE-unix/2481'), ('XDG_MENU_PREFIX', 'gnome-'), ('LC_ADDRESS', 'zh_CN.UTF-8'), ('GNOME_TERMINAL_SCREEN', '/org/gnome/Terminal/screen/bf679257_c193_4163_8cbb_24a3c4f52a94'), ('XDG_RUNTIME_DIR', '/run/user/1000'), ('DISPLAY', ':1'), ('LANG', 'zh_CN.UTF-8'), ('XDG_CURRENT_DESKTOP', 'ubuntu:GNOME'), ('LC_TELEPHONE', 'zh_CN.UTF-8'), ('XMODIFIERS', '@im=fcitx'), ('XDG_SESSION_DESKTOP', 'ubuntu'), ('XAUTHORITY', '/run/user/1000/gdm/Xauthority'), ('LS_COLORS', 'rs=0:di=01;34:ln=01;36:mh=00:pi=40;33:so=01;35:do=01;35:bd=40;33;01:cd=40;33;01:or=40;31;01:mi=00:su=37;41:sg=30;43:ca=30;41:tw=30;42:ow=34;42:st=37;44:ex=01;32:*.tar=01;31:*.tgz=01;31:*.arc=01;31:*.arj=01;31:*.taz=01;31:*.lha=01;31:*.lz4=01;31:*.lzh=01;31:*.lzma=01;31:*.tlz=01;31:*.txz=01;31:*.tzo=01;31:*.t7z=01;31:*.zip=01;31:*.z=01;31:*.dz=01;31:*.gz=01;31:*.lrz=01;31:*.lz=01;31:*.lzo=01;31:*.xz=01;31:*.zst=01;31:*.tzst=01;31:*.bz2=01;31:*.bz=01;31:*.tbz=01;31:*.tbz2=01;31:*.tz=01;31:*.deb=01;31:*.rpm=01;31:*.jar=01;31:*.war=01;31:*.ear=01;31:*.sar=01;31:*.rar=01;31:*.alz=01;31:*.ace=01;31:*.zoo=01;31:*.cpio=01;31:*.7z=01;31:*.rz=01;31:*.cab=01;31:*.wim=01;31:*.swm=01;31:*.dwm=01;31:*.esd=01;31:*.jpg=01;35:*.jpeg=01;35:*.mjpg=01;35:*.mjpeg=01;35:*.gif=01;35:*.bmp=01;35:*.pbm=01;35:*.pgm=01;35:*.ppm=01;35:*.tga=01;35:*.xbm=01;35:*.xpm=01;35:*.tif=01;35:*.tiff=01;35:*.png=01;35:*.svg=01;35:*.svgz=01;35:*.mng=01;35:*.pcx=01;35:*.mov=01;35:*.mpg=01;35:*.mpeg=01;35:*.m2v=01;35:*.mkv=01;35:*.webm=01;35:*.webp=01;35:*.ogm=01;35:*.mp4=01;35:*.m4v=01;35:*.mp4v=01;35:*.vob=01;35:*.qt=01;35:*.nuv=01;35:*.wmv=01;35:*.asf=01;35:*.rm=01;35:*.rmvb=01;35:*.flc=01;35:*.avi=01;35:*.fli=01;35:*.flv=01;35:*.gl=01;35:*.dl=01;35:*.xcf=01;35:*.xwd=01;35:*.yuv=01;35:*.cgm=01;35:*.emf=01;35:*.ogv=01;35:*.ogx=01;35:*.aac=00;36:*.au=00;36:*.flac=00;36:*.m4a=00;36:*.mid=00;36:*.midi=00;36:*.mka=00;36:*.mp3=00;36:*.mpc=00;36:*.ogg=00;36:*.ra=00;36:*.wav=00;36:*.oga=00;36:*.opus=00;36:*.spx=00;36:*.xspf=00;36:'), ('GNOME_TERMINAL_SERVICE', ':1.113'), ('SSH_AGENT_LAUNCHER', 'gnome-keyring'), ('SSH_AUTH_SOCK', '/run/user/1000/keyring/ssh'), ('AMENT_PREFIX_PATH', '/home/zxcx/new_naw/install/livox_ros_driver2:/home/zxcx/new_naw/install/custom_msgs:/home/zxcx/new_naw/install/controller:/opt/ros/humble'), ('SHELL', '/bin/bash'), ('LC_NAME', 'zh_CN.UTF-8'), ('QT_ACCESSIBILITY', '1'), ('GDMSESSION', 'ubuntu'), ('LESSCLOSE', '/usr/bin/lesspipe %s %s'), ('LC_MEASUREMENT', 'zh_CN.UTF-8'), ('GPG_AGENT_INFO', '/run/user/1000/gnupg/S.gpg-agent:0:1'), ('LC_IDENTIFICATION', 'zh_CN.UTF-8'), ('QT_IM_MODULE', 'fcitx'), ('PWD', '/home/zxcx/new_naw/build/algo_master'), ('XDG_CONFIG_DIRS', '/etc/xdg/xdg-ubuntu:/etc/xdg'), ('CLUTTER_IM_MODULE', 'fcitx'), ('XDG_DATA_DIRS', '/usr/share/ubuntu:/usr/share/gnome:/usr/local/share/:/usr/share/:/var/lib/snapd/desktop'), ('PYTHONPATH', '/home/zxcx/new_naw/install/livox_ros_driver2/local/lib/python3.10/dist-packages:/home/zxcx/new_naw/install/custom_msgs/local/lib/python3.10/dist-packages:/opt/ros/humble/lib/python3.10/site-packages:/opt/ros/humble/local/lib/python3.10/dist-packages'), ('LC_NUMERIC', 'zh_CN.UTF-8'), ('LC_PAPER', 'zh_CN.UTF-8'), ('COLCON', '1'), ('VTE_VERSION', '6800'), ('CMAKE_PREFIX_PATH', '/home/zxcx/new_naw/install/custom_msgs:/home/zxcx/new_naw/install/livox_ros_driver2:/home/zxcx/new_naw/install/controller:/opt/ros/humble')]), 'shell': False}
[12.531773] (algo_master) StdoutLine: {'line': b'-- Install configuration: "Release"\n'}
[12.531889] (algo_master) StdoutLine: {'line': b'-- Installing: /home/zxcx/new_naw/install/algo_master/lib/algo_master/algo_master\n'}
[12.533001] (algo_master) StdoutLine: {'line': b'-- Set runtime path of "/home/zxcx/new_naw/install/algo_master/lib/algo_master/algo_master" to ""\n'}
[12.533148] (algo_master) StdoutLine: {'line': b'-- Installing: /home/zxcx/new_naw/install/algo_master/share/ament_index/resource_index/package_run_dependencies/algo_master\n'}
[12.533335] (algo_master) StdoutLine: {'line': b'-- Installing: /home/zxcx/new_naw/install/algo_master/share/ament_index/resource_index/parent_prefix_path/algo_master\n'}
[12.533501] (algo_master) StdoutLine: {'line': b'-- Installing: /home/zxcx/new_naw/install/algo_master/share/algo_master/environment/ament_prefix_path.sh\n'}
[12.533613] (algo_master) StdoutLine: {'line': b'-- Installing: /home/zxcx/new_naw/install/algo_master/share/algo_master/environment/ament_prefix_path.dsv\n'}
[12.533769] (algo_master) StdoutLine: {'line': b'-- Installing: /home/zxcx/new_naw/install/algo_master/share/algo_master/environment/path.sh\n'}
[12.533886] (algo_master) StdoutLine: {'line': b'-- Installing: /home/zxcx/new_naw/install/algo_master/share/algo_master/environment/path.dsv\n'}
[12.533991] (algo_master) StdoutLine: {'line': b'-- Installing: /home/zxcx/new_naw/install/algo_master/share/algo_master/local_setup.bash\n'}
[12.534095] (algo_master) StdoutLine: {'line': b'-- Installing: /home/zxcx/new_naw/install/algo_master/share/algo_master/local_setup.sh\n'}
[12.534208] (algo_master) StdoutLine: {'line': b'-- Installing: /home/zxcx/new_naw/install/algo_master/share/algo_master/local_setup.zsh\n'}
[12.534311] (algo_master) StdoutLine: {'line': b'-- Installing: /home/zxcx/new_naw/install/algo_master/share/algo_master/local_setup.dsv\n'}
[12.534420] (algo_master) StdoutLine: {'line': b'-- Installing: /home/zxcx/new_naw/install/algo_master/share/algo_master/package.dsv\n'}
[12.534565] (algo_master) StdoutLine: {'line': b'-- Installing: /home/zxcx/new_naw/install/algo_master/share/ament_index/resource_index/packages/algo_master\n'}
[12.534706] (algo_master) StdoutLine: {'line': b'-- Installing: /home/zxcx/new_naw/install/algo_master/share/algo_master/cmake/algo_masterConfig.cmake\n'}
[12.534798] (algo_master) StdoutLine: {'line': b'-- Installing: /home/zxcx/new_naw/install/algo_master/share/algo_master/cmake/algo_masterConfig-version.cmake\n'}
[12.534901] (algo_master) StdoutLine: {'line': b'-- Installing: /home/zxcx/new_naw/install/algo_master/share/algo_master/package.xml\n'}
[12.536256] (algo_master) CommandEnded: {'returncode': 0}
[12.542573] (algo_master) JobEnded: {'identifier': 'algo_master', 'rc': 0}
[12.591592] (point_lio) StdoutLine: {'line': b'-- Found PythonLibs: /usr/lib/x86_64-linux-gnu/libpython3.10.so (found version "3.10.12") \n'}
[12.622835] (-) TimerEvent: {}
[12.637819] (point_lio) StdoutLine: {'line': b'-- Configuring done\n'}
[12.681371] (point_lio) StdoutLine: {'line': b'-- Generating done\n'}
[12.689456] (point_lio) StdoutLine: {'line': b'-- Build files have been written to: /home/zxcx/new_naw/build/point_lio\n'}
[12.703173] (point_lio) CommandEnded: {'returncode': 0}
[12.703750] (point_lio) JobProgress: {'identifier': 'point_lio', 'progress': 'build'}
[12.704556] (point_lio) Command: {'cmd': ['/usr/bin/cmake', '--build', '/home/zxcx/new_naw/build/point_lio', '--', '-j32', '-l32'], 'cwd': '/home/zxcx/new_naw/build/point_lio', 'env': OrderedDict([('LESSOPEN', '| /usr/bin/lesspipe %s'), ('LANGUAGE', 'zh_CN:zh:en_US:en'), ('USER', 'zxcx'), ('LC_TIME', 'zh_CN.UTF-8'), ('XDG_SESSION_TYPE', 'x11'), ('SHLVL', '1'), ('LD_LIBRARY_PATH', '/home/zxcx/new_naw/install/livox_ros_driver2/lib:/home/zxcx/new_naw/install/custom_msgs/lib:/usr/lib/x86_64-linux-gnu/gazebo-11/plugins:/opt/ros/humble/opt/rviz_ogre_vendor/lib:/opt/ros/humble/lib/x86_64-linux-gnu:/opt/ros/humble/lib'), ('HOME', '/home/zxcx'), ('OLDPWD', '/home/zxcx'), ('DESKTOP_SESSION', 'ubuntu'), ('ROS_PYTHON_VERSION', '3'), ('GNOME_SHELL_SESSION_MODE', 'ubuntu'), ('GTK_MODULES', 'gail:atk-bridge'), ('LC_MONETARY', 'zh_CN.UTF-8'), ('SYSTEMD_EXEC_PID', '2718'), ('DBUS_SESSION_BUS_ADDRESS', 'unix:path=/run/user/1000/bus'), ('COLORTERM', 'truecolor'), ('IM_CONFIG_PHASE', '1'), ('COLCON_PREFIX_PATH', '/home/zxcx/new_naw/install'), ('ROS_DISTRO', 'humble'), ('GTK_IM_MODULE', 'fcitx'), ('LOGNAME', 'zxcx'), ('_', '/usr/bin/colcon'), ('ROS_VERSION', '2'), ('XDG_SESSION_CLASS', 'user'), ('USERNAME', 'zxcx'), ('TERM', 'xterm-256color'), ('GNOME_DESKTOP_SESSION_ID', 'this-is-deprecated'), ('ROS_LOCALHOST_ONLY', '0'), ('WINDOWPATH', '2'), ('PATH', '/opt/ros/humble/bin:/usr/local/sbin:/usr/local/bin:/usr/sbin:/usr/bin:/sbin:/bin:/usr/games:/usr/local/games:/snap/bin:/snap/bin'), ('SESSION_MANAGER', 'local/zxcx0219:@/tmp/.ICE-unix/2481,unix/zxcx0219:/tmp/.ICE-unix/2481'), ('XDG_MENU_PREFIX', 'gnome-'), ('LC_ADDRESS', 'zh_CN.UTF-8'), ('GNOME_TERMINAL_SCREEN', '/org/gnome/Terminal/screen/bf679257_c193_4163_8cbb_24a3c4f52a94'), ('XDG_RUNTIME_DIR', '/run/user/1000'), ('DISPLAY', ':1'), ('LANG', 'zh_CN.UTF-8'), ('XDG_CURRENT_DESKTOP', 'ubuntu:GNOME'), ('LC_TELEPHONE', 'zh_CN.UTF-8'), ('XMODIFIERS', '@im=fcitx'), ('XDG_SESSION_DESKTOP', 'ubuntu'), ('XAUTHORITY', '/run/user/1000/gdm/Xauthority'), ('LS_COLORS', 'rs=0:di=01;34:ln=01;36:mh=00:pi=40;33:so=01;35:do=01;35:bd=40;33;01:cd=40;33;01:or=40;31;01:mi=00:su=37;41:sg=30;43:ca=30;41:tw=30;42:ow=34;42:st=37;44:ex=01;32:*.tar=01;31:*.tgz=01;31:*.arc=01;31:*.arj=01;31:*.taz=01;31:*.lha=01;31:*.lz4=01;31:*.lzh=01;31:*.lzma=01;31:*.tlz=01;31:*.txz=01;31:*.tzo=01;31:*.t7z=01;31:*.zip=01;31:*.z=01;31:*.dz=01;31:*.gz=01;31:*.lrz=01;31:*.lz=01;31:*.lzo=01;31:*.xz=01;31:*.zst=01;31:*.tzst=01;31:*.bz2=01;31:*.bz=01;31:*.tbz=01;31:*.tbz2=01;31:*.tz=01;31:*.deb=01;31:*.rpm=01;31:*.jar=01;31:*.war=01;31:*.ear=01;31:*.sar=01;31:*.rar=01;31:*.alz=01;31:*.ace=01;31:*.zoo=01;31:*.cpio=01;31:*.7z=01;31:*.rz=01;31:*.cab=01;31:*.wim=01;31:*.swm=01;31:*.dwm=01;31:*.esd=01;31:*.jpg=01;35:*.jpeg=01;35:*.mjpg=01;35:*.mjpeg=01;35:*.gif=01;35:*.bmp=01;35:*.pbm=01;35:*.pgm=01;35:*.ppm=01;35:*.tga=01;35:*.xbm=01;35:*.xpm=01;35:*.tif=01;35:*.tiff=01;35:*.png=01;35:*.svg=01;35:*.svgz=01;35:*.mng=01;35:*.pcx=01;35:*.mov=01;35:*.mpg=01;35:*.mpeg=01;35:*.m2v=01;35:*.mkv=01;35:*.webm=01;35:*.webp=01;35:*.ogm=01;35:*.mp4=01;35:*.m4v=01;35:*.mp4v=01;35:*.vob=01;35:*.qt=01;35:*.nuv=01;35:*.wmv=01;35:*.asf=01;35:*.rm=01;35:*.rmvb=01;35:*.flc=01;35:*.avi=01;35:*.fli=01;35:*.flv=01;35:*.gl=01;35:*.dl=01;35:*.xcf=01;35:*.xwd=01;35:*.yuv=01;35:*.cgm=01;35:*.emf=01;35:*.ogv=01;35:*.ogx=01;35:*.aac=00;36:*.au=00;36:*.flac=00;36:*.m4a=00;36:*.mid=00;36:*.midi=00;36:*.mka=00;36:*.mp3=00;36:*.mpc=00;36:*.ogg=00;36:*.ra=00;36:*.wav=00;36:*.oga=00;36:*.opus=00;36:*.spx=00;36:*.xspf=00;36:'), ('GNOME_TERMINAL_SERVICE', ':1.113'), ('SSH_AGENT_LAUNCHER', 'gnome-keyring'), ('SSH_AUTH_SOCK', '/run/user/1000/keyring/ssh'), ('AMENT_PREFIX_PATH', '/home/zxcx/new_naw/install/livox_ros_driver2:/home/zxcx/new_naw/install/custom_msgs:/home/zxcx/new_naw/install/controller:/opt/ros/humble'), ('SHELL', '/bin/bash'), ('LC_NAME', 'zh_CN.UTF-8'), ('QT_ACCESSIBILITY', '1'), ('GDMSESSION', 'ubuntu'), ('LESSCLOSE', '/usr/bin/lesspipe %s %s'), ('LC_MEASUREMENT', 'zh_CN.UTF-8'), ('GPG_AGENT_INFO', '/run/user/1000/gnupg/S.gpg-agent:0:1'), ('LC_IDENTIFICATION', 'zh_CN.UTF-8'), ('QT_IM_MODULE', 'fcitx'), ('PWD', '/home/zxcx/new_naw/build/point_lio'), ('XDG_CONFIG_DIRS', '/etc/xdg/xdg-ubuntu:/etc/xdg'), ('CLUTTER_IM_MODULE', 'fcitx'), ('XDG_DATA_DIRS', '/usr/share/ubuntu:/usr/share/gnome:/usr/local/share/:/usr/share/:/var/lib/snapd/desktop'), ('PYTHONPATH', '/home/zxcx/new_naw/install/livox_ros_driver2/local/lib/python3.10/dist-packages:/home/zxcx/new_naw/install/custom_msgs/local/lib/python3.10/dist-packages:/opt/ros/humble/lib/python3.10/site-packages:/opt/ros/humble/local/lib/python3.10/dist-packages'), ('LC_NUMERIC', 'zh_CN.UTF-8'), ('LC_PAPER', 'zh_CN.UTF-8'), ('COLCON', '1'), ('VTE_VERSION', '6800'), ('CMAKE_PREFIX_PATH', '/home/zxcx/new_naw/install/livox_ros_driver2:/home/zxcx/new_naw/install/custom_msgs:/home/zxcx/new_naw/install/controller:/opt/ros/humble')]), 'shell': False}
[12.722918] (-) TimerEvent: {}
[12.744989] (point_lio) StdoutLine: {'line': b'[ 14%] \x1b[32mBuilding CXX object CMakeFiles/pointlio_mapping.dir/src/laserMapping.cpp.o\x1b[0m\n'}
[12.745087] (point_lio) StdoutLine: {'line': b'[ 28%] \x1b[32mBuilding CXX object CMakeFiles/pointlio_mapping.dir/src/parameters.cpp.o\x1b[0m\n'}
[12.745461] (point_lio) StdoutLine: {'line': b'[ 42%] \x1b[32mBuilding CXX object CMakeFiles/pointlio_mapping.dir/src/Estimator.cpp.o\x1b[0m\n'}
[12.745538] (point_lio) StdoutLine: {'line': b'[ 57%] \x1b[32mBuilding CXX object CMakeFiles/pointlio_mapping.dir/src/IMU_Processing.cpp.o\x1b[0m\n'}
[12.746028] (point_lio) StdoutLine: {'line': b'[ 85%] \x1b[32mBuilding CXX object CMakeFiles/pointlio_mapping.dir/src/preprocess.cpp.o\x1b[0m\n'}
[12.746086] (point_lio) StdoutLine: {'line': b'[ 85%] \x1b[32mBuilding CXX object CMakeFiles/pointlio_mapping.dir/src/li_initialization.cpp.o\x1b[0m\n'}
[12.823044] (-) TimerEvent: {}
[12.923343] (-) TimerEvent: {}
[13.023644] (-) TimerEvent: {}
[13.123955] (-) TimerEvent: {}
[13.224259] (-) TimerEvent: {}
[13.324585] (-) TimerEvent: {}
[13.424910] (-) TimerEvent: {}
[13.525228] (-) TimerEvent: {}
[13.625544] (-) TimerEvent: {}
[13.725878] (-) TimerEvent: {}
[13.826177] (-) TimerEvent: {}
[13.926491] (-) TimerEvent: {}
[14.026782] (-) TimerEvent: {}
[14.127111] (-) TimerEvent: {}
[14.227409] (-) TimerEvent: {}
[14.327730] (-) TimerEvent: {}
[14.428034] (-) TimerEvent: {}
[14.528357] (-) TimerEvent: {}
[14.628689] (-) TimerEvent: {}
[14.729016] (-) TimerEvent: {}
[14.829363] (-) TimerEvent: {}
[14.929712] (-) TimerEvent: {}
[15.030026] (-) TimerEvent: {}
[15.130344] (-) TimerEvent: {}
[15.230648] (-) TimerEvent: {}
[15.330982] (-) TimerEvent: {}
[15.431305] (-) TimerEvent: {}
[15.531652] (-) TimerEvent: {}
[15.596298] (relocation) StderrLine: {'line': b'\x1b[01m\x1b[K/home/zxcx/new_naw/relocation/src/relocation_node.cpp:\x1b[m\x1b[K In constructor \xe2\x80\x98\x1b[01m\x1b[Krelocation::RelocationNode::RelocationNode()\x1b[m\x1b[K\xe2\x80\x99:\n'}
[15.596490] (relocation) StderrLine: {'line': b'\x1b[01m\x1b[K/home/zxcx/new_naw/relocation/src/relocation_node.cpp:579:10:\x1b[m\x1b[K \x1b[01;35m\x1b[Kwarning: \x1b[m\x1b[K\xe2\x80\x98\x1b[01m\x1b[Krelocation::RelocationNode::trigger_reloc_\x1b[m\x1b[K\xe2\x80\x99 will be initialized after [\x1b[01;35m\x1b[K\x1b]8;;https://gcc.gnu.org/onlinedocs/gcc/Warning-Options.html#index-Wreorder\x07-Wreorder\x1b]8;;\x07\x1b[m\x1b[K]\n'}
[15.596553] (relocation) StderrLine: {'line': b'  579 |     bool \x1b[01;35m\x1b[Ktrigger_reloc_\x1b[m\x1b[K;\n'}
[15.596618] (relocation) StderrLine: {'line': b'      |          \x1b[01;35m\x1b[K^~~~~~~~~~~~~~\x1b[m\x1b[K\n'}
[15.596681] (relocation) StderrLine: {'line': b'\x1b[01m\x1b[K/home/zxcx/new_naw/relocation/src/relocation_node.cpp:573:10:\x1b[m\x1b[K \x1b[01;35m\x1b[Kwarning: \x1b[m\x1b[K  \xe2\x80\x98\x1b[01m\x1b[Kbool relocation::RelocationNode::map_initialized_\x1b[m\x1b[K\xe2\x80\x99 [\x1b[01;35m\x1b[K\x1b]8;;https://gcc.gnu.org/onlinedocs/gcc/Warning-Options.html#index-Wreorder\x07-Wreorder\x1b]8;;\x07\x1b[m\x1b[K]\n'}
[15.596737] (relocation) StderrLine: {'line': b'  573 |     bool \x1b[01;35m\x1b[Kmap_initialized_\x1b[m\x1b[K;\n'}
[15.596777] (relocation) StderrLine: {'line': b'      |          \x1b[01;35m\x1b[K^~~~~~~~~~~~~~~~\x1b[m\x1b[K\n'}
[15.596819] (relocation) StderrLine: {'line': b'\x1b[01m\x1b[K/home/zxcx/new_naw/relocation/src/relocation_node.cpp:50:5:\x1b[m\x1b[K \x1b[01;35m\x1b[Kwarning: \x1b[m\x1b[K  when initialized here [\x1b[01;35m\x1b[K\x1b]8;;https://gcc.gnu.org/onlinedocs/gcc/Warning-Options.html#index-Wreorder\x07-Wreorder\x1b]8;;\x07\x1b[m\x1b[K]\n'}
[15.596869] (relocation) StderrLine: {'line': b'   50 |     \x1b[01;35m\x1b[KRelocationNode\x1b[m\x1b[K() : Node(node_name), is_relocated_(false), trigger_reloc_(true), map_initialized_(false), has_cached_grid_(false), accumulated_frames_(0), initial_gimbal_yaw_(0.0)\n'}
[15.596920] (relocation) StderrLine: {'line': b'      |     \x1b[01;35m\x1b[K^~~~~~~~~~~~~~\x1b[m\x1b[K\n'}
[15.631736] (-) TimerEvent: {}
[15.633624] (relocation) StdoutLine: {'line': b'[ 90%] \x1b[32m\x1b[1mLinking CXX executable test_node\x1b[0m\n'}
[15.731860] (-) TimerEvent: {}
[15.832167] (-) TimerEvent: {}
[15.932508] (-) TimerEvent: {}
[16.032860] (-) TimerEvent: {}
[16.098058] (relocation) StdoutLine: {'line': b'[ 90%] Built target test_node\n'}
[16.132933] (-) TimerEvent: {}
[16.233181] (-) TimerEvent: {}
[16.333498] (-) TimerEvent: {}
[16.433822] (-) TimerEvent: {}
[16.534143] (-) TimerEvent: {}
[16.634462] (-) TimerEvent: {}
[16.734776] (-) TimerEvent: {}
[16.835097] (-) TimerEvent: {}
[16.935416] (-) TimerEvent: {}
[17.035733] (-) TimerEvent: {}
[17.136040] (-) TimerEvent: {}
[17.236361] (-) TimerEvent: {}
[17.336688] (-) TimerEvent: {}
[17.437009] (-) TimerEvent: {}
[17.537313] (-) TimerEvent: {}
[17.637560] (-) TimerEvent: {}
[17.737723] (-) TimerEvent: {}
[17.837898] (-) TimerEvent: {}
[17.938060] (-) TimerEvent: {}
[18.038245] (-) TimerEvent: {}
[18.138401] (-) TimerEvent: {}
[18.238567] (-) TimerEvent: {}
[18.338744] (-) TimerEvent: {}
[18.438925] (-) TimerEvent: {}
[18.539088] (-) TimerEvent: {}
[18.639262] (-) TimerEvent: {}
[18.739426] (-) TimerEvent: {}
[18.839584] (-) TimerEvent: {}
[18.939775] (-) TimerEvent: {}
[19.039953] (-) TimerEvent: {}
[19.140136] (-) TimerEvent: {}
[19.207451] (esdf) StdoutLine: {'line': b'[100%] \x1b[32m\x1b[1mLinking CXX executable esdf_node\x1b[0m\n'}
[19.240215] (-) TimerEvent: {}
[19.340387] (-) TimerEvent: {}
[19.440542] (-) TimerEvent: {}
[19.540684] (-) TimerEvent: {}
[19.640827] (-) TimerEvent: {}
[19.693078] (esdf) StdoutLine: {'line': b'[100%] Built target esdf_node\n'}
[19.702208] (esdf) CommandEnded: {'returncode': 0}
[19.702655] (esdf) JobProgress: {'identifier': 'esdf', 'progress': 'install'}
[19.703412] (esdf) Command: {'cmd': ['/usr/bin/cmake', '--install', '/home/zxcx/new_naw/build/esdf'], 'cwd': '/home/zxcx/new_naw/build/esdf', 'env': OrderedDict([('LESSOPEN', '| /usr/bin/lesspipe %s'), ('LANGUAGE', 'zh_CN:zh:en_US:en'), ('USER', 'zxcx'), ('LC_TIME', 'zh_CN.UTF-8'), ('XDG_SESSION_TYPE', 'x11'), ('SHLVL', '1'), ('LD_LIBRARY_PATH', '/home/zxcx/new_naw/install/custom_msgs/lib:/home/zxcx/new_naw/install/livox_ros_driver2/lib:/usr/lib/x86_64-linux-gnu/gazebo-11/plugins:/opt/ros/humble/opt/rviz_ogre_vendor/lib:/opt/ros/humble/lib/x86_64-linux-gnu:/opt/ros/humble/lib'), ('HOME', '/home/zxcx'), ('OLDPWD', '/home/zxcx'), ('DESKTOP_SESSION', 'ubuntu'), ('ROS_PYTHON_VERSION', '3'), ('GNOME_SHELL_SESSION_MODE', 'ubuntu'), ('GTK_MODULES', 'gail:atk-bridge'), ('LC_MONETARY', 'zh_CN.UTF-8'), ('SYSTEMD_EXEC_PID', '2718'), ('DBUS_SESSION_BUS_ADDRESS', 'unix:path=/run/user/1000/bus'), ('COLORTERM', 'truecolor'), ('IM_CONFIG_PHASE', '1'), ('COLCON_PREFIX_PATH', '/home/zxcx/new_naw/install'), ('ROS_DISTRO', 'humble'), ('GTK_IM_MODULE', 'fcitx'), ('LOGNAME', 'zxcx'), ('_', '/usr/bin/colcon'), ('ROS_VERSION', '2'), ('XDG_SESSION_CLASS', 'user'), ('USERNAME', 'zxcx'), ('TERM', 'xterm-256color'), ('GNOME_DESKTOP_SESSION_ID', 'this-is-deprecated'), ('ROS_LOCALHOST_ONLY', '0'), ('WINDOWPATH', '2'), ('PATH', '/opt/ros/humble/bin:/usr/local/sbin:/usr/local/bin:/usr/sbin:/usr/bin:/sbin:/bin:/usr/games:/usr/local/games:/snap/bin:/snap/bin'), ('SESSION_MANAGER', 'local/zxcx0219:@/tmp/.ICE-unix/2481,unix/zxcx0219:/tmp/.ICE-unix/2481'), ('XDG_MENU_PREFIX', 'gnome-'), ('LC_ADDRESS', 'zh_CN.UTF-8'), ('GNOME_TERMINAL_SCREEN', '/org/gnome/Terminal/screen/bf679257_c193_4163_8cbb_24a3c4f52a94'), ('XDG_RUNTIME_DIR', '/run/user/1000'), ('DISPLAY', ':1'), ('LANG', 'zh_CN.UTF-8'), ('XDG_CURRENT_DESKTOP', 'ubuntu:GNOME'), ('LC_TELEPHONE', 'zh_CN.UTF-8'), ('XMODIFIERS', '@im=fcitx'), ('XDG_SESSION_DESKTOP', 'ubuntu'), ('XAUTHORITY', '/run/user/1000/gdm/Xauthority'), ('LS_COLORS', 'rs=0:di=01;34:ln=01;36:mh=00:pi=40;33:so=01;35:do=01;35:bd=40;33;01:cd=40;33;01:or=40;31;01:mi=00:su=37;41:sg=30;43:ca=30;41:tw=30;42:ow=34;42:st=37;44:ex=01;32:*.tar=01;31:*.tgz=01;31:*.arc=01;31:*.arj=01;31:*.taz=01;31:*.lha=01;31:*.lz4=01;31:*.lzh=01;31:*.lzma=01;31:*.tlz=01;31:*.txz=01;31:*.tzo=01;31:*.t7z=01;31:*.zip=01;31:*.z=01;31:*.dz=01;31:*.gz=01;31:*.lrz=01;31:*.lz=01;31:*.lzo=01;31:*.xz=01;31:*.zst=01;31:*.tzst=01;31:*.bz2=01;31:*.bz=01;31:*.tbz=01;31:*.tbz2=01;31:*.tz=01;31:*.deb=01;31:*.rpm=01;31:*.jar=01;31:*.war=01;31:*.ear=01;31:*.sar=01;31:*.rar=01;31:*.alz=01;31:*.ace=01;31:*.zoo=01;31:*.cpio=01;31:*.7z=01;31:*.rz=01;31:*.cab=01;31:*.wim=01;31:*.swm=01;31:*.dwm=01;31:*.esd=01;31:*.jpg=01;35:*.jpeg=01;35:*.mjpg=01;35:*.mjpeg=01;35:*.gif=01;35:*.bmp=01;35:*.pbm=01;35:*.pgm=01;35:*.ppm=01;35:*.tga=01;35:*.xbm=01;35:*.xpm=01;35:*.tif=01;35:*.tiff=01;35:*.png=01;35:*.svg=01;35:*.svgz=01;35:*.mng=01;35:*.pcx=01;35:*.mov=01;35:*.mpg=01;35:*.mpeg=01;35:*.m2v=01;35:*.mkv=01;35:*.webm=01;35:*.webp=01;35:*.ogm=01;35:*.mp4=01;35:*.m4v=01;35:*.mp4v=01;35:*.vob=01;35:*.qt=01;35:*.nuv=01;35:*.wmv=01;35:*.asf=01;35:*.rm=01;35:*.rmvb=01;35:*.flc=01;35:*.avi=01;35:*.fli=01;35:*.flv=01;35:*.gl=01;35:*.dl=01;35:*.xcf=01;35:*.xwd=01;35:*.yuv=01;35:*.cgm=01;35:*.emf=01;35:*.ogv=01;35:*.ogx=01;35:*.aac=00;36:*.au=00;36:*.flac=00;36:*.m4a=00;36:*.mid=00;36:*.midi=00;36:*.mka=00;36:*.mp3=00;36:*.mpc=00;36:*.ogg=00;36:*.ra=00;36:*.wav=00;36:*.oga=00;36:*.opus=00;36:*.spx=00;36:*.xspf=00;36:'), ('GNOME_TERMINAL_SERVICE', ':1.113'), ('SSH_AGENT_LAUNCHER', 'gnome-keyring'), ('SSH_AUTH_SOCK', '/run/user/1000/keyring/ssh'), ('AMENT_PREFIX_PATH', '/home/zxcx/new_naw/install/livox_ros_driver2:/home/zxcx/new_naw/install/custom_msgs:/home/zxcx/new_naw/install/controller:/opt/ros/humble'), ('SHELL', '/bin/bash'), ('LC_NAME', 'zh_CN.UTF-8'), ('QT_ACCESSIBILITY', '1'), ('GDMSESSION', 'ubuntu'), ('LESSCLOSE', '/usr/bin/lesspipe %s %s'), ('LC_MEASUREMENT', 'zh_CN.UTF-8'), ('GPG_AGENT_INFO', '/run/user/1000/gnupg/S.gpg-agent:0:1'), ('LC_IDENTIFICATION', 'zh_CN.UTF-8'), ('QT_IM_MODULE', 'fcitx'), ('PWD', '/home/zxcx/new_naw/build/esdf'), ('XDG_CONFIG_DIRS', '/etc/xdg/xdg-ubuntu:/etc/xdg'), ('CLUTTER_IM_MODULE', 'fcitx'), ('XDG_DATA_DIRS', '/usr/share/ubuntu:/usr/share/gnome:/usr/local/share/:/usr/share/:/var/lib/snapd/desktop'), ('PYTHONPATH', '/home/zxcx/new_naw/install/livox_ros_driver2/local/lib/python3.10/dist-packages:/home/zxcx/new_naw/install/custom_msgs/local/lib/python3.10/dist-packages:/opt/ros/humble/lib/python3.10/site-packages:/opt/ros/humble/local/lib/python3.10/dist-packages'), ('LC_NUMERIC', 'zh_CN.UTF-8'), ('LC_PAPER', 'zh_CN.UTF-8'), ('COLCON', '1'), ('VTE_VERSION', '6800'), ('CMAKE_PREFIX_PATH', '/home/zxcx/new_naw/install/custom_msgs:/home/zxcx/new_naw/install/livox_ros_driver2:/home/zxcx/new_naw/install/controller:/opt/ros/humble')]), 'shell': False}
[19.708878] (esdf) StdoutLine: {'line': b'-- Install configuration: "Release"\n'}
[19.709024] (esdf) StdoutLine: {'line': b'-- Installing: /home/zxcx/new_naw/install/esdf/lib/esdf/esdf_node\n'}
[19.710308] (esdf) StdoutLine: {'line': b'-- Set runtime path of "/home/zxcx/new_naw/install/esdf/lib/esdf/esdf_node" to ""\n'}
[19.710366] (esdf) StdoutLine: {'line': b'-- Installing: /home/zxcx/new_naw/install/esdf/lib/esdf/esdf_test\n'}
[19.710595] (esdf) StdoutLine: {'line': b'-- Installing: /home/zxcx/new_naw/install/esdf/share/ament_index/resource_index/package_run_dependencies/esdf\n'}
[19.710734] (esdf) StdoutLine: {'line': b'-- Installing: /home/zxcx/new_naw/install/esdf/share/ament_index/resource_index/parent_prefix_path/esdf\n'}
[19.710881] (esdf) StdoutLine: {'line': b'-- Installing: /home/zxcx/new_naw/install/esdf/share/esdf/environment/ament_prefix_path.sh\n'}
[19.710981] (esdf) StdoutLine: {'line': b'-- Installing: /home/zxcx/new_naw/install/esdf/share/esdf/environment/ament_prefix_path.dsv\n'}
[19.711064] (esdf) StdoutLine: {'line': b'-- Installing: /home/zxcx/new_naw/install/esdf/share/esdf/environment/path.sh\n'}
[19.711152] (esdf) StdoutLine: {'line': b'-- Installing: /home/zxcx/new_naw/install/esdf/share/esdf/environment/path.dsv\n'}
[19.711241] (esdf) StdoutLine: {'line': b'-- Installing: /home/zxcx/new_naw/install/esdf/share/esdf/local_setup.bash\n'}
[19.711343] (esdf) StdoutLine: {'line': b'-- Installing: /home/zxcx/new_naw/install/esdf/share/esdf/local_setup.sh\n'}
[19.711450] (esdf) StdoutLine: {'line': b'-- Installing: /home/zxcx/new_naw/install/esdf/share/esdf/local_setup.zsh\n'}
[19.711546] (esdf) StdoutLine: {'line': b'-- Installing: /home/zxcx/new_naw/install/esdf/share/esdf/local_setup.dsv\n'}
[19.711647] (esdf) StdoutLine: {'line': b'-- Installing: /home/zxcx/new_naw/install/esdf/share/esdf/package.dsv\n'}
[19.711793] (esdf) StdoutLine: {'line': b'-- Installing: /home/zxcx/new_naw/install/esdf/share/ament_index/resource_index/packages/esdf\n'}
[19.711908] (esdf) StdoutLine: {'line': b'-- Installing: /home/zxcx/new_naw/install/esdf/share/esdf/cmake/esdfConfig.cmake\n'}
[19.712009] (esdf) StdoutLine: {'line': b'-- Installing: /home/zxcx/new_naw/install/esdf/share/esdf/cmake/esdfConfig-version.cmake\n'}
[19.712104] (esdf) StdoutLine: {'line': b'-- Installing: /home/zxcx/new_naw/install/esdf/share/esdf/package.xml\n'}
[19.713838] (esdf) CommandEnded: {'returncode': 0}
[19.720474] (esdf) JobEnded: {'identifier': 'esdf', 'rc': 0}
[19.740920] (-) TimerEvent: {}
[19.841079] (-) TimerEvent: {}
[19.941256] (-) TimerEvent: {}
[20.041431] (-) TimerEvent: {}
[20.141598] (-) TimerEvent: {}
[20.241738] (-) TimerEvent: {}
[20.341910] (-) TimerEvent: {}
[20.442088] (-) TimerEvent: {}
[20.542271] (-) TimerEvent: {}
[20.642427] (-) TimerEvent: {}
[20.742552] (-) TimerEvent: {}
[20.842700] (-) TimerEvent: {}
[20.942846] (-) TimerEvent: {}
[21.042998] (-) TimerEvent: {}
[21.143140] (-) TimerEvent: {}
[21.243285] (-) TimerEvent: {}
[21.343431] (-) TimerEvent: {}
[21.443577] (-) TimerEvent: {}
[21.543735] (-) TimerEvent: {}
[21.643882] (-) TimerEvent: {}
[21.744054] (-) TimerEvent: {}
[21.844220] (-) TimerEvent: {}
[21.944374] (-) TimerEvent: {}
[22.044548] (-) TimerEvent: {}
[22.144718] (-) TimerEvent: {}
[22.244890] (-) TimerEvent: {}
[22.345066] (-) TimerEvent: {}
[22.445240] (-) TimerEvent: {}
[22.545415] (-) TimerEvent: {}
[22.645582] (-) TimerEvent: {}
[22.745730] (-) TimerEvent: {}
[22.845906] (-) TimerEvent: {}
[22.946074] (-) TimerEvent: {}
[23.046246] (-) TimerEvent: {}
[23.146418] (-) TimerEvent: {}
[23.246594] (-) TimerEvent: {}
[23.278669] (planner) StdoutLine: {'line': b'[100%] \x1b[32m\x1b[1mLinking CXX executable planner_node\x1b[0m\n'}
[23.346689] (-) TimerEvent: {}
[23.446872] (-) TimerEvent: {}
[23.485911] (planner) StdoutLine: {'line': b'[100%] Built target planner_node\n'}
[23.494519] (planner) CommandEnded: {'returncode': 0}
[23.495032] (planner) JobProgress: {'identifier': 'planner', 'progress': 'install'}
[23.495841] (planner) Command: {'cmd': ['/usr/bin/cmake', '--install', '/home/zxcx/new_naw/build/planner'], 'cwd': '/home/zxcx/new_naw/build/planner', 'env': OrderedDict([('LESSOPEN', '| /usr/bin/lesspipe %s'), ('LANGUAGE', 'zh_CN:zh:en_US:en'), ('USER', 'zxcx'), ('LC_TIME', 'zh_CN.UTF-8'), ('XDG_SESSION_TYPE', 'x11'), ('SHLVL', '1'), ('LD_LIBRARY_PATH', '/home/zxcx/new_naw/install/custom_msgs/lib:/home/zxcx/new_naw/install/livox_ros_driver2/lib:/usr/lib/x86_64-linux-gnu/gazebo-11/plugins:/opt/ros/humble/opt/rviz_ogre_vendor/lib:/opt/ros/humble/lib/x86_64-linux-gnu:/opt/ros/humble/lib'), ('HOME', '/home/zxcx'), ('OLDPWD', '/home/zxcx'), ('DESKTOP_SESSION', 'ubuntu'), ('ROS_PYTHON_VERSION', '3'), ('GNOME_SHELL_SESSION_MODE', 'ubuntu'), ('GTK_MODULES', 'gail:atk-bridge'), ('LC_MONETARY', 'zh_CN.UTF-8'), ('SYSTEMD_EXEC_PID', '2718'), ('DBUS_SESSION_BUS_ADDRESS', 'unix:path=/run/user/1000/bus'), ('COLORTERM', 'truecolor'), ('IM_CONFIG_PHASE', '1'), ('COLCON_PREFIX_PATH', '/home/zxcx/new_naw/install'), ('ROS_DISTRO', 'humble'), ('GTK_IM_MODULE', 'fcitx'), ('LOGNAME', 'zxcx'), ('_', '/usr/bin/colcon'), ('ROS_VERSION', '2'), ('XDG_SESSION_CLASS', 'user'), ('USERNAME', 'zxcx'), ('TERM', 'xterm-256color'), ('GNOME_DESKTOP_SESSION_ID', 'this-is-deprecated'), ('ROS_LOCALHOST_ONLY', '0'), ('WINDOWPATH', '2'), ('PATH', '/opt/ros/humble/bin:/usr/local/sbin:/usr/local/bin:/usr/sbin:/usr/bin:/sbin:/bin:/usr/games:/usr/local/games:/snap/bin:/snap/bin'), ('SESSION_MANAGER', 'local/zxcx0219:@/tmp/.ICE-unix/2481,unix/zxcx0219:/tmp/.ICE-unix/2481'), ('XDG_MENU_PREFIX', 'gnome-'), ('LC_ADDRESS', 'zh_CN.UTF-8'), ('GNOME_TERMINAL_SCREEN', '/org/gnome/Terminal/screen/bf679257_c193_4163_8cbb_24a3c4f52a94'), ('XDG_RUNTIME_DIR', '/run/user/1000'), ('DISPLAY', ':1'), ('LANG', 'zh_CN.UTF-8'), ('XDG_CURRENT_DESKTOP', 'ubuntu:GNOME'), ('LC_TELEPHONE', 'zh_CN.UTF-8'), ('XMODIFIERS', '@im=fcitx'), ('XDG_SESSION_DESKTOP', 'ubuntu'), ('XAUTHORITY', '/run/user/1000/gdm/Xauthority'), ('LS_COLORS', 'rs=0:di=01;34:ln=01;36:mh=00:pi=40;33:so=01;35:do=01;35:bd=40;33;01:cd=40;33;01:or=40;31;01:mi=00:su=37;41:sg=30;43:ca=30;41:tw=30;42:ow=34;42:st=37;44:ex=01;32:*.tar=01;31:*.tgz=01;31:*.arc=01;31:*.arj=01;31:*.taz=01;31:*.lha=01;31:*.lz4=01;31:*.lzh=01;31:*.lzma=01;31:*.tlz=01;31:*.txz=01;31:*.tzo=01;31:*.t7z=01;31:*.zip=01;31:*.z=01;31:*.dz=01;31:*.gz=01;31:*.lrz=01;31:*.lz=01;31:*.lzo=01;31:*.xz=01;31:*.zst=01;31:*.tzst=01;31:*.bz2=01;31:*.bz=01;31:*.tbz=01;31:*.tbz2=01;31:*.tz=01;31:*.deb=01;31:*.rpm=01;31:*.jar=01;31:*.war=01;31:*.ear=01;31:*.sar=01;31:*.rar=01;31:*.alz=01;31:*.ace=01;31:*.zoo=01;31:*.cpio=01;31:*.7z=01;31:*.rz=01;31:*.cab=01;31:*.wim=01;31:*.swm=01;31:*.dwm=01;31:*.esd=01;31:*.jpg=01;35:*.jpeg=01;35:*.mjpg=01;35:*.mjpeg=01;35:*.gif=01;35:*.bmp=01;35:*.pbm=01;35:*.pgm=01;35:*.ppm=01;35:*.tga=01;35:*.xbm=01;35:*.xpm=01;35:*.tif=01;35:*.tiff=01;35:*.png=01;35:*.svg=01;35:*.svgz=01;35:*.mng=01;35:*.pcx=01;35:*.mov=01;35:*.mpg=01;35:*.mpeg=01;35:*.m2v=01;35:*.mkv=01;35:*.webm=01;35:*.webp=01;35:*.ogm=01;35:*.mp4=01;35:*.m4v=01;35:*.mp4v=01;35:*.vob=01;35:*.qt=01;35:*.nuv=01;35:*.wmv=01;35:*.asf=01;35:*.rm=01;35:*.rmvb=01;35:*.flc=01;35:*.avi=01;35:*.fli=01;35:*.flv=01;35:*.gl=01;35:*.dl=01;35:*.xcf=01;35:*.xwd=01;35:*.yuv=01;35:*.cgm=01;35:*.emf=01;35:*.ogv=01;35:*.ogx=01;35:*.aac=00;36:*.au=00;36:*.flac=00;36:*.m4a=00;36:*.mid=00;36:*.midi=00;36:*.mka=00;36:*.mp3=00;36:*.mpc=00;36:*.ogg=00;36:*.ra=00;36:*.wav=00;36:*.oga=00;36:*.opus=00;36:*.spx=00;36:*.xspf=00;36:'), ('GNOME_TERMINAL_SERVICE', ':1.113'), ('SSH_AGENT_LAUNCHER', 'gnome-keyring'), ('SSH_AUTH_SOCK', '/run/user/1000/keyring/ssh'), ('AMENT_PREFIX_PATH', '/home/zxcx/new_naw/install/livox_ros_driver2:/home/zxcx/new_naw/install/custom_msgs:/home/zxcx/new_naw/install/controller:/opt/ros/humble'), ('SHELL', '/bin/bash'), ('LC_NAME', 'zh_CN.UTF-8'), ('QT_ACCESSIBILITY', '1'), ('GDMSESSION', 'ubuntu'), ('LESSCLOSE', '/usr/bin/lesspipe %s %s'), ('LC_MEASUREMENT', 'zh_CN.UTF-8'), ('GPG_AGENT_INFO', '/run/user/1000/gnupg/S.gpg-agent:0:1'), ('LC_IDENTIFICATION', 'zh_CN.UTF-8'), ('QT_IM_MODULE', 'fcitx'), ('PWD', '/home/zxcx/new_naw/build/planner'), ('XDG_CONFIG_DIRS', '/etc/xdg/xdg-ubuntu:/etc/xdg'), ('CLUTTER_IM_MODULE', 'fcitx'), ('XDG_DATA_DIRS', '/usr/share/ubuntu:/usr/share/gnome:/usr/local/share/:/usr/share/:/var/lib/snapd/desktop'), ('PYTHONPATH', '/home/zxcx/new_naw/install/livox_ros_driver2/local/lib/python3.10/dist-packages:/home/zxcx/new_naw/install/custom_msgs/local/lib/python3.10/dist-packages:/opt/ros/humble/lib/python3.10/site-packages:/opt/ros/humble/local/lib/python3.10/dist-packages'), ('LC_NUMERIC', 'zh_CN.UTF-8'), ('LC_PAPER', 'zh_CN.UTF-8'), ('COLCON', '1'), ('VTE_VERSION', '6800'), ('CMAKE_PREFIX_PATH', '/home/zxcx/new_naw/install/custom_msgs:/home/zxcx/new_naw/install/livox_ros_driver2:/home/zxcx/new_naw/install/controller:/opt/ros/humble')]), 'shell': False}
[23.500584] (planner) StdoutLine: {'line': b'-- Install configuration: "Release"\n'}
[23.500733] (planner) StdoutLine: {'line': b'-- Installing: /home/zxcx/new_naw/install/planner/lib/planner/planner_node\n'}
[23.503149] (planner) StdoutLine: {'line': b'-- Set runtime path of "/home/zxcx/new_naw/install/planner/lib/planner/planner_node" to ""\n'}
[23.503218] (planner) StdoutLine: {'line': b'-- Installing: /home/zxcx/new_naw/install/planner/lib/planner/planner_test\n'}
[23.503705] (planner) StdoutLine: {'line': b'-- Set runtime path of "/home/zxcx/new_naw/install/planner/lib/planner/planner_test" to ""\n'}
[23.503823] (planner) StdoutLine: {'line': b'-- Installing: /home/zxcx/new_naw/install/planner/share/ament_index/resource_index/package_run_dependencies/planner\n'}
[23.503968] (planner) StdoutLine: {'line': b'-- Installing: /home/zxcx/new_naw/install/planner/share/ament_index/resource_index/parent_prefix_path/planner\n'}
[23.504101] (planner) StdoutLine: {'line': b'-- Installing: /home/zxcx/new_naw/install/planner/share/planner/environment/ament_prefix_path.sh\n'}
[23.504190] (planner) StdoutLine: {'line': b'-- Installing: /home/zxcx/new_naw/install/planner/share/planner/environment/ament_prefix_path.dsv\n'}
[23.504276] (planner) StdoutLine: {'line': b'-- Installing: /home/zxcx/new_naw/install/planner/share/planner/environment/path.sh\n'}
[23.504361] (planner) StdoutLine: {'line': b'-- Installing: /home/zxcx/new_naw/install/planner/share/planner/environment/path.dsv\n'}
[23.504446] (planner) StdoutLine: {'line': b'-- Installing: /home/zxcx/new_naw/install/planner/share/planner/local_setup.bash\n'}
[23.504549] (planner) StdoutLine: {'line': b'-- Installing: /home/zxcx/new_naw/install/planner/share/planner/local_setup.sh\n'}
[23.504665] (planner) StdoutLine: {'line': b'-- Installing: /home/zxcx/new_naw/install/planner/share/planner/local_setup.zsh\n'}
[23.504771] (planner) StdoutLine: {'line': b'-- Installing: /home/zxcx/new_naw/install/planner/share/planner/local_setup.dsv\n'}
[23.504870] (planner) StdoutLine: {'line': b'-- Installing: /home/zxcx/new_naw/install/planner/share/planner/package.dsv\n'}
[23.505003] (planner) StdoutLine: {'line': b'-- Installing: /home/zxcx/new_naw/install/planner/share/ament_index/resource_index/packages/planner\n'}
[23.505131] (planner) StdoutLine: {'line': b'-- Installing: /home/zxcx/new_naw/install/planner/share/planner/cmake/plannerConfig.cmake\n'}
[23.505213] (planner) StdoutLine: {'line': b'-- Installing: /home/zxcx/new_naw/install/planner/share/planner/cmake/plannerConfig-version.cmake\n'}
[23.505317] (planner) StdoutLine: {'line': b'-- Installing: /home/zxcx/new_naw/install/planner/share/planner/package.xml\n'}
[23.506653] (planner) CommandEnded: {'returncode': 0}
[23.513445] (planner) JobEnded: {'identifier': 'planner', 'rc': 0}
[23.546960] (-) TimerEvent: {}
[23.647129] (-) TimerEvent: {}
[23.747287] (-) TimerEvent: {}
[23.847449] (-) TimerEvent: {}
[23.947593] (-) TimerEvent: {}
[24.047758] (-) TimerEvent: {}
[24.147898] (-) TimerEvent: {}
[24.248048] (-) TimerEvent: {}
[24.348193] (-) TimerEvent: {}
[24.448338] (-) TimerEvent: {}
[24.548555] (-) TimerEvent: {}
[24.648859] (-) TimerEvent: {}
[24.749029] (-) TimerEvent: {}
[24.849199] (-) TimerEvent: {}
[24.949355] (-) TimerEvent: {}
[25.049500] (-) TimerEvent: {}
[25.149653] (-) TimerEvent: {}
[25.249873] (-) TimerEvent: {}
[25.350057] (-) TimerEvent: {}
[25.450208] (-) TimerEvent: {}
[25.550370] (-) TimerEvent: {}
[25.650528] (-) TimerEvent: {}
[25.750698] (-) TimerEvent: {}
[25.850858] (-) TimerEvent: {}
[25.951019] (-) TimerEvent: {}
[26.051189] (-) TimerEvent: {}
[26.151352] (-) TimerEvent: {}
[26.251508] (-) TimerEvent: {}
[26.351678] (-) TimerEvent: {}
[26.451817] (-) TimerEvent: {}
[26.551979] (-) TimerEvent: {}
[26.652119] (-) TimerEvent: {}
[26.752282] (-) TimerEvent: {}
[26.852422] (-) TimerEvent: {}
[26.952584] (-) TimerEvent: {}
[27.052734] (-) TimerEvent: {}
[27.152900] (-) TimerEvent: {}
[27.253039] (-) TimerEvent: {}
[27.353201] (-) TimerEvent: {}
[27.453342] (-) TimerEvent: {}
[27.553507] (-) TimerEvent: {}
[27.653647] (-) TimerEvent: {}
[27.753818] (-) TimerEvent: {}
[27.853958] (-) TimerEvent: {}
[27.954120] (-) TimerEvent: {}
[28.054274] (-) TimerEvent: {}
[28.154436] (-) TimerEvent: {}
[28.254587] (-) TimerEvent: {}
[28.354760] (-) TimerEvent: {}
[28.454911] (-) TimerEvent: {}
[28.555072] (-) TimerEvent: {}
[28.655230] (-) TimerEvent: {}
[28.755394] (-) TimerEvent: {}
[28.855559] (-) TimerEvent: {}
[28.955736] (-) TimerEvent: {}
[29.055899] (-) TimerEvent: {}
[29.156067] (-) TimerEvent: {}
[29.256226] (-) TimerEvent: {}
[29.356385] (-) TimerEvent: {}
[29.456526] (-) TimerEvent: {}
[29.556691] (-) TimerEvent: {}
[29.656826] (-) TimerEvent: {}
[29.756994] (-) TimerEvent: {}
[29.857133] (-) TimerEvent: {}
[29.957290] (-) TimerEvent: {}
[30.057429] (-) TimerEvent: {}
[30.157592] (-) TimerEvent: {}
[30.257751] (-) TimerEvent: {}
[30.357918] (-) TimerEvent: {}
[30.458077] (-) TimerEvent: {}
[30.558237] (-) TimerEvent: {}
[30.658386] (-) TimerEvent: {}
[30.758555] (-) TimerEvent: {}
[30.858708] (-) TimerEvent: {}
[30.958869] (-) TimerEvent: {}
[31.059029] (-) TimerEvent: {}
[31.159189] (-) TimerEvent: {}
[31.259322] (-) TimerEvent: {}
[31.359483] (-) TimerEvent: {}
[31.459624] (-) TimerEvent: {}
[31.559803] (-) TimerEvent: {}
[31.659945] (-) TimerEvent: {}
[31.760109] (-) TimerEvent: {}
[31.860249] (-) TimerEvent: {}
[31.960413] (-) TimerEvent: {}
[32.060549] (-) TimerEvent: {}
[32.160707] (-) TimerEvent: {}
[32.260849] (-) TimerEvent: {}
[32.361012] (-) TimerEvent: {}
[32.461171] (-) TimerEvent: {}
[32.561336] (-) TimerEvent: {}
[32.661478] (-) TimerEvent: {}
[32.675415] (relocation) StdoutLine: {'line': b'[100%] \x1b[32m\x1b[1mLinking CXX executable relocation_node\x1b[0m\n'}
[32.761566] (-) TimerEvent: {}
[32.861718] (-) TimerEvent: {}
[32.961879] (-) TimerEvent: {}
[33.062018] (-) TimerEvent: {}
[33.162184] (-) TimerEvent: {}
[33.196246] (relocation) StdoutLine: {'line': b'[100%] Built target relocation_node\n'}
[33.203950] (relocation) CommandEnded: {'returncode': 0}
[33.204535] (relocation) JobProgress: {'identifier': 'relocation', 'progress': 'install'}
[33.205237] (relocation) Command: {'cmd': ['/usr/bin/cmake', '--install', '/home/zxcx/new_naw/build/relocation'], 'cwd': '/home/zxcx/new_naw/build/relocation', 'env': OrderedDict([('LESSOPEN', '| /usr/bin/lesspipe %s'), ('LANGUAGE', 'zh_CN:zh:en_US:en'), ('USER', 'zxcx'), ('LC_TIME', 'zh_CN.UTF-8'), ('XDG_SESSION_TYPE', 'x11'), ('SHLVL', '1'), ('LD_LIBRARY_PATH', '/home/zxcx/new_naw/install/custom_msgs/lib:/home/zxcx/new_naw/install/livox_ros_driver2/lib:/usr/lib/x86_64-linux-gnu/gazebo-11/plugins:/opt/ros/humble/opt/rviz_ogre_vendor/lib:/opt/ros/humble/lib/x86_64-linux-gnu:/opt/ros/humble/lib'), ('HOME', '/home/zxcx'), ('OLDPWD', '/home/zxcx'), ('DESKTOP_SESSION', 'ubuntu'), ('ROS_PYTHON_VERSION', '3'), ('GNOME_SHELL_SESSION_MODE', 'ubuntu'), ('GTK_MODULES', 'gail:atk-bridge'), ('LC_MONETARY', 'zh_CN.UTF-8'), ('SYSTEMD_EXEC_PID', '2718'), ('DBUS_SESSION_BUS_ADDRESS', 'unix:path=/run/user/1000/bus'), ('COLORTERM', 'truecolor'), ('IM_CONFIG_PHASE', '1'), ('COLCON_PREFIX_PATH', '/home/zxcx/new_naw/install'), ('ROS_DISTRO', 'humble'), ('GTK_IM_MODULE', 'fcitx'), ('LOGNAME', 'zxcx'), ('_', '/usr/bin/colcon'), ('ROS_VERSION', '2'), ('XDG_SESSION_CLASS', 'user'), ('USERNAME', 'zxcx'), ('TERM', 'xterm-256color'), ('GNOME_DESKTOP_SESSION_ID', 'this-is-deprecated'), ('ROS_LOCALHOST_ONLY', '0'), ('WINDOWPATH', '2'), ('PATH', '/opt/ros/humble/bin:/usr/local/sbin:/usr/local/bin:/usr/sbin:/usr/bin:/sbin:/bin:/usr/games:/usr/local/games:/snap/bin:/snap/bin'), ('SESSION_MANAGER', 'local/zxcx0219:@/tmp/.ICE-unix/2481,unix/zxcx0219:/tmp/.ICE-unix/2481'), ('XDG_MENU_PREFIX', 'gnome-'), ('LC_ADDRESS', 'zh_CN.UTF-8'), ('GNOME_TERMINAL_SCREEN', '/org/gnome/Terminal/screen/bf679257_c193_4163_8cbb_24a3c4f52a94'), ('XDG_RUNTIME_DIR', '/run/user/1000'), ('DISPLAY', ':1'), ('LANG', 'zh_CN.UTF-8'), ('XDG_CURRENT_DESKTOP', 'ubuntu:GNOME'), ('LC_TELEPHONE', 'zh_CN.UTF-8'), ('XMODIFIERS', '@im=fcitx'), ('XDG_SESSION_DESKTOP', 'ubuntu'), ('XAUTHORITY', '/run/user/1000/gdm/Xauthority'), ('LS_COLORS', 'rs=0:di=01;34:ln=01;36:mh=00:pi=40;33:so=01;35:do=01;35:bd=40;33;01:cd=40;33;01:or=40;31;01:mi=00:su=37;41:sg=30;43:ca=30;41:tw=30;42:ow=34;42:st=37;44:ex=01;32:*.tar=01;31:*.tgz=01;31:*.arc=01;31:*.arj=01;31:*.taz=01;31:*.lha=01;31:*.lz4=01;31:*.lzh=01;31:*.lzma=01;31:*.tlz=01;31:*.txz=01;31:*.tzo=01;31:*.t7z=01;31:*.zip=01;31:*.z=01;31:*.dz=01;31:*.gz=01;31:*.lrz=01;31:*.lz=01;31:*.lzo=01;31:*.xz=01;31:*.zst=01;31:*.tzst=01;31:*.bz2=01;31:*.bz=01;31:*.tbz=01;31:*.tbz2=01;31:*.tz=01;31:*.deb=01;31:*.rpm=01;31:*.jar=01;31:*.war=01;31:*.ear=01;31:*.sar=01;31:*.rar=01;31:*.alz=01;31:*.ace=01;31:*.zoo=01;31:*.cpio=01;31:*.7z=01;31:*.rz=01;31:*.cab=01;31:*.wim=01;31:*.swm=01;31:*.dwm=01;31:*.esd=01;31:*.jpg=01;35:*.jpeg=01;35:*.mjpg=01;35:*.mjpeg=01;35:*.gif=01;35:*.bmp=01;35:*.pbm=01;35:*.pgm=01;35:*.ppm=01;35:*.tga=01;35:*.xbm=01;35:*.xpm=01;35:*.tif=01;35:*.tiff=01;35:*.png=01;35:*.svg=01;35:*.svgz=01;35:*.mng=01;35:*.pcx=01;35:*.mov=01;35:*.mpg=01;35:*.mpeg=01;35:*.m2v=01;35:*.mkv=01;35:*.webm=01;35:*.webp=01;35:*.ogm=01;35:*.mp4=01;35:*.m4v=01;35:*.mp4v=01;35:*.vob=01;35:*.qt=01;35:*.nuv=01;35:*.wmv=01;35:*.asf=01;35:*.rm=01;35:*.rmvb=01;35:*.flc=01;35:*.avi=01;35:*.fli=01;35:*.flv=01;35:*.gl=01;35:*.dl=01;35:*.xcf=01;35:*.xwd=01;35:*.yuv=01;35:*.cgm=01;35:*.emf=01;35:*.ogv=01;35:*.ogx=01;35:*.aac=00;36:*.au=00;36:*.flac=00;36:*.m4a=00;36:*.mid=00;36:*.midi=00;36:*.mka=00;36:*.mp3=00;36:*.mpc=00;36:*.ogg=00;36:*.ra=00;36:*.wav=00;36:*.oga=00;36:*.opus=00;36:*.spx=00;36:*.xspf=00;36:'), ('GNOME_TERMINAL_SERVICE', ':1.113'), ('SSH_AGENT_LAUNCHER', 'gnome-keyring'), ('SSH_AUTH_SOCK', '/run/user/1000/keyring/ssh'), ('AMENT_PREFIX_PATH', '/home/zxcx/new_naw/install/livox_ros_driver2:/home/zxcx/new_naw/install/custom_msgs:/home/zxcx/new_naw/install/controller:/opt/ros/humble'), ('SHELL', '/bin/bash'), ('LC_NAME', 'zh_CN.UTF-8'), ('QT_ACCESSIBILITY', '1'), ('GDMSESSION', 'ubuntu'), ('LESSCLOSE', '/usr/bin/lesspipe %s %s'), ('LC_MEASUREMENT', 'zh_CN.UTF-8'), ('GPG_AGENT_INFO', '/run/user/1000/gnupg/S.gpg-agent:0:1'), ('LC_IDENTIFICATION', 'zh_CN.UTF-8'), ('QT_IM_MODULE', 'fcitx'), ('PWD', '/home/zxcx/new_naw/build/relocation'), ('XDG_CONFIG_DIRS', '/etc/xdg/xdg-ubuntu:/etc/xdg'), ('CLUTTER_IM_MODULE', 'fcitx'), ('XDG_DATA_DIRS', '/usr/share/ubuntu:/usr/share/gnome:/usr/local/share/:/usr/share/:/var/lib/snapd/desktop'), ('PYTHONPATH', '/home/zxcx/new_naw/install/livox_ros_driver2/local/lib/python3.10/dist-packages:/home/zxcx/new_naw/install/custom_msgs/local/lib/python3.10/dist-packages:/opt/ros/humble/lib/python3.10/site-packages:/opt/ros/humble/local/lib/python3.10/dist-packages'), ('LC_NUMERIC', 'zh_CN.UTF-8'), ('LC_PAPER', 'zh_CN.UTF-8'), ('COLCON', '1'), ('VTE_VERSION', '6800'), ('CMAKE_PREFIX_PATH', '/home/zxcx/new_naw/install/custom_msgs:/home/zxcx/new_naw/install/livox_ros_driver2:/home/zxcx/new_naw/install/controller:/opt/ros/humble')]), 'shell': False}
[33.210562] (relocation) StdoutLine: {'line': b'-- Install configuration: "Release"\n'}
[33.210716] (relocation) StdoutLine: {'line': b'-- Installing: /home/zxcx/new_naw/install/relocation/lib/librelocation_core.so\n'}
[33.211038] (relocation) StdoutLine: {'line': b'-- Installing: /home/zxcx/new_naw/install/relocation/lib/relocation/test_node\n'}
[33.211375] (relocation) StdoutLine: {'line': b'-- Set runtime path of "/home/zxcx/new_naw/install/relocation/lib/relocation/test_node" to ""\n'}
[33.211416] (relocation) StdoutLine: {'line': b'-- Installing: /home/zxcx/new_naw/install/relocation/lib/relocation/relocation_node\n'}
[33.213547] (relocation) StdoutLine: {'line': b'-- Set runtime path of "/home/zxcx/new_naw/install/relocation/lib/relocation/relocation_node" to ""\n'}
[33.213735] (relocation) StdoutLine: {'line': b'-- Installing: /home/zxcx/new_naw/install/relocation/include\n'}
[33.213859] (relocation) StdoutLine: {'line': b'-- Installing: /home/zxcx/new_naw/install/relocation/include/relocation\n'}
[33.213896] (relocation) StdoutLine: {'line': b'-- Installing: /home/zxcx/new_naw/install/relocation/include/relocation/kd_tree.hpp\n'}
[33.213928] (relocation) StdoutLine: {'line': b'-- Installing: /home/zxcx/new_naw/install/relocation/include/relocation/ann_kdtree.hpp\n'}
[33.213997] (relocation) StdoutLine: {'line': b'-- Installing: /home/zxcx/new_naw/install/relocation/include/relocation/iris.hpp\n'}
[33.214028] (relocation) StdoutLine: {'line': b'-- Installing: /home/zxcx/new_naw/install/relocation/include/relocation/icp.hpp\n'}
[33.214054] (relocation) StdoutLine: {'line': b'-- Installing: /home/zxcx/new_naw/install/relocation/include/relocation/location.hpp\n'}
[33.214131] (relocation) StdoutLine: {'line': b'-- Installing: /home/zxcx/new_naw/install/relocation/share/ament_index/resource_index/package_run_dependencies/relocation\n'}
[33.214260] (relocation) StdoutLine: {'line': b'-- Installing: /home/zxcx/new_naw/install/relocation/share/ament_index/resource_index/parent_prefix_path/relocation\n'}
[33.214387] (relocation) StdoutLine: {'line': b'-- Installing: /home/zxcx/new_naw/install/relocation/share/relocation/environment/ament_prefix_path.sh\n'}
[33.214480] (relocation) StdoutLine: {'line': b'-- Installing: /home/zxcx/new_naw/install/relocation/share/relocation/environment/ament_prefix_path.dsv\n'}
[33.214562] (relocation) StdoutLine: {'line': b'-- Installing: /home/zxcx/new_naw/install/relocation/share/relocation/environment/path.sh\n'}
[33.214644] (relocation) StdoutLine: {'line': b'-- Installing: /home/zxcx/new_naw/install/relocation/share/relocation/environment/path.dsv\n'}
[33.214749] (relocation) StdoutLine: {'line': b'-- Installing: /home/zxcx/new_naw/install/relocation/share/relocation/local_setup.bash\n'}
[33.214845] (relocation) StdoutLine: {'line': b'-- Installing: /home/zxcx/new_naw/install/relocation/share/relocation/local_setup.sh\n'}
[33.214935] (relocation) StdoutLine: {'line': b'-- Installing: /home/zxcx/new_naw/install/relocation/share/relocation/local_setup.zsh\n'}
[33.215028] (relocation) StdoutLine: {'line': b'-- Installing: /home/zxcx/new_naw/install/relocation/share/relocation/local_setup.dsv\n'}
[33.215116] (relocation) StdoutLine: {'line': b'-- Installing: /home/zxcx/new_naw/install/relocation/share/relocation/package.dsv\n'}
[33.215236] (relocation) StdoutLine: {'line': b'-- Installing: /home/zxcx/new_naw/install/relocation/share/ament_index/resource_index/packages/relocation\n'}
[33.215340] (relocation) StdoutLine: {'line': b'-- Installing: /home/zxcx/new_naw/install/relocation/share/relocation/cmake/relocationConfig.cmake\n'}
[33.215428] (relocation) StdoutLine: {'line': b'-- Installing: /home/zxcx/new_naw/install/relocation/share/relocation/cmake/relocationConfig-version.cmake\n'}
[33.215518] (relocation) StdoutLine: {'line': b'-- Installing: /home/zxcx/new_naw/install/relocation/share/relocation/package.xml\n'}
[33.217228] (relocation) CommandEnded: {'returncode': 0}
[33.225474] (relocation) JobEnded: {'identifier': 'relocation', 'rc': 0}
[33.262264] (-) TimerEvent: {}
[33.362444] (-) TimerEvent: {}
[33.462768] (-) TimerEvent: {}
[33.563031] (-) TimerEvent: {}
[33.663298] (-) TimerEvent: {}
[33.763551] (-) TimerEvent: {}
[33.863843] (-) TimerEvent: {}
[33.964109] (-) TimerEvent: {}
[34.064375] (-) TimerEvent: {}
[34.164624] (-) TimerEvent: {}
[34.264879] (-) TimerEvent: {}
[34.365133] (-) TimerEvent: {}
[34.465368] (-) TimerEvent: {}
[34.565600] (-) TimerEvent: {}
[34.665887] (-) TimerEvent: {}
[34.766165] (-) TimerEvent: {}
[34.866422] (-) TimerEvent: {}
[34.966685] (-) TimerEvent: {}
[35.066937] (-) TimerEvent: {}
[35.167169] (-) TimerEvent: {}
[35.267406] (-) TimerEvent: {}
[35.367645] (-) TimerEvent: {}
[35.467930] (-) TimerEvent: {}
[35.568217] (-) TimerEvent: {}
[35.668506] (-) TimerEvent: {}
[35.768806] (-) TimerEvent: {}
[35.869080] (-) TimerEvent: {}
[35.969349] (-) TimerEvent: {}
[36.069623] (-) TimerEvent: {}
[36.169898] (-) TimerEvent: {}
[36.270143] (-) TimerEvent: {}
[36.370376] (-) TimerEvent: {}
[36.470588] (-) TimerEvent: {}
[36.570815] (-) TimerEvent: {}
[36.671040] (-) TimerEvent: {}
[36.771265] (-) TimerEvent: {}
[36.871504] (-) TimerEvent: {}
[36.971744] (-) TimerEvent: {}
[37.071974] (-) TimerEvent: {}
[37.172207] (-) TimerEvent: {}
[37.272447] (-) TimerEvent: {}
[37.372685] (-) TimerEvent: {}
[37.472919] (-) TimerEvent: {}
[37.573162] (-) TimerEvent: {}
[37.673408] (-) TimerEvent: {}
[37.773656] (-) TimerEvent: {}
[37.873898] (-) TimerEvent: {}
[37.974124] (-) TimerEvent: {}
[38.074356] (-) TimerEvent: {}
[38.174588] (-) TimerEvent: {}
[38.274866] (-) TimerEvent: {}
[38.375120] (-) TimerEvent: {}
[38.475358] (-) TimerEvent: {}
[38.575597] (-) TimerEvent: {}
[38.675864] (-) TimerEvent: {}
[38.776117] (-) TimerEvent: {}
[38.876378] (-) TimerEvent: {}
[38.976626] (-) TimerEvent: {}
[39.076890] (-) TimerEvent: {}
[39.177153] (-) TimerEvent: {}
[39.277413] (-) TimerEvent: {}
[39.377699] (-) TimerEvent: {}
[39.477959] (-) TimerEvent: {}
[39.578215] (-) TimerEvent: {}
[39.678464] (-) TimerEvent: {}
[39.778727] (-) TimerEvent: {}
[39.878966] (-) TimerEvent: {}
[39.979197] (-) TimerEvent: {}
[40.079401] (-) TimerEvent: {}
[40.179654] (-) TimerEvent: {}
[40.279919] (-) TimerEvent: {}
[40.380154] (-) TimerEvent: {}
[40.495735] (-) TimerEvent: {}
[40.595964] (-) TimerEvent: {}
[40.696201] (-) TimerEvent: {}
[40.796466] (-) TimerEvent: {}
[40.896719] (-) TimerEvent: {}
[40.996985] (-) TimerEvent: {}
[41.097211] (-) TimerEvent: {}
[41.197438] (-) TimerEvent: {}
[41.297707] (-) TimerEvent: {}
[41.397973] (-) TimerEvent: {}
[41.498238] (-) TimerEvent: {}
[41.598505] (-) TimerEvent: {}
[41.698753] (-) TimerEvent: {}
[41.799025] (-) TimerEvent: {}
[41.899297] (-) TimerEvent: {}
[41.999582] (-) TimerEvent: {}
[42.099870] (-) TimerEvent: {}
[42.200138] (-) TimerEvent: {}
[42.300423] (-) TimerEvent: {}
[42.400741] (-) TimerEvent: {}
[42.501012] (-) TimerEvent: {}
[42.568271] (point_lio) StdoutLine: {'line': b'[100%] \x1b[32m\x1b[1mLinking CXX executable pointlio_mapping\x1b[0m\n'}
[42.601112] (-) TimerEvent: {}
[42.701356] (-) TimerEvent: {}
[42.801642] (-) TimerEvent: {}
[42.901940] (-) TimerEvent: {}
[43.002229] (-) TimerEvent: {}
[43.041218] (point_lio) StdoutLine: {'line': b'[100%] Built target pointlio_mapping\n'}
[43.049988] (point_lio) CommandEnded: {'returncode': 0}
[43.050469] (point_lio) JobProgress: {'identifier': 'point_lio', 'progress': 'install'}
[43.051117] (point_lio) Command: {'cmd': ['/usr/bin/cmake', '--install', '/home/zxcx/new_naw/build/point_lio'], 'cwd': '/home/zxcx/new_naw/build/point_lio', 'env': OrderedDict([('LESSOPEN', '| /usr/bin/lesspipe %s'), ('LANGUAGE', 'zh_CN:zh:en_US:en'), ('USER', 'zxcx'), ('LC_TIME', 'zh_CN.UTF-8'), ('XDG_SESSION_TYPE', 'x11'), ('SHLVL', '1'), ('LD_LIBRARY_PATH', '/home/zxcx/new_naw/install/livox_ros_driver2/lib:/home/zxcx/new_naw/install/custom_msgs/lib:/usr/lib/x86_64-linux-gnu/gazebo-11/plugins:/opt/ros/humble/opt/rviz_ogre_vendor/lib:/opt/ros/humble/lib/x86_64-linux-gnu:/opt/ros/humble/lib'), ('HOME', '/home/zxcx'), ('OLDPWD', '/home/zxcx'), ('DESKTOP_SESSION', 'ubuntu'), ('ROS_PYTHON_VERSION', '3'), ('GNOME_SHELL_SESSION_MODE', 'ubuntu'), ('GTK_MODULES', 'gail:atk-bridge'), ('LC_MONETARY', 'zh_CN.UTF-8'), ('SYSTEMD_EXEC_PID', '2718'), ('DBUS_SESSION_BUS_ADDRESS', 'unix:path=/run/user/1000/bus'), ('COLORTERM', 'truecolor'), ('IM_CONFIG_PHASE', '1'), ('COLCON_PREFIX_PATH', '/home/zxcx/new_naw/install'), ('ROS_DISTRO', 'humble'), ('GTK_IM_MODULE', 'fcitx'), ('LOGNAME', 'zxcx'), ('_', '/usr/bin/colcon'), ('ROS_VERSION', '2'), ('XDG_SESSION_CLASS', 'user'), ('USERNAME', 'zxcx'), ('TERM', 'xterm-256color'), ('GNOME_DESKTOP_SESSION_ID', 'this-is-deprecated'), ('ROS_LOCALHOST_ONLY', '0'), ('WINDOWPATH', '2'), ('PATH', '/opt/ros/humble/bin:/usr/local/sbin:/usr/local/bin:/usr/sbin:/usr/bin:/sbin:/bin:/usr/games:/usr/local/games:/snap/bin:/snap/bin'), ('SESSION_MANAGER', 'local/zxcx0219:@/tmp/.ICE-unix/2481,unix/zxcx0219:/tmp/.ICE-unix/2481'), ('XDG_MENU_PREFIX', 'gnome-'), ('LC_ADDRESS', 'zh_CN.UTF-8'), ('GNOME_TERMINAL_SCREEN', '/org/gnome/Terminal/screen/bf679257_c193_4163_8cbb_24a3c4f52a94'), ('XDG_RUNTIME_DIR', '/run/user/1000'), ('DISPLAY', ':1'), ('LANG', 'zh_CN.UTF-8'), ('XDG_CURRENT_DESKTOP', 'ubuntu:GNOME'), ('LC_TELEPHONE', 'zh_CN.UTF-8'), ('XMODIFIERS', '@im=fcitx'), ('XDG_SESSION_DESKTOP', 'ubuntu'), ('XAUTHORITY', '/run/user/1000/gdm/Xauthority'), ('LS_COLORS', 'rs=0:di=01;34:ln=01;36:mh=00:pi=40;33:so=01;35:do=01;35:bd=40;33;01:cd=40;33;01:or=40;31;01:mi=00:su=37;41:sg=30;43:ca=30;41:tw=30;42:ow=34;42:st=37;44:ex=01;32:*.tar=01;31:*.tgz=01;31:*.arc=01;31:*.arj=01;31:*.taz=01;31:*.lha=01;31:*.lz4=01;31:*.lzh=01;31:*.lzma=01;31:*.tlz=01;31:*.txz=01;31:*.tzo=01;31:*.t7z=01;31:*.zip=01;31:*.z=01;31:*.dz=01;31:*.gz=01;31:*.lrz=01;31:*.lz=01;31:*.lzo=01;31:*.xz=01;31:*.zst=01;31:*.tzst=01;31:*.bz2=01;31:*.bz=01;31:*.tbz=01;31:*.tbz2=01;31:*.tz=01;31:*.deb=01;31:*.rpm=01;31:*.jar=01;31:*.war=01;31:*.ear=01;31:*.sar=01;31:*.rar=01;31:*.alz=01;31:*.ace=01;31:*.zoo=01;31:*.cpio=01;31:*.7z=01;31:*.rz=01;31:*.cab=01;31:*.wim=01;31:*.swm=01;31:*.dwm=01;31:*.esd=01;31:*.jpg=01;35:*.jpeg=01;35:*.mjpg=01;35:*.mjpeg=01;35:*.gif=01;35:*.bmp=01;35:*.pbm=01;35:*.pgm=01;35:*.ppm=01;35:*.tga=01;35:*.xbm=01;35:*.xpm=01;35:*.tif=01;35:*.tiff=01;35:*.png=01;35:*.svg=01;35:*.svgz=01;35:*.mng=01;35:*.pcx=01;35:*.mov=01;35:*.mpg=01;35:*.mpeg=01;35:*.m2v=01;35:*.mkv=01;35:*.webm=01;35:*.webp=01;35:*.ogm=01;35:*.mp4=01;35:*.m4v=01;35:*.mp4v=01;35:*.vob=01;35:*.qt=01;35:*.nuv=01;35:*.wmv=01;35:*.asf=01;35:*.rm=01;35:*.rmvb=01;35:*.flc=01;35:*.avi=01;35:*.fli=01;35:*.flv=01;35:*.gl=01;35:*.dl=01;35:*.xcf=01;35:*.xwd=01;35:*.yuv=01;35:*.cgm=01;35:*.emf=01;35:*.ogv=01;35:*.ogx=01;35:*.aac=00;36:*.au=00;36:*.flac=00;36:*.m4a=00;36:*.mid=00;36:*.midi=00;36:*.mka=00;36:*.mp3=00;36:*.mpc=00;36:*.ogg=00;36:*.ra=00;36:*.wav=00;36:*.oga=00;36:*.opus=00;36:*.spx=00;36:*.xspf=00;36:'), ('GNOME_TERMINAL_SERVICE', ':1.113'), ('SSH_AGENT_LAUNCHER', 'gnome-keyring'), ('SSH_AUTH_SOCK', '/run/user/1000/keyring/ssh'), ('AMENT_PREFIX_PATH', '/home/zxcx/new_naw/install/livox_ros_driver2:/home/zxcx/new_naw/install/custom_msgs:/home/zxcx/new_naw/install/controller:/opt/ros/humble'), ('SHELL', '/bin/bash'), ('LC_NAME', 'zh_CN.UTF-8'), ('QT_ACCESSIBILITY', '1'), ('GDMSESSION', 'ubuntu'), ('LESSCLOSE', '/usr/bin/lesspipe %s %s'), ('LC_MEASUREMENT', 'zh_CN.UTF-8'), ('GPG_AGENT_INFO', '/run/user/1000/gnupg/S.gpg-agent:0:1'), ('LC_IDENTIFICATION', 'zh_CN.UTF-8'), ('QT_IM_MODULE', 'fcitx'), ('PWD', '/home/zxcx/new_naw/build/point_lio'), ('XDG_CONFIG_DIRS', '/etc/xdg/xdg-ubuntu:/etc/xdg'), ('CLUTTER_IM_MODULE', 'fcitx'), ('XDG_DATA_DIRS', '/usr/share/ubuntu:/usr/share/gnome:/usr/local/share/:/usr/share/:/var/lib/snapd/desktop'), ('PYTHONPATH', '/home/zxcx/new_naw/install/livox_ros_driver2/local/lib/python3.10/dist-packages:/home/zxcx/new_naw/install/custom_msgs/local/lib/python3.10/dist-packages:/opt/ros/humble/lib/python3.10/site-packages:/opt/ros/humble/local/lib/python3.10/dist-packages'), ('LC_NUMERIC', 'zh_CN.UTF-8'), ('LC_PAPER', 'zh_CN.UTF-8'), ('COLCON', '1'), ('VTE_VERSION', '6800'), ('CMAKE_PREFIX_PATH', '/home/zxcx/new_naw/install/livox_ros_driver2:/home/zxcx/new_naw/install/custom_msgs:/home/zxcx/new_naw/install/controller:/opt/ros/humble')]), 'shell': False}
[43.055516] (point_lio) StdoutLine: {'line': b'-- Install configuration: "Release"\n'}
[43.055637] (point_lio) StdoutLine: {'line': b'-- Installing: /home/zxcx/new_naw/install/point_lio/lib/point_lio/pointlio_mapping\n'}
[43.057553] (point_lio) StdoutLine: {'line': b'-- Set runtime path of "/home/zxcx/new_naw/install/point_lio/lib/point_lio/pointlio_mapping" to ""\n'}
[43.057595] (point_lio) StdoutLine: {'line': b'-- Installing: /home/zxcx/new_naw/install/point_lio/share/point_lio/config\n'}
[43.057652] (point_lio) StdoutLine: {'line': b'-- Installing: /home/zxcx/new_naw/install/point_lio/share/point_lio/config/avia.yaml\n'}
[43.057728] (point_lio) StdoutLine: {'line': b'-- Installing: /home/zxcx/new_naw/install/point_lio/share/point_lio/config/mid360.yaml\n'}
[43.057792] (point_lio) StdoutLine: {'line': b'-- Installing: /home/zxcx/new_naw/install/point_lio/share/point_lio/config/horizon.yaml\n'}
[43.057870] (point_lio) StdoutLine: {'line': b'-- Installing: /home/zxcx/new_naw/install/point_lio/share/point_lio/config/ouster64.yaml\n'}
[43.057937] (point_lio) StdoutLine: {'line': b'-- Installing: /home/zxcx/new_naw/install/point_lio/share/point_lio/config/velody16.yaml\n'}
[43.058012] (point_lio) StdoutLine: {'line': b'-- Installing: /home/zxcx/new_naw/install/point_lio/share/point_lio/launch\n'}
[43.058074] (point_lio) StdoutLine: {'line': b'-- Installing: /home/zxcx/new_naw/install/point_lio/share/point_lio/launch/point_lio.launch.py\n'}
[43.058127] (point_lio) StdoutLine: {'line': b'-- Installing: /home/zxcx/new_naw/install/point_lio/share/point_lio/launch/__pycache__\n'}
[43.058190] (point_lio) StdoutLine: {'line': b'-- Installing: /home/zxcx/new_naw/install/point_lio/share/point_lio/launch/__pycache__/point_lio.launch.cpython-310.pyc\n'}
[43.058246] (point_lio) StdoutLine: {'line': b'-- Installing: /home/zxcx/new_naw/install/point_lio/share/point_lio/rviz_cfg\n'}
[43.058307] (point_lio) StdoutLine: {'line': b'-- Installing: /home/zxcx/new_naw/install/point_lio/share/point_lio/rviz_cfg/loam_livox.rviz\n'}
[43.058372] (point_lio) StdoutLine: {'line': b'-- Installing: /home/zxcx/new_naw/install/point_lio/share/point_lio/rviz_cfg/.gitignore\n'}
[43.058526] (point_lio) StdoutLine: {'line': b'-- Installing: /home/zxcx/new_naw/install/point_lio/share/ament_index/resource_index/package_run_dependencies/point_lio\n'}
[43.058665] (point_lio) StdoutLine: {'line': b'-- Installing: /home/zxcx/new_naw/install/point_lio/share/ament_index/resource_index/parent_prefix_path/point_lio\n'}
[43.058810] (point_lio) StdoutLine: {'line': b'-- Installing: /home/zxcx/new_naw/install/point_lio/share/point_lio/environment/ament_prefix_path.sh\n'}
[43.058900] (point_lio) StdoutLine: {'line': b'-- Installing: /home/zxcx/new_naw/install/point_lio/share/point_lio/environment/ament_prefix_path.dsv\n'}
[43.058986] (point_lio) StdoutLine: {'line': b'-- Installing: /home/zxcx/new_naw/install/point_lio/share/point_lio/environment/path.sh\n'}
[43.059069] (point_lio) StdoutLine: {'line': b'-- Installing: /home/zxcx/new_naw/install/point_lio/share/point_lio/environment/path.dsv\n'}
[43.059151] (point_lio) StdoutLine: {'line': b'-- Installing: /home/zxcx/new_naw/install/point_lio/share/point_lio/local_setup.bash\n'}
[43.059242] (point_lio) StdoutLine: {'line': b'-- Installing: /home/zxcx/new_naw/install/point_lio/share/point_lio/local_setup.sh\n'}
[43.059325] (point_lio) StdoutLine: {'line': b'-- Installing: /home/zxcx/new_naw/install/point_lio/share/point_lio/local_setup.zsh\n'}
[43.059404] (point_lio) StdoutLine: {'line': b'-- Installing: /home/zxcx/new_naw/install/point_lio/share/point_lio/local_setup.dsv\n'}
[43.059489] (point_lio) StdoutLine: {'line': b'-- Installing: /home/zxcx/new_naw/install/point_lio/share/point_lio/package.dsv\n'}
[43.059603] (point_lio) StdoutLine: {'line': b'-- Installing: /home/zxcx/new_naw/install/point_lio/share/ament_index/resource_index/packages/point_lio\n'}
[43.059716] (point_lio) StdoutLine: {'line': b'-- Installing: /home/zxcx/new_naw/install/point_lio/share/point_lio/cmake/ament_cmake_export_dependencies-extras.cmake\n'}
[43.059804] (point_lio) StdoutLine: {'line': b'-- Installing: /home/zxcx/new_naw/install/point_lio/share/point_lio/cmake/point_lioConfig.cmake\n'}
[43.059880] (point_lio) StdoutLine: {'line': b'-- Installing: /home/zxcx/new_naw/install/point_lio/share/point_lio/cmake/point_lioConfig-version.cmake\n'}
[43.059963] (point_lio) StdoutLine: {'line': b'-- Installing: /home/zxcx/new_naw/install/point_lio/share/point_lio/package.xml\n'}
[43.061271] (point_lio) CommandEnded: {'returncode': 0}
[43.067867] (point_lio) JobEnded: {'identifier': 'point_lio', 'rc': 0}
[43.068229] (-) EventReactorShutdown: {}
